사고ID,데이터구분,연도,사고일자,월,요일,학년,학년급,사고시간_정리,발생시각,사고장소_정리,사고당시활동_정리,사고형태_정리
SAMPLE-00001,합성 예시 데이터,2021,2021-06-16,6,수요일,4,고학년,방과후,16:11,강당·체육관,구기·라켓스포츠,물체에 맞음
SAMPLE-00002,합성 예시 데이터,2025,2025-08-06,8,수요일,6,고학년,1교시,09:01,교실·학습공간,놀이·휴식,넘어짐
SAMPLE-00003,합성 예시 데이터,2025,2025-07-11,7,금요일,4,고학년,점심시간,12:36,교실·학습공간,이동·보행,부딪힘·충돌
SAMPLE-00004,합성 예시 데이터,2024,2024-12-06,12,금요일,5,고학년,하교,17:24,교문·외부동선,교통·탑승,넘어짐
SAMPLE-00005,합성 예시 데이터,2023,2023-09-01,9,금요일,2,저학년,등교 전,07:55,계단·복도,놀이·휴식,기타
SAMPLE-00006,합성 예시 데이터,2025,2025-07-11,7,금요일,4,고학년,방과후,16:25,강당·체육관,이동·보행,넘어짐
SAMPLE-00007,합성 예시 데이터,2024,2024-10-17,10,목요일,6,고학년,방과후,14:33,운동장,구기·라켓스포츠,넘어짐
SAMPLE-00008,합성 예시 데이터,2025,2025-05-19,5,월요일,4,고학년,2교시,09:50,교실·학습공간,놀이·휴식,넘어짐
SAMPLE-00009,합성 예시 데이터,2023,2023-04-24,4,월요일,5,고학년,4교시,11:54,강당·체육관,이동·보행,부딪힘·충돌
SAMPLE-00010,합성 예시 데이터,2022,2022-05-02,5,월요일,5,고학년,5교시,13:31,강당·체육관,구기·라켓스포츠,부딪힘·충돌
SAMPLE-00011,합성 예시 데이터,2021,2021-06-09,6,수요일,4,고학년,점심시간,12:51,계단·복도,이동·보행,넘어짐
SAMPLE-00012,합성 예시 데이터,2023,2023-11-20,11,월요일,5,고학년,쉬는시간,10:50,화장실·위생공간,식사·위생,넘어짐
SAMPLE-00013,합성 예시 데이터,2023,2023-05-30,5,화요일,1,저학년,점심시간,12:30,급식·위생공간,식사·위생,넘어짐
SAMPLE-00014,합성 예시 데이터,2023,2023-09-25,9,월요일,2,저학년,3교시,11:14,교실·학습공간,수업·실습,넘어짐
SAMPLE-00015,합성 예시 데이터,2022,2022-12-14,12,수요일,2,저학년,6교시,14:07,강당·체육관,구기·라켓스포츠,넘어짐
SAMPLE-00016,합성 예시 데이터,2021,2021-11-15,11,월요일,3,고학년,1교시,09:20,교실·학습공간,이동·보행,부딪힘·충돌
SAMPLE-00017,합성 예시 데이터,2022,2022-06-29,6,수요일,1,저학년,방과후,14:35,교실·학습공간,수업·실습,부딪힘·충돌
SAMPLE-00018,합성 예시 데이터,2025,2025-11-12,11,수요일,3,고학년,쉬는시간,11:48,운동장,구기·라켓스포츠,물체에 맞음
SAMPLE-00019,합성 예시 데이터,2024,2024-09-30,9,월요일,3,고학년,쉬는시간,12:23,계단·복도,기타,기타
SAMPLE-00020,합성 예시 데이터,2021,2021-08-02,8,월요일,6,고학년,2교시,09:51,교실·학습공간,놀이·휴식,부딪힘·충돌
SAMPLE-00021,합성 예시 데이터,2025,2025-05-15,5,목요일,5,고학년,3교시,10:54,교실·학습공간,놀이·휴식,부딪힘·충돌
SAMPLE-00022,합성 예시 데이터,2022,2022-08-10,8,수요일,6,고학년,방과후,14:44,운동장,기타 체육,기타
SAMPLE-00023,합성 예시 데이터,2023,2023-07-20,7,목요일,6,고학년,방과후,15:57,계단·복도,놀이·휴식,부딪힘·충돌
SAMPLE-00024,합성 예시 데이터,2025,2025-03-20,3,목요일,6,고학년,점심시간,12:50,급식·위생공간,식사·위생,화상
SAMPLE-00025,합성 예시 데이터,2022,2022-12-19,12,월요일,5,고학년,방과후,14:41,운동장,놀이·휴식,부딪힘·충돌
SAMPLE-00026,합성 예시 데이터,2023,2023-05-08,5,월요일,5,고학년,5교시,13:24,교실·학습공간,놀이·휴식,넘어짐
SAMPLE-00027,합성 예시 데이터,2023,2023-09-08,9,금요일,3,고학년,방과후,14:46,계단·복도,기타,넘어짐
SAMPLE-00028,합성 예시 데이터,2021,2021-10-20,10,수요일,6,고학년,방과후,16:59,교실·학습공간,수업·실습,물체에 맞음
SAMPLE-00029,합성 예시 데이터,2025,2025-11-20,11,목요일,2,저학년,3교시,10:53,강당·체육관,기타 체육,넘어짐
SAMPLE-00030,합성 예시 데이터,2023,2023-03-07,3,화요일,2,저학년,쉬는시간,09:59,계단·복도,이동·보행,미끄러짐
SAMPLE-00031,합성 예시 데이터,2022,2022-12-01,12,목요일,5,고학년,5교시,13:49,강당·체육관,구기·라켓스포츠,물체에 맞음
SAMPLE-00032,합성 예시 데이터,2022,2022-03-23,3,수요일,4,고학년,3교시,10:51,교실·학습공간,놀이·휴식,부딪힘·충돌
SAMPLE-00033,합성 예시 데이터,2023,2023-09-05,9,화요일,5,고학년,점심시간,12:27,계단·복도,이동·보행,넘어짐
SAMPLE-00034,합성 예시 데이터,2025,2025-08-14,8,목요일,6,고학년,쉬는시간,13:50,교실·학습공간,놀이·휴식,미끄러짐
SAMPLE-00035,합성 예시 데이터,2025,2025-11-25,11,화요일,2,저학년,하교,14:32,운동장,기타 체육,부딪힘·충돌
SAMPLE-00036,합성 예시 데이터,2025,2025-05-07,5,수요일,4,고학년,방과후,17:18,강당·체육관,이동·보행,넘어짐
SAMPLE-00037,합성 예시 데이터,2022,2022-10-28,10,금요일,3,고학년,2교시,09:50,계단·복도,놀이·휴식,넘어짐
SAMPLE-00038,합성 예시 데이터,2025,2025-06-16,6,월요일,3,고학년,5교시,13:19,운동장,구기·라켓스포츠,넘어짐
SAMPLE-00039,합성 예시 데이터,2024,2024-12-06,12,금요일,1,저학년,쉬는시간,10:54,계단·복도,이동·보행,부딪힘·충돌
SAMPLE-00040,합성 예시 데이터,2023,2023-03-22,3,수요일,1,저학년,방과후,14:47,교실·학습공간,놀이·휴식,넘어짐
SAMPLE-00041,합성 예시 데이터,2025,2025-04-17,4,목요일,6,고학년,6교시,14:00,교실·학습공간,수업·실습,부딪힘·충돌
SAMPLE-00042,합성 예시 데이터,2021,2021-03-22,3,월요일,4,고학년,하교,16:05,운동장,놀이·휴식,넘어짐
SAMPLE-00043,합성 예시 데이터,2021,2021-05-11,5,화요일,4,고학년,5교시,13:18,강당·체육관,구기·라켓스포츠,넘어짐
SAMPLE-00044,합성 예시 데이터,2023,2023-04-24,4,월요일,5,고학년,6교시,14:16,강당·체육관,이동·보행,넘어짐
SAMPLE-00045,합성 예시 데이터,2022,2022-12-07,12,수요일,5,고학년,방과후,14:39,강당·체육관,구기·라켓스포츠,기타
SAMPLE-00046,합성 예시 데이터,2023,2023-11-02,11,목요일,6,고학년,1교시,09:03,계단·복도,놀이·휴식,넘어짐
SAMPLE-00047,합성 예시 데이터,2022,2022-11-09,11,수요일,5,고학년,4교시,11:33,계단·복도,놀이·휴식,넘어짐
SAMPLE-00048,합성 예시 데이터,2021,2021-07-21,7,수요일,3,고학년,5교시,13:41,강당·체육관,구기·라켓스포츠,부딪힘·충돌
SAMPLE-00049,합성 예시 데이터,2021,2021-08-13,8,금요일,5,고학년,6교시,14:01,강당·체육관,구기·라켓스포츠,넘어짐
SAMPLE-00050,합성 예시 데이터,2023,2023-05-31,5,수요일,6,고학년,점심시간,12:29,계단·복도,이동·보행,넘어짐
SAMPLE-00051,합성 예시 데이터,2022,2022-10-31,10,월요일,3,고학년,쉬는시간,10:37,운동장,구기·라켓스포츠,기타
SAMPLE-00052,합성 예시 데이터,2021,2021-04-19,4,월요일,6,고학년,6교시,14:04,계단·복도,이동·보행,미끄러짐
SAMPLE-00053,합성 예시 데이터,2022,2022-05-26,5,목요일,5,고학년,방과후,14:56,강당·체육관,기타 체육,부딪힘·충돌
SAMPLE-00054,합성 예시 데이터,2024,2024-09-19,9,목요일,5,고학년,점심시간,12:23,운동장,기타 체육,넘어짐
SAMPLE-00055,합성 예시 데이터,2025,2025-10-07,10,화요일,5,고학년,방과후,16:58,강당·체육관,구기·라켓스포츠,부딪힘·충돌
SAMPLE-00056,합성 예시 데이터,2024,2024-07-25,7,목요일,4,고학년,쉬는시간,13:59,교실·학습공간,놀이·휴식,미끄러짐
SAMPLE-00057,합성 예시 데이터,2021,2021-06-29,6,화요일,4,고학년,방과후,15:25,운동장,이동·보행,넘어짐
SAMPLE-00058,합성 예시 데이터,2025,2025-08-25,8,월요일,3,고학년,1교시,09:40,교실·학습공간,수업·실습,부딪힘·충돌
SAMPLE-00059,합성 예시 데이터,2022,2022-12-09,12,금요일,1,저학년,쉬는시간,13:48,운동장,기타 체육,부딪힘·충돌
SAMPLE-00060,합성 예시 데이터,2022,2022-03-11,3,금요일,3,고학년,방과후,16:28,계단·복도,이동·보행,추락
SAMPLE-00061,합성 예시 데이터,2023,2023-11-24,11,금요일,5,고학년,점심시간,12:25,계단·복도,이동·보행,부딪힘·충돌
SAMPLE-00062,합성 예시 데이터,2024,2024-11-26,11,화요일,5,고학년,쉬는시간,13:14,운동장,놀이·휴식,넘어짐
SAMPLE-00063,합성 예시 데이터,2023,2023-07-14,7,금요일,3,고학년,4교시,11:49,운동장,놀이·휴식,부딪힘·충돌
SAMPLE-00064,합성 예시 데이터,2022,2022-07-07,7,목요일,4,고학년,쉬는시간,13:45,화장실·위생공간,식사·위생,미끄러짐
SAMPLE-00065,합성 예시 데이터,2024,2024-07-10,7,수요일,4,고학년,1교시,09:00,운동장,기타 체육,부딪힘·충돌
SAMPLE-00066,합성 예시 데이터,2021,2021-10-01,10,금요일,3,고학년,6교시,14:04,강당·체육관,기타 체육,부딪힘·충돌
SAMPLE-00067,합성 예시 데이터,2025,2025-05-21,5,수요일,1,저학년,쉬는시간,12:11,교실·학습공간,수업·실습,기타
SAMPLE-00068,합성 예시 데이터,2023,2023-12-01,12,금요일,1,저학년,점심시간,12:45,교실·학습공간,수업·실습,부딪힘·충돌
SAMPLE-00069,합성 예시 데이터,2022,2022-06-06,6,월요일,5,고학년,3교시,10:52,강당·체육관,기타 체육,부딪힘·충돌
SAMPLE-00070,합성 예시 데이터,2025,2025-09-18,9,목요일,4,고학년,점심시간,12:55,운동장,기타 체육,기타
SAMPLE-00071,합성 예시 데이터,2024,2024-10-09,10,수요일,3,고학년,4교시,11:35,교실·학습공간,이동·보행,추락
SAMPLE-00072,합성 예시 데이터,2025,2025-11-06,11,목요일,2,저학년,점심시간,12:54,급식·위생공간,놀이·휴식,미끄러짐
SAMPLE-00073,합성 예시 데이터,2023,2023-04-11,4,화요일,4,고학년,쉬는시간,09:50,교실·학습공간,수업·실습,기타
SAMPLE-00074,합성 예시 데이터,2023,2023-08-02,8,수요일,6,고학년,2교시,10:01,계단·복도,놀이·휴식,기타
SAMPLE-00075,합성 예시 데이터,2023,2023-05-30,5,화요일,1,저학년,점심시간,12:24,급식·위생공간,식사·위생,넘어짐
SAMPLE-00076,합성 예시 데이터,2023,2023-05-01,5,월요일,6,고학년,4교시,11:47,계단·복도,놀이·휴식,넘어짐
SAMPLE-00077,합성 예시 데이터,2022,2022-07-19,7,화요일,4,고학년,4교시,12:00,강당·체육관,구기·라켓스포츠,넘어짐
SAMPLE-00078,합성 예시 데이터,2025,2025-05-07,5,수요일,1,저학년,4교시,11:31,교실·학습공간,수업·실습,넘어짐
SAMPLE-00079,합성 예시 데이터,2023,2023-09-21,9,목요일,1,저학년,쉬는시간,10:19,교실·학습공간,이동·보행,넘어짐
SAMPLE-00080,합성 예시 데이터,2021,2021-06-09,6,수요일,1,저학년,하교,17:13,계단·복도,이동·보행,미끄러짐
SAMPLE-00081,합성 예시 데이터,2025,2025-10-29,10,수요일,2,저학년,방과후,14:35,강당·체육관,이동·보행,미끄러짐
SAMPLE-00082,합성 예시 데이터,2022,2022-11-07,11,월요일,5,고학년,6교시,13:53,강당·체육관,기타 체육,기타
SAMPLE-00083,합성 예시 데이터,2021,2021-08-10,8,화요일,3,고학년,방과후,16:58,강당·체육관,기타 체육,추락
SAMPLE-00084,합성 예시 데이터,2021,2021-11-26,11,금요일,1,저학년,방과후,15:04,계단·복도,놀이·휴식,넘어짐
SAMPLE-00085,합성 예시 데이터,2022,2022-03-23,3,수요일,3,고학년,하교,15:37,교실·학습공간,수업·실습,기타
SAMPLE-00086,합성 예시 데이터,2024,2024-05-13,5,월요일,4,고학년,2교시,10:11,교실·학습공간,이동·보행,넘어짐
SAMPLE-00087,합성 예시 데이터,2024,2024-04-18,4,목요일,2,저학년,5교시,13:44,운동장,구기·라켓스포츠,물체에 맞음
SAMPLE-00088,합성 예시 데이터,2021,2021-06-22,6,화요일,4,고학년,1교시,09:08,교실·학습공간,수업·실습,부딪힘·충돌
SAMPLE-00089,합성 예시 데이터,2021,2021-10-29,10,금요일,2,저학년,점심시간,12:14,급식·위생공간,이동·보행,부딪힘·충돌
SAMPLE-00090,합성 예시 데이터,2025,2025-09-25,9,목요일,2,저학년,1교시,09:34,교실·학습공간,수업·실습,넘어짐
SAMPLE-00091,합성 예시 데이터,2021,2021-04-29,4,목요일,2,저학년,등교 전,08:35,계단·복도,이동·보행,넘어짐
SAMPLE-00092,합성 예시 데이터,2021,2021-04-28,4,수요일,2,저학년,쉬는시간,10:46,계단·복도,이동·보행,부딪힘·충돌
SAMPLE-00093,합성 예시 데이터,2025,2025-03-24,3,월요일,5,고학년,쉬는시간,12:08,화장실·위생공간,이동·보행,미끄러짐
SAMPLE-00094,합성 예시 데이터,2023,2023-03-21,3,화요일,5,고학년,3교시,10:57,교실·학습공간,수업·실습,부딪힘·충돌
SAMPLE-00095,합성 예시 데이터,2022,2022-07-14,7,목요일,5,고학년,점심시간,12:54,급식·위생공간,식사·위생,기타
SAMPLE-00096,합성 예시 데이터,2025,2025-09-22,9,월요일,5,고학년,6교시,14:08,강당·체육관,구기·라켓스포츠,물체에 맞음
SAMPLE-00097,합성 예시 데이터,2025,2025-09-16,9,화요일,1,저학년,3교시,11:23,교실·학습공간,놀이·휴식,미끄러짐
SAMPLE-00098,합성 예시 데이터,2023,2023-07-06,7,목요일,1,저학년,6교시,14:26,강당·체육관,구기·라켓스포츠,부딪힘·충돌
SAMPLE-00099,합성 예시 데이터,2024,2024-12-17,12,화요일,6,고학년,점심시간,12:43,교실·학습공간,이동·보행,미끄러짐
SAMPLE-00100,합성 예시 데이터,2024,2024-11-11,11,월요일,5,고학년,등교 전,08:36,교실·학습공간,이동·보행,미끄러짐
SAMPLE-00101,합성 예시 데이터,2022,2022-07-25,7,월요일,2,저학년,5교시,13:05,강당·체육관,구기·라켓스포츠,넘어짐
SAMPLE-00102,합성 예시 데이터,2025,2025-09-30,9,화요일,6,고학년,쉬는시간,11:00,교실·학습공간,놀이·휴식,부딪힘·충돌
SAMPLE-00103,합성 예시 데이터,2022,2022-05-16,5,월요일,5,고학년,6교시,14:29,운동장,기타 체육,넘어짐
SAMPLE-00104,합성 예시 데이터,2023,2023-05-17,5,수요일,3,고학년,3교시,11:07,교실·학습공간,놀이·휴식,넘어짐
SAMPLE-00105,합성 예시 데이터,2022,2022-12-19,12,월요일,6,고학년,점심시간,12:37,계단·복도,놀이·휴식,부딪힘·충돌
SAMPLE-00106,합성 예시 데이터,2024,2024-10-02,10,수요일,1,저학년,4교시,11:34,강당·체육관,구기·라켓스포츠,부딪힘·충돌
SAMPLE-00107,합성 예시 데이터,2024,2024-07-05,7,금요일,6,고학년,쉬는시간,10:48,화장실·위생공간,놀이·휴식,넘어짐
SAMPLE-00108,합성 예시 데이터,2025,2025-07-24,7,목요일,1,저학년,쉬는시간,12:29,계단·복도,이동·보행,넘어짐
SAMPLE-00109,합성 예시 데이터,2024,2024-07-16,7,화요일,2,저학년,6교시,14:19,강당·체육관,구기·라켓스포츠,기타
SAMPLE-00110,합성 예시 데이터,2022,2022-06-01,6,수요일,2,저학년,1교시,09:34,교실·학습공간,수업·실습,기타
SAMPLE-00111,합성 예시 데이터,2025,2025-09-02,9,화요일,3,고학년,1교시,09:01,교실·학습공간,수업·실습,넘어짐
SAMPLE-00112,합성 예시 데이터,2024,2024-10-14,10,월요일,4,고학년,점심시간,12:34,급식·위생공간,식사·위생,넘어짐
SAMPLE-00113,합성 예시 데이터,2024,2024-10-07,10,월요일,5,고학년,등교 전,07:38,교문·외부동선,놀이·휴식,넘어짐
SAMPLE-00114,합성 예시 데이터,2022,2022-09-23,9,금요일,6,고학년,6교시,13:57,강당·체육관,이동·보행,넘어짐
SAMPLE-00115,합성 예시 데이터,2022,2022-03-07,3,월요일,3,고학년,5교시,13:11,계단·복도,이동·보행,넘어짐
SAMPLE-00116,합성 예시 데이터,2022,2022-11-17,11,목요일,4,고학년,쉬는시간,11:49,화장실·위생공간,식사·위생,넘어짐
SAMPLE-00117,합성 예시 데이터,2023,2023-09-01,9,금요일,3,고학년,쉬는시간,12:09,계단·복도,이동·보행,미끄러짐
SAMPLE-00118,합성 예시 데이터,2024,2024-11-21,11,목요일,6,고학년,쉬는시간,13:33,교실·학습공간,놀이·휴식,미끄러짐
SAMPLE-00119,합성 예시 데이터,2023,2023-10-20,10,금요일,2,저학년,2교시,10:11,교실·학습공간,수업·실습,부딪힘·충돌
SAMPLE-00120,합성 예시 데이터,2023,2023-06-06,6,화요일,6,고학년,점심시간,12:18,계단·복도,이동·보행,넘어짐
SAMPLE-00121,합성 예시 데이터,2024,2024-11-19,11,화요일,6,고학년,점심시간,12:38,급식·위생공간,식사·위생,미끄러짐
SAMPLE-00122,합성 예시 데이터,2025,2025-11-05,11,수요일,6,고학년,점심시간,12:40,계단·복도,이동·보행,넘어짐
SAMPLE-00123,합성 예시 데이터,2025,2025-06-17,6,화요일,1,저학년,1교시,09:12,운동장,구기·라켓스포츠,물체에 맞음
SAMPLE-00124,합성 예시 데이터,2025,2025-07-23,7,수요일,2,저학년,쉬는시간,12:09,운동장,이동·보행,부딪힘·충돌
SAMPLE-00125,합성 예시 데이터,2023,2023-06-01,6,목요일,2,저학년,1교시,09:25,교실·학습공간,놀이·휴식,넘어짐
SAMPLE-00126,합성 예시 데이터,2022,2022-09-01,9,목요일,6,고학년,1교시,09:09,교실·학습공간,수업·실습,기타
SAMPLE-00127,합성 예시 데이터,2023,2023-08-07,8,월요일,3,고학년,쉬는시간,12:57,교실·학습공간,수업·실습,기타
SAMPLE-00128,합성 예시 데이터,2024,2024-07-16,7,화요일,2,저학년,5교시,13:19,계단·복도,이동·보행,부딪힘·충돌
SAMPLE-00129,합성 예시 데이터,2025,2025-10-24,10,금요일,5,고학년,6교시,13:52,교실·학습공간,놀이·휴식,넘어짐
SAMPLE-00130,합성 예시 데이터,2024,2024-03-04,3,월요일,3,고학년,4교시,11:50,강당·체육관,이동·보행,미끄러짐
SAMPLE-00131,합성 예시 데이터,2024,2024-08-22,8,목요일,1,저학년,쉬는시간,11:42,계단·복도,놀이·휴식,부딪힘·충돌
SAMPLE-00132,합성 예시 데이터,2022,2022-09-13,9,화요일,3,고학년,1교시,09:10,운동장,구기·라켓스포츠,물체에 맞음
SAMPLE-00133,합성 예시 데이터,2025,2025-09-24,9,수요일,3,고학년,하교,14:22,교문·외부동선,이동·보행,넘어짐
SAMPLE-00134,합성 예시 데이터,2025,2025-03-11,3,화요일,1,저학년,방과후,16:03,운동장,기타 체육,부딪힘·충돌
SAMPLE-00135,합성 예시 데이터,2025,2025-10-15,10,수요일,5,고학년,6교시,14:20,교실·학습공간,수업·실습,부딪힘·충돌
SAMPLE-00136,합성 예시 데이터,2023,2023-11-17,11,금요일,6,고학년,1교시,09:15,교실·학습공간,수업·실습,넘어짐
SAMPLE-00137,합성 예시 데이터,2023,2023-12-06,12,수요일,3,고학년,1교시,09:15,계단·복도,놀이·휴식,넘어짐
SAMPLE-00138,합성 예시 데이터,2022,2022-06-29,6,수요일,2,저학년,3교시,10:53,강당·체육관,구기·라켓스포츠,넘어짐
SAMPLE-00139,합성 예시 데이터,2022,2022-09-29,9,목요일,1,저학년,쉬는시간,13:58,교실·학습공간,수업·실습,부딪힘·충돌
SAMPLE-00140,합성 예시 데이터,2024,2024-12-06,12,금요일,5,고학년,쉬는시간,09:55,계단·복도,이동·보행,부딪힘·충돌
SAMPLE-00141,합성 예시 데이터,2022,2022-05-16,5,월요일,3,고학년,4교시,11:52,운동장,기타 체육,추락
SAMPLE-00142,합성 예시 데이터,2023,2023-04-14,4,금요일,2,저학년,점심시간,12:56,급식·위생공간,이동·보행,부딪힘·충돌
SAMPLE-00143,합성 예시 데이터,2024,2024-07-31,7,수요일,5,고학년,방과후,15:56,강당·체육관,구기·라켓스포츠,넘어짐
SAMPLE-00144,합성 예시 데이터,2023,2023-04-13,4,목요일,5,고학년,방과후,16:57,강당·체육관,구기·라켓스포츠,부딪힘·충돌
SAMPLE-00145,합성 예시 데이터,2022,2022-11-18,11,금요일,4,고학년,3교시,11:08,교실·학습공간,이동·보행,넘어짐
SAMPLE-00146,합성 예시 데이터,2024,2024-11-28,11,목요일,4,고학년,쉬는시간,13:47,교실·학습공간,이동·보행,미끄러짐
SAMPLE-00147,합성 예시 데이터,2021,2021-11-29,11,월요일,6,고학년,6교시,14:21,운동장,구기·라켓스포츠,부딪힘·충돌
SAMPLE-00148,합성 예시 데이터,2024,2024-09-20,9,금요일,3,고학년,3교시,10:41,계단·복도,이동·보행,미끄러짐
SAMPLE-00149,합성 예시 데이터,2024,2024-05-07,5,화요일,5,고학년,점심시간,12:31,급식·위생공간,식사·위생,미끄러짐
SAMPLE-00150,합성 예시 데이터,2025,2025-04-15,4,화요일,1,저학년,점심시간,12:22,급식·위생공간,놀이·휴식,부딪힘·충돌
SAMPLE-00151,합성 예시 데이터,2024,2024-07-04,7,목요일,5,고학년,방과후,17:15,강당·체육관,구기·라켓스포츠,넘어짐
SAMPLE-00152,합성 예시 데이터,2024,2024-08-02,8,금요일,2,저학년,2교시,10:00,교실·학습공간,수업·실습,부딪힘·충돌
SAMPLE-00153,합성 예시 데이터,2022,2022-12-14,12,수요일,4,고학년,2교시,10:38,계단·복도,이동·보행,부딪힘·충돌
SAMPLE-00154,합성 예시 데이터,2025,2025-12-08,12,월요일,3,고학년,방과후,17:12,운동장,이동·보행,부딪힘·충돌
SAMPLE-00155,합성 예시 데이터,2025,2025-04-21,4,월요일,4,고학년,점심시간,12:56,운동장,구기·라켓스포츠,부딪힘·충돌
SAMPLE-00156,합성 예시 데이터,2022,2022-11-30,11,수요일,3,고학년,하교,14:56,운동장,기타 체육,부딪힘·충돌
SAMPLE-00157,합성 예시 데이터,2022,2022-03-02,3,수요일,4,고학년,방과후,16:35,강당·체육관,기타 체육,넘어짐
SAMPLE-00158,합성 예시 데이터,2022,2022-11-24,11,목요일,5,고학년,1교시,09:01,운동장,놀이·휴식,미끄러짐
SAMPLE-00159,합성 예시 데이터,2024,2024-07-29,7,월요일,1,저학년,쉬는시간,13:04,교실·학습공간,수업·실습,부딪힘·충돌
SAMPLE-00160,합성 예시 데이터,2024,2024-04-01,4,월요일,3,고학년,2교시,09:53,강당·체육관,기타 체육,넘어짐
SAMPLE-00161,합성 예시 데이터,2023,2023-06-19,6,월요일,6,고학년,하교,16:07,교실·학습공간,놀이·휴식,부딪힘·충돌
SAMPLE-00162,합성 예시 데이터,2021,2021-04-15,4,목요일,4,고학년,3교시,10:52,교실·학습공간,수업·실습,넘어짐
SAMPLE-00163,합성 예시 데이터,2024,2024-05-30,5,목요일,3,고학년,1교시,09:17,강당·체육관,구기·라켓스포츠,물체에 맞음
SAMPLE-00164,합성 예시 데이터,2022,2022-10-26,10,수요일,5,고학년,쉬는시간,10:45,교실·학습공간,놀이·휴식,부딪힘·충돌
SAMPLE-00165,합성 예시 데이터,2025,2025-06-09,6,월요일,1,저학년,쉬는시간,11:58,교실·학습공간,수업·실습,부딪힘·충돌
SAMPLE-00166,합성 예시 데이터,2023,2023-03-14,3,화요일,3,고학년,하교,16:15,교실·학습공간,수업·실습,물체에 맞음
SAMPLE-00167,합성 예시 데이터,2025,2025-10-21,10,화요일,2,저학년,4교시,11:38,운동장,구기·라켓스포츠,넘어짐
SAMPLE-00168,합성 예시 데이터,2025,2025-06-23,6,월요일,5,고학년,5교시,13:15,운동장,구기·라켓스포츠,넘어짐
SAMPLE-00169,합성 예시 데이터,2024,2024-12-04,12,수요일,3,고학년,점심시간,12:57,급식·위생공간,식사·위생,화상
SAMPLE-00170,합성 예시 데이터,2023,2023-11-07,11,화요일,5,고학년,1교시,09:09,강당·체육관,기타 체육,넘어짐
SAMPLE-00171,합성 예시 데이터,2024,2024-07-10,7,수요일,2,저학년,점심시간,12:49,계단·복도,놀이·휴식,미끄러짐
SAMPLE-00172,합성 예시 데이터,2024,2024-04-05,4,금요일,5,고학년,쉬는시간,13:27,운동장,놀이·휴식,넘어짐
SAMPLE-00173,합성 예시 데이터,2023,2023-03-17,3,금요일,6,고학년,3교시,11:03,계단·복도,기타,넘어짐
SAMPLE-00174,합성 예시 데이터,2023,2023-09-11,9,월요일,2,저학년,3교시,11:26,운동장,구기·라켓스포츠,물체에 맞음
SAMPLE-00175,합성 예시 데이터,2022,2022-12-14,12,수요일,1,저학년,하교,17:20,계단·복도,이동·보행,부딪힘·충돌
SAMPLE-00176,합성 예시 데이터,2024,2024-08-28,8,수요일,5,고학년,1교시,09:36,교실·학습공간,수업·실습,부딪힘·충돌
SAMPLE-00177,합성 예시 데이터,2023,2023-07-12,7,수요일,5,고학년,2교시,10:36,교실·학습공간,수업·실습,부딪힘·충돌
SAMPLE-00178,합성 예시 데이터,2025,2025-06-25,6,수요일,1,저학년,점심시간,12:10,급식·위생공간,이동·보행,넘어짐
SAMPLE-00179,합성 예시 데이터,2022,2022-05-25,5,수요일,5,고학년,쉬는시간,10:00,계단·복도,이동·보행,넘어짐
SAMPLE-00180,합성 예시 데이터,2021,2021-09-21,9,화요일,1,저학년,쉬는시간,13:42,계단·복도,기타,부딪힘·충돌
SAMPLE-00181,합성 예시 데이터,2022,2022-03-23,3,수요일,1,저학년,5교시,13:29,운동장,기타 체육,부딪힘·충돌
SAMPLE-00182,합성 예시 데이터,2023,2023-04-24,4,월요일,3,고학년,쉬는시간,11:21,계단·복도,이동·보행,부딪힘·충돌
SAMPLE-00183,합성 예시 데이터,2025,2025-07-11,7,금요일,4,고학년,4교시,12:02,강당·체육관,기타 체육,부딪힘·충돌
SAMPLE-00184,합성 예시 데이터,2022,2022-09-26,9,월요일,6,고학년,쉬는시간,13:56,교실·학습공간,수업·실습,넘어짐
SAMPLE-00185,합성 예시 데이터,2025,2025-11-21,11,금요일,2,저학년,쉬는시간,13:01,교실·학습공간,이동·보행,넘어짐
SAMPLE-00186,합성 예시 데이터,2022,2022-07-19,7,화요일,5,고학년,쉬는시간,09:50,계단·복도,이동·보행,넘어짐
SAMPLE-00187,합성 예시 데이터,2025,2025-10-02,10,목요일,4,고학년,3교시,11:22,운동장,구기·라켓스포츠,물체에 맞음
SAMPLE-00188,합성 예시 데이터,2024,2024-06-24,6,월요일,4,고학년,방과후,16:01,강당·체육관,기타 체육,추락
SAMPLE-00189,합성 예시 데이터,2023,2023-05-29,5,월요일,1,저학년,2교시,10:20,강당·체육관,구기·라켓스포츠,부딪힘·충돌
SAMPLE-00190,합성 예시 데이터,2024,2024-11-12,11,화요일,6,고학년,점심시간,12:26,급식·위생공간,식사·위생,미끄러짐
SAMPLE-00191,합성 예시 데이터,2025,2025-03-04,3,화요일,5,고학년,5교시,13:07,운동장,구기·라켓스포츠,물체에 맞음
SAMPLE-00192,합성 예시 데이터,2021,2021-05-11,5,화요일,4,고학년,쉬는시간,11:05,운동장,구기·라켓스포츠,넘어짐
SAMPLE-00193,합성 예시 데이터,2023,2023-12-04,12,월요일,5,고학년,방과후,15:57,교실·학습공간,수업·실습,부딪힘·충돌
SAMPLE-00194,합성 예시 데이터,2022,2022-05-31,5,화요일,2,저학년,쉬는시간,09:46,교실·학습공간,놀이·휴식,부딪힘·충돌
SAMPLE-00195,합성 예시 데이터,2021,2021-07-21,7,수요일,4,고학년,점심시간,12:18,교실·학습공간,수업·실습,넘어짐
SAMPLE-00196,합성 예시 데이터,2021,2021-06-21,6,월요일,3,고학년,5교시,13:13,강당·체육관,구기·라켓스포츠,기타
SAMPLE-00197,합성 예시 데이터,2022,2022-07-28,7,목요일,6,고학년,쉬는시간,13:28,운동장,기타 체육,넘어짐
SAMPLE-00198,합성 예시 데이터,2023,2023-03-06,3,월요일,6,고학년,6교시,13:50,강당·체육관,구기·라켓스포츠,부딪힘·충돌
SAMPLE-00199,합성 예시 데이터,2021,2021-10-27,10,수요일,1,저학년,방과후,16:42,강당·체육관,구기·라켓스포츠,부딪힘·충돌
SAMPLE-00200,합성 예시 데이터,2024,2024-10-28,10,월요일,2,저학년,쉬는시간,13:04,운동장,구기·라켓스포츠,넘어짐
SAMPLE-00201,합성 예시 데이터,2022,2022-09-09,9,금요일,1,저학년,방과후,15:59,계단·복도,기타,넘어짐
SAMPLE-00202,합성 예시 데이터,2023,2023-08-03,8,목요일,5,고학년,점심시간,12:28,교실·학습공간,수업·실습,기타
SAMPLE-00203,합성 예시 데이터,2022,2022-03-08,3,화요일,3,고학년,1교시,09:30,교실·학습공간,놀이·휴식,미끄러짐
SAMPLE-00204,합성 예시 데이터,2025,2025-08-08,8,금요일,4,고학년,쉬는시간,12:38,운동장,구기·라켓스포츠,넘어짐
SAMPLE-00205,합성 예시 데이터,2024,2024-11-28,11,목요일,5,고학년,쉬는시간,13:07,계단·복도,이동·보행,넘어짐
SAMPLE-00206,합성 예시 데이터,2023,2023-03-13,3,월요일,4,고학년,쉬는시간,14:05,교실·학습공간,놀이·휴식,넘어짐
SAMPLE-00207,합성 예시 데이터,2024,2024-12-20,12,금요일,2,저학년,5교시,13:07,교실·학습공간,이동·보행,부딪힘·충돌
SAMPLE-00208,합성 예시 데이터,2022,2022-05-24,5,화요일,2,저학년,점심시간,12:27,급식·위생공간,이동·보행,넘어짐
SAMPLE-00209,합성 예시 데이터,2025,2025-05-08,5,목요일,5,고학년,1교시,09:39,강당·체육관,구기·라켓스포츠,넘어짐
SAMPLE-00210,합성 예시 데이터,2023,2023-10-04,10,수요일,2,저학년,3교시,10:43,계단·복도,이동·보행,부딪힘·충돌
SAMPLE-00211,합성 예시 데이터,2023,2023-05-09,5,화요일,4,고학년,방과후,16:41,강당·체육관,구기·라켓스포츠,물체에 맞음
SAMPLE-00212,합성 예시 데이터,2025,2025-06-25,6,수요일,6,고학년,방과후,15:33,강당·체육관,이동·보행,미끄러짐
SAMPLE-00213,합성 예시 데이터,2024,2024-11-01,11,금요일,6,고학년,3교시,11:13,교실·학습공간,놀이·휴식,넘어짐
SAMPLE-00214,합성 예시 데이터,2025,2025-10-22,10,수요일,2,저학년,점심시간,12:19,운동장,구기·라켓스포츠,넘어짐
SAMPLE-00215,합성 예시 데이터,2023,2023-04-03,4,월요일,2,저학년,5교시,13:13,운동장,구기·라켓스포츠,부딪힘·충돌
SAMPLE-00216,합성 예시 데이터,2025,2025-10-29,10,수요일,2,저학년,점심시간,12:10,급식·위생공간,식사·위생,넘어짐
SAMPLE-00217,합성 예시 데이터,2022,2022-08-01,8,월요일,1,저학년,하교,14:13,교문·외부동선,교통·탑승,기타
SAMPLE-00218,합성 예시 데이터,2025,2025-09-08,9,월요일,1,저학년,쉬는시간,11:38,교실·학습공간,이동·보행,미끄러짐
SAMPLE-00219,합성 예시 데이터,2021,2021-10-19,10,화요일,1,저학년,방과후,16:14,계단·복도,놀이·휴식,넘어짐
SAMPLE-00220,합성 예시 데이터,2025,2025-04-30,4,수요일,2,저학년,3교시,11:06,교실·학습공간,놀이·휴식,부딪힘·충돌
SAMPLE-00221,합성 예시 데이터,2023,2023-06-02,6,금요일,4,고학년,점심시간,12:50,계단·복도,놀이·휴식,부딪힘·충돌
SAMPLE-00222,합성 예시 데이터,2025,2025-09-04,9,목요일,5,고학년,하교,16:05,교문·외부동선,이동·보행,부딪힘·충돌
SAMPLE-00223,합성 예시 데이터,2024,2024-05-17,5,금요일,2,저학년,쉬는시간,13:14,화장실·위생공간,놀이·휴식,미끄러짐
SAMPLE-00224,합성 예시 데이터,2022,2022-05-03,5,화요일,1,저학년,쉬는시간,10:45,계단·복도,이동·보행,미끄러짐
SAMPLE-00225,합성 예시 데이터,2021,2021-08-23,8,월요일,5,고학년,하교,15:43,교문·외부동선,놀이·휴식,부딪힘·충돌
SAMPLE-00226,합성 예시 데이터,2023,2023-09-07,9,목요일,2,저학년,점심시간,12:13,교실·학습공간,수업·실습,넘어짐
SAMPLE-00227,합성 예시 데이터,2024,2024-03-26,3,화요일,6,고학년,5교시,13:05,강당·체육관,구기·라켓스포츠,부딪힘·충돌
SAMPLE-00228,합성 예시 데이터,2024,2024-10-28,10,월요일,4,고학년,쉬는시간,14:13,교실·학습공간,놀이·휴식,넘어짐
SAMPLE-00229,합성 예시 데이터,2021,2021-10-18,10,월요일,3,고학년,쉬는시간,11:00,계단·복도,이동·보행,넘어짐
SAMPLE-00230,합성 예시 데이터,2025,2025-11-07,11,금요일,1,저학년,방과후,15:23,교실·학습공간,수업·실습,부딪힘·충돌
SAMPLE-00231,합성 예시 데이터,2021,2021-04-27,4,화요일,2,저학년,하교,16:16,교문·외부동선,이동·보행,미끄러짐
SAMPLE-00232,합성 예시 데이터,2025,2025-05-28,5,수요일,3,고학년,쉬는시간,10:42,운동장,구기·라켓스포츠,물체에 맞음
SAMPLE-00233,합성 예시 데이터,2024,2024-05-28,5,화요일,6,고학년,4교시,12:05,교실·학습공간,수업·실습,넘어짐
SAMPLE-00234,합성 예시 데이터,2023,2023-09-12,9,화요일,5,고학년,방과후,15:20,운동장,이동·보행,넘어짐
SAMPLE-00235,합성 예시 데이터,2023,2023-03-23,3,목요일,6,고학년,방과후,16:59,강당·체육관,구기·라켓스포츠,부딪힘·충돌
SAMPLE-00236,합성 예시 데이터,2023,2023-09-15,9,금요일,2,저학년,3교시,11:12,교실·학습공간,놀이·휴식,넘어짐
SAMPLE-00237,합성 예시 데이터,2021,2021-03-04,3,목요일,6,고학년,쉬는시간,14:02,교실·학습공간,이동·보행,부딪힘·충돌
SAMPLE-00238,합성 예시 데이터,2021,2021-09-21,9,화요일,3,고학년,쉬는시간,14:18,화장실·위생공간,이동·보행,부딪힘·충돌
SAMPLE-00239,합성 예시 데이터,2021,2021-11-10,11,수요일,1,저학년,5교시,13:42,강당·체육관,기타 체육,부딪힘·충돌
SAMPLE-00240,합성 예시 데이터,2022,2022-07-12,7,화요일,4,고학년,4교시,11:56,운동장,이동·보행,부딪힘·충돌
SAMPLE-00241,합성 예시 데이터,2023,2023-07-05,7,수요일,6,고학년,점심시간,12:26,급식·위생공간,이동·보행,추락
SAMPLE-00242,합성 예시 데이터,2021,2021-06-28,6,월요일,4,고학년,쉬는시간,10:12,계단·복도,이동·보행,미끄러짐
SAMPLE-00243,합성 예시 데이터,2022,2022-03-31,3,목요일,6,고학년,하교,15:50,교문·외부동선,이동·보행,넘어짐
SAMPLE-00244,합성 예시 데이터,2023,2023-03-09,3,목요일,4,고학년,2교시,10:22,계단·복도,이동·보행,넘어짐
SAMPLE-00245,합성 예시 데이터,2024,2024-04-11,4,목요일,5,고학년,점심시간,12:12,운동장,기타 체육,넘어짐
SAMPLE-00246,합성 예시 데이터,2021,2021-10-08,10,금요일,4,고학년,하교,14:07,교문·외부동선,이동·보행,넘어짐
SAMPLE-00247,합성 예시 데이터,2023,2023-11-20,11,월요일,4,고학년,쉬는시간,11:39,계단·복도,이동·보행,추락
SAMPLE-00248,합성 예시 데이터,2022,2022-06-15,6,수요일,5,고학년,점심시간,12:32,계단·복도,이동·보행,부딪힘·충돌
SAMPLE-00249,합성 예시 데이터,2024,2024-09-26,9,목요일,5,고학년,쉬는시간,10:01,교실·학습공간,이동·보행,넘어짐
SAMPLE-00250,합성 예시 데이터,2021,2021-08-20,8,금요일,6,고학년,3교시,10:56,운동장,이동·보행,부딪힘·충돌
SAMPLE-00251,합성 예시 데이터,2022,2022-05-19,5,목요일,5,고학년,쉬는시간,10:43,화장실·위생공간,식사·위생,화상
SAMPLE-00252,합성 예시 데이터,2025,2025-11-04,11,화요일,4,고학년,6교시,14:11,강당·체육관,이동·보행,부딪힘·충돌
SAMPLE-00253,합성 예시 데이터,2021,2021-08-04,8,수요일,2,저학년,등교 전,08:55,계단·복도,이동·보행,넘어짐
SAMPLE-00254,합성 예시 데이터,2024,2024-04-11,4,목요일,6,고학년,점심시간,12:31,교실·학습공간,이동·보행,부딪힘·충돌
SAMPLE-00255,합성 예시 데이터,2023,2023-10-25,10,수요일,3,고학년,방과후,15:10,교실·학습공간,놀이·휴식,넘어짐
SAMPLE-00256,합성 예시 데이터,2025,2025-04-21,4,월요일,6,고학년,1교시,09:41,강당·체육관,구기·라켓스포츠,부딪힘·충돌
SAMPLE-00257,합성 예시 데이터,2021,2021-11-10,11,수요일,2,저학년,하교,16:45,계단·복도,이동·보행,추락
SAMPLE-00258,합성 예시 데이터,2024,2024-03-26,3,화요일,5,고학년,점심시간,12:21,급식·위생공간,식사·위생,화상
SAMPLE-00259,합성 예시 데이터,2025,2025-06-30,6,월요일,3,고학년,점심시간,12:16,급식·위생공간,식사·위생,미끄러짐
SAMPLE-00260,합성 예시 데이터,2024,2024-10-02,10,수요일,4,고학년,3교시,11:21,교실·학습공간,수업·실습,물체에 맞음
SAMPLE-00261,합성 예시 데이터,2025,2025-07-02,7,수요일,1,저학년,6교시,14:11,계단·복도,놀이·휴식,넘어짐
SAMPLE-00262,합성 예시 데이터,2022,2022-07-12,7,화요일,5,고학년,쉬는시간,13:38,운동장,구기·라켓스포츠,기타
SAMPLE-00263,합성 예시 데이터,2022,2022-03-30,3,수요일,3,고학년,쉬는시간,11:52,운동장,구기·라켓스포츠,부딪힘·충돌
SAMPLE-00264,합성 예시 데이터,2025,2025-03-19,3,수요일,4,고학년,방과후,15:02,계단·복도,이동·보행,미끄러짐
SAMPLE-00265,합성 예시 데이터,2023,2023-07-12,7,수요일,3,고학년,1교시,09:46,교실·학습공간,수업·실습,부딪힘·충돌
SAMPLE-00266,합성 예시 데이터,2025,2025-05-20,5,화요일,6,고학년,4교시,11:36,강당·체육관,기타 체육,추락
SAMPLE-00267,합성 예시 데이터,2024,2024-10-17,10,목요일,4,고학년,쉬는시간,11:46,화장실·위생공간,이동·보행,미끄러짐
SAMPLE-00268,합성 예시 데이터,2022,2022-09-30,9,금요일,2,저학년,5교시,13:15,운동장,놀이·휴식,넘어짐
SAMPLE-00269,합성 예시 데이터,2022,2022-05-03,5,화요일,4,고학년,하교,16:03,교문·외부동선,이동·보행,넘어짐
SAMPLE-00270,합성 예시 데이터,2025,2025-07-28,7,월요일,5,고학년,쉬는시간,12:36,계단·복도,이동·보행,부딪힘·충돌
SAMPLE-00271,합성 예시 데이터,2021,2021-05-13,5,목요일,1,저학년,방과후,16:12,운동장,기타 체육,추락
SAMPLE-00272,합성 예시 데이터,2024,2024-08-01,8,목요일,5,고학년,6교시,14:02,교실·학습공간,수업·실습,넘어짐
SAMPLE-00273,합성 예시 데이터,2022,2022-10-31,10,월요일,3,고학년,3교시,11:24,교실·학습공간,이동·보행,넘어짐
SAMPLE-00274,합성 예시 데이터,2022,2022-05-04,5,수요일,3,고학년,하교,17:16,계단·복도,이동·보행,미끄러짐
SAMPLE-00275,합성 예시 데이터,2023,2023-07-11,7,화요일,3,고학년,4교시,11:45,교실·학습공간,놀이·휴식,넘어짐
SAMPLE-00276,합성 예시 데이터,2023,2023-07-10,7,월요일,2,저학년,등교 전,08:39,계단·복도,이동·보행,미끄러짐
SAMPLE-00277,합성 예시 데이터,2022,2022-05-10,5,화요일,5,고학년,등교 전,08:00,계단·복도,놀이·휴식,미끄러짐
SAMPLE-00278,합성 예시 데이터,2024,2024-03-01,3,금요일,2,저학년,1교시,09:38,교실·학습공간,수업·실습,넘어짐
SAMPLE-00279,합성 예시 데이터,2025,2025-09-08,9,월요일,5,고학년,1교시,09:14,강당·체육관,구기·라켓스포츠,넘어짐
SAMPLE-00280,합성 예시 데이터,2025,2025-03-12,3,수요일,5,고학년,4교시,11:46,계단·복도,이동·보행,넘어짐
SAMPLE-00281,합성 예시 데이터,2022,2022-04-07,4,목요일,6,고학년,점심시간,12:27,운동장,놀이·휴식,넘어짐
SAMPLE-00282,합성 예시 데이터,2021,2021-12-02,12,목요일,2,저학년,쉬는시간,13:03,교실·학습공간,수업·실습,물체에 맞음
SAMPLE-00283,합성 예시 데이터,2025,2025-06-30,6,월요일,6,고학년,점심시간,12:31,급식·위생공간,식사·위생,미끄러짐
SAMPLE-00284,합성 예시 데이터,2024,2024-03-27,3,수요일,5,고학년,4교시,11:43,강당·체육관,구기·라켓스포츠,부딪힘·충돌
SAMPLE-00285,합성 예시 데이터,2021,2021-08-09,8,월요일,2,저학년,등교 전,08:16,계단·복도,이동·보행,넘어짐
SAMPLE-00286,합성 예시 데이터,2022,2022-07-18,7,월요일,4,고학년,점심시간,12:44,급식·위생공간,식사·위생,화상
SAMPLE-00287,합성 예시 데이터,2021,2021-10-06,10,수요일,5,고학년,점심시간,12:17,급식·위생공간,식사·위생,미끄러짐
SAMPLE-00288,합성 예시 데이터,2021,2021-09-29,9,수요일,6,고학년,1교시,09:34,교실·학습공간,놀이·휴식,넘어짐
SAMPLE-00289,합성 예시 데이터,2022,2022-05-05,5,목요일,2,저학년,방과후,15:00,교실·학습공간,수업·실습,기타
SAMPLE-00290,합성 예시 데이터,2022,2022-06-01,6,수요일,4,고학년,5교시,13:03,강당·체육관,구기·라켓스포츠,물체에 맞음
SAMPLE-00291,합성 예시 데이터,2021,2021-04-21,4,수요일,2,저학년,점심시간,12:42,급식·위생공간,식사·위생,화상
SAMPLE-00292,합성 예시 데이터,2025,2025-07-04,7,금요일,2,저학년,쉬는시간,13:56,화장실·위생공간,식사·위생,화상
SAMPLE-00293,합성 예시 데이터,2025,2025-10-31,10,금요일,1,저학년,2교시,10:27,강당·체육관,기타 체육,부딪힘·충돌
SAMPLE-00294,합성 예시 데이터,2022,2022-06-06,6,월요일,3,고학년,방과후,17:11,운동장,이동·보행,추락
SAMPLE-00295,합성 예시 데이터,2022,2022-09-05,9,월요일,3,고학년,4교시,11:31,교실·학습공간,수업·실습,넘어짐
SAMPLE-00296,합성 예시 데이터,2024,2024-08-02,8,금요일,4,고학년,점심시간,12:56,계단·복도,이동·보행,부딪힘·충돌
SAMPLE-00297,합성 예시 데이터,2024,2024-06-12,6,수요일,6,고학년,점심시간,12:53,급식·위생공간,식사·위생,화상
SAMPLE-00298,합성 예시 데이터,2024,2024-06-17,6,월요일,3,고학년,3교시,11:25,운동장,구기·라켓스포츠,넘어짐
SAMPLE-00299,합성 예시 데이터,2021,2021-03-01,3,월요일,3,고학년,5교시,13:32,교실·학습공간,이동·보행,넘어짐
SAMPLE-00300,합성 예시 데이터,2024,2024-11-07,11,목요일,6,고학년,6교시,14:29,교실·학습공간,놀이·휴식,넘어짐
SAMPLE-00301,합성 예시 데이터,2022,2022-09-30,9,금요일,3,고학년,쉬는시간,11:56,교실·학습공간,놀이·휴식,미끄러짐
SAMPLE-00302,합성 예시 데이터,2025,2025-03-19,3,수요일,4,고학년,4교시,11:35,운동장,구기·라켓스포츠,기타
SAMPLE-00303,합성 예시 데이터,2021,2021-05-28,5,금요일,4,고학년,2교시,10:04,강당·체육관,구기·라켓스포츠,부딪힘·충돌
SAMPLE-00304,합성 예시 데이터,2024,2024-05-29,5,수요일,6,고학년,쉬는시간,09:58,계단·복도,이동·보행,넘어짐
SAMPLE-00305,합성 예시 데이터,2024,2024-11-14,11,목요일,5,고학년,쉬는시간,14:17,교실·학습공간,이동·보행,넘어짐
SAMPLE-00306,합성 예시 데이터,2023,2023-09-14,9,목요일,5,고학년,쉬는시간,10:45,운동장,놀이·휴식,부딪힘·충돌
SAMPLE-00307,합성 예시 데이터,2025,2025-06-13,6,금요일,3,고학년,쉬는시간,10:13,교실·학습공간,수업·실습,넘어짐
SAMPLE-00308,합성 예시 데이터,2024,2024-11-04,11,월요일,5,고학년,5교시,13:41,운동장,이동·보행,넘어짐
SAMPLE-00309,합성 예시 데이터,2021,2021-09-02,9,목요일,4,고학년,5교시,13:14,강당·체육관,구기·라켓스포츠,기타
SAMPLE-00310,합성 예시 데이터,2021,2021-10-25,10,월요일,4,고학년,방과후,15:19,강당·체육관,기타 체육,추락
SAMPLE-00311,합성 예시 데이터,2021,2021-06-23,6,수요일,3,고학년,6교시,13:59,교실·학습공간,이동·보행,부딪힘·충돌
SAMPLE-00312,합성 예시 데이터,2021,2021-10-20,10,수요일,4,고학년,3교시,11:19,교실·학습공간,놀이·휴식,부딪힘·충돌
SAMPLE-00313,합성 예시 데이터,2022,2022-11-17,11,목요일,3,고학년,5교시,13:31,교실·학습공간,수업·실습,기타
SAMPLE-00314,합성 예시 데이터,2024,2024-10-22,10,화요일,4,고학년,5교시,13:09,강당·체육관,구기·라켓스포츠,부딪힘·충돌
SAMPLE-00315,합성 예시 데이터,2022,2022-07-12,7,화요일,6,고학년,2교시,10:32,계단·복도,이동·보행,부딪힘·충돌
SAMPLE-00316,합성 예시 데이터,2024,2024-05-22,5,수요일,3,고학년,쉬는시간,09:50,운동장,구기·라켓스포츠,부딪힘·충돌
SAMPLE-00317,합성 예시 데이터,2025,2025-04-17,4,목요일,5,고학년,3교시,11:29,교실·학습공간,수업·실습,넘어짐
SAMPLE-00318,합성 예시 데이터,2025,2025-07-18,7,금요일,6,고학년,쉬는시간,10:34,운동장,놀이·휴식,넘어짐
SAMPLE-00319,합성 예시 데이터,2023,2023-04-05,4,수요일,4,고학년,쉬는시간,10:43,운동장,구기·라켓스포츠,기타
SAMPLE-00320,합성 예시 데이터,2025,2025-04-30,4,수요일,5,고학년,점심시간,12:16,교실·학습공간,놀이·휴식,미끄러짐
SAMPLE-00321,합성 예시 데이터,2024,2024-07-24,7,수요일,1,저학년,1교시,09:35,교실·학습공간,수업·실습,넘어짐
SAMPLE-00322,합성 예시 데이터,2024,2024-06-07,6,금요일,4,고학년,2교시,10:00,강당·체육관,구기·라켓스포츠,부딪힘·충돌
SAMPLE-00323,합성 예시 데이터,2022,2022-10-03,10,월요일,3,고학년,점심시간,12:32,운동장,놀이·휴식,넘어짐
SAMPLE-00324,합성 예시 데이터,2023,2023-09-29,9,금요일,1,저학년,4교시,12:03,계단·복도,놀이·휴식,미끄러짐
SAMPLE-00325,합성 예시 데이터,2025,2025-04-23,4,수요일,2,저학년,5교시,13:06,교실·학습공간,놀이·휴식,넘어짐
SAMPLE-00326,합성 예시 데이터,2024,2024-04-18,4,목요일,4,고학년,1교시,09:14,운동장,구기·라켓스포츠,부딪힘·충돌
SAMPLE-00327,합성 예시 데이터,2023,2023-07-20,7,목요일,2,저학년,점심시간,12:32,계단·복도,이동·보행,넘어짐
SAMPLE-00328,합성 예시 데이터,2024,2024-05-01,5,수요일,4,고학년,쉬는시간,14:13,화장실·위생공간,이동·보행,미끄러짐
SAMPLE-00329,합성 예시 데이터,2025,2025-05-02,5,금요일,4,고학년,방과후,14:55,운동장,구기·라켓스포츠,부딪힘·충돌
SAMPLE-00330,합성 예시 데이터,2024,2024-11-21,11,목요일,2,저학년,점심시간,12:54,급식·위생공간,식사·위생,넘어짐
SAMPLE-00331,합성 예시 데이터,2022,2022-09-09,9,금요일,1,저학년,쉬는시간,11:38,계단·복도,이동·보행,넘어짐
SAMPLE-00332,합성 예시 데이터,2022,2022-08-12,8,금요일,3,고학년,쉬는시간,13:32,교실·학습공간,수업·실습,부딪힘·충돌
SAMPLE-00333,합성 예시 데이터,2022,2022-05-05,5,목요일,2,저학년,쉬는시간,14:13,화장실·위생공간,놀이·휴식,부딪힘·충돌
SAMPLE-00334,합성 예시 데이터,2022,2022-04-06,4,수요일,6,고학년,3교시,11:14,강당·체육관,구기·라켓스포츠,부딪힘·충돌
SAMPLE-00335,합성 예시 데이터,2024,2024-09-30,9,월요일,3,고학년,1교시,09:24,강당·체육관,구기·라켓스포츠,넘어짐
SAMPLE-00336,합성 예시 데이터,2023,2023-07-11,7,화요일,3,고학년,점심시간,12:38,교실·학습공간,수업·실습,넘어짐
SAMPLE-00337,합성 예시 데이터,2023,2023-07-27,7,목요일,2,저학년,6교시,13:51,교실·학습공간,이동·보행,넘어짐
SAMPLE-00338,합성 예시 데이터,2022,2022-03-14,3,월요일,4,고학년,방과후,16:35,교실·학습공간,수업·실습,부딪힘·충돌
SAMPLE-00339,합성 예시 데이터,2025,2025-12-16,12,화요일,6,고학년,방과후,14:50,계단·복도,이동·보행,넘어짐
SAMPLE-00340,합성 예시 데이터,2023,2023-09-04,9,월요일,2,저학년,1교시,09:40,교실·학습공간,이동·보행,넘어짐
SAMPLE-00341,합성 예시 데이터,2023,2023-12-01,12,금요일,3,고학년,4교시,11:59,계단·복도,이동·보행,넘어짐
SAMPLE-00342,합성 예시 데이터,2021,2021-08-02,8,월요일,2,저학년,6교시,14:04,운동장,구기·라켓스포츠,물체에 맞음
SAMPLE-00343,합성 예시 데이터,2021,2021-12-07,12,화요일,5,고학년,방과후,17:09,운동장,구기·라켓스포츠,부딪힘·충돌
SAMPLE-00344,합성 예시 데이터,2024,2024-10-30,10,수요일,3,고학년,쉬는시간,12:44,교실·학습공간,놀이·휴식,부딪힘·충돌
SAMPLE-00345,합성 예시 데이터,2025,2025-10-29,10,수요일,1,저학년,하교,17:24,계단·복도,이동·보행,넘어짐
SAMPLE-00346,합성 예시 데이터,2021,2021-09-22,9,수요일,6,고학년,1교시,09:33,교실·학습공간,이동·보행,넘어짐
SAMPLE-00347,합성 예시 데이터,2024,2024-10-04,10,금요일,6,고학년,3교시,11:12,운동장,놀이·휴식,기타
SAMPLE-00348,합성 예시 데이터,2025,2025-08-11,8,월요일,5,고학년,점심시간,12:14,계단·복도,이동·보행,미끄러짐
SAMPLE-00349,합성 예시 데이터,2024,2024-12-18,12,수요일,1,저학년,쉬는시간,12:34,운동장,구기·라켓스포츠,넘어짐
SAMPLE-00350,합성 예시 데이터,2023,2023-07-21,7,금요일,2,저학년,4교시,11:36,교실·학습공간,놀이·휴식,기타
SAMPLE-00351,합성 예시 데이터,2025,2025-07-31,7,목요일,4,고학년,방과후,15:57,계단·복도,이동·보행,넘어짐
SAMPLE-00352,합성 예시 데이터,2025,2025-03-07,3,금요일,4,고학년,점심시간,12:19,급식·위생공간,이동·보행,미끄러짐
SAMPLE-00353,합성 예시 데이터,2025,2025-09-16,9,화요일,4,고학년,1교시,09:18,교실·학습공간,수업·실습,부딪힘·충돌
SAMPLE-00354,합성 예시 데이터,2022,2022-06-20,6,월요일,1,저학년,점심시간,12:22,계단·복도,이동·보행,부딪힘·충돌
SAMPLE-00355,합성 예시 데이터,2022,2022-12-14,12,수요일,6,고학년,쉬는시간,10:10,계단·복도,기타,넘어짐
SAMPLE-00356,합성 예시 데이터,2025,2025-09-02,9,화요일,2,저학년,점심시간,12:19,교실·학습공간,놀이·휴식,미끄러짐
SAMPLE-00357,합성 예시 데이터,2025,2025-07-23,7,수요일,1,저학년,1교시,09:22,교실·학습공간,수업·실습,물체에 맞음
SAMPLE-00358,합성 예시 데이터,2024,2024-04-10,4,수요일,2,저학년,등교 전,07:44,교문·외부동선,이동·보행,미끄러짐
SAMPLE-00359,합성 예시 데이터,2024,2024-06-06,6,목요일,3,고학년,점심시간,12:51,운동장,기타 체육,넘어짐
SAMPLE-00360,합성 예시 데이터,2025,2025-03-24,3,월요일,3,고학년,쉬는시간,10:12,교실·학습공간,수업·실습,부딪힘·충돌
SAMPLE-00361,합성 예시 데이터,2025,2025-05-29,5,목요일,3,고학년,1교시,09:46,계단·복도,이동·보행,넘어짐
SAMPLE-00362,합성 예시 데이터,2025,2025-10-08,10,수요일,3,고학년,6교시,14:08,교실·학습공간,수업·실습,부딪힘·충돌
SAMPLE-00363,합성 예시 데이터,2025,2025-04-03,4,목요일,3,고학년,쉬는시간,11:25,교실·학습공간,수업·실습,부딪힘·충돌
SAMPLE-00364,합성 예시 데이터,2023,2023-11-21,11,화요일,2,저학년,등교 전,08:52,계단·복도,이동·보행,부딪힘·충돌
SAMPLE-00365,합성 예시 데이터,2023,2023-10-18,10,수요일,4,고학년,쉬는시간,10:15,교실·학습공간,수업·실습,부딪힘·충돌
SAMPLE-00366,합성 예시 데이터,2022,2022-11-03,11,목요일,5,고학년,3교시,10:48,운동장,이동·보행,넘어짐
SAMPLE-00367,합성 예시 데이터,2021,2021-04-22,4,목요일,1,저학년,하교,15:36,계단·복도,이동·보행,넘어짐
SAMPLE-00368,합성 예시 데이터,2022,2022-07-05,7,화요일,5,고학년,5교시,13:33,강당·체육관,구기·라켓스포츠,물체에 맞음
SAMPLE-00369,합성 예시 데이터,2022,2022-12-15,12,목요일,4,고학년,하교,16:01,계단·복도,이동·보행,미끄러짐
SAMPLE-00370,합성 예시 데이터,2023,2023-06-02,6,금요일,1,저학년,5교시,13:05,교실·학습공간,이동·보행,미끄러짐
SAMPLE-00371,합성 예시 데이터,2025,2025-03-14,3,금요일,5,고학년,1교시,09:23,교실·학습공간,놀이·휴식,기타
SAMPLE-00372,합성 예시 데이터,2021,2021-09-13,9,월요일,2,저학년,3교시,11:06,교실·학습공간,수업·실습,부딪힘·충돌
SAMPLE-00373,합성 예시 데이터,2023,2023-03-20,3,월요일,2,저학년,5교시,13:43,교실·학습공간,수업·실습,넘어짐
SAMPLE-00374,합성 예시 데이터,2025,2025-08-25,8,월요일,1,저학년,방과후,17:18,강당·체육관,기타 체육,넘어짐
SAMPLE-00375,합성 예시 데이터,2023,2023-04-05,4,수요일,3,고학년,쉬는시간,12:57,교실·학습공간,놀이·휴식,부딪힘·충돌
SAMPLE-00376,합성 예시 데이터,2022,2022-09-06,9,화요일,6,고학년,3교시,11:21,운동장,기타 체육,부딪힘·충돌
SAMPLE-00377,합성 예시 데이터,2025,2025-07-25,7,금요일,3,고학년,4교시,11:36,강당·체육관,구기·라켓스포츠,부딪힘·충돌
SAMPLE-00378,합성 예시 데이터,2021,2021-11-19,11,금요일,5,고학년,점심시간,12:38,운동장,기타 체육,넘어짐
SAMPLE-00379,합성 예시 데이터,2023,2023-08-16,8,수요일,1,저학년,쉬는시간,12:33,화장실·위생공간,놀이·휴식,넘어짐
SAMPLE-00380,합성 예시 데이터,2022,2022-06-23,6,목요일,5,고학년,점심시간,12:55,급식·위생공간,식사·위생,화상
SAMPLE-00381,합성 예시 데이터,2024,2024-05-16,5,목요일,4,고학년,점심시간,12:34,운동장,구기·라켓스포츠,부딪힘·충돌
SAMPLE-00382,합성 예시 데이터,2021,2021-06-23,6,수요일,2,저학년,6교시,14:14,교실·학습공간,수업·실습,기타
SAMPLE-00383,합성 예시 데이터,2024,2024-08-08,8,목요일,6,고학년,방과후,16:35,강당·체육관,기타 체육,넘어짐
SAMPLE-00384,합성 예시 데이터,2024,2024-04-18,4,목요일,4,고학년,점심시간,12:15,운동장,이동·보행,부딪힘·충돌
SAMPLE-00385,합성 예시 데이터,2024,2024-06-13,6,목요일,2,저학년,쉬는시간,14:04,교실·학습공간,놀이·휴식,넘어짐
SAMPLE-00386,합성 예시 데이터,2021,2021-09-14,9,화요일,6,고학년,하교,14:28,교문·외부동선,이동·보행,추락
SAMPLE-00387,합성 예시 데이터,2021,2021-09-01,9,수요일,4,고학년,쉬는시간,11:52,운동장,구기·라켓스포츠,넘어짐
SAMPLE-00388,합성 예시 데이터,2021,2021-09-06,9,월요일,4,고학년,6교시,13:55,운동장,이동·보행,부딪힘·충돌
SAMPLE-00389,합성 예시 데이터,2022,2022-05-10,5,화요일,3,고학년,쉬는시간,12:47,계단·복도,이동·보행,넘어짐
SAMPLE-00390,합성 예시 데이터,2022,2022-03-17,3,목요일,4,고학년,2교시,09:58,계단·복도,놀이·휴식,미끄러짐
SAMPLE-00391,합성 예시 데이터,2022,2022-10-20,10,목요일,6,고학년,점심시간,12:32,급식·위생공간,이동·보행,넘어짐
SAMPLE-00392,합성 예시 데이터,2025,2025-07-14,7,월요일,3,고학년,방과후,16:59,교실·학습공간,수업·실습,부딪힘·충돌
SAMPLE-00393,합성 예시 데이터,2022,2022-05-06,5,금요일,5,고학년,하교,16:02,계단·복도,놀이·휴식,기타
SAMPLE-00394,합성 예시 데이터,2023,2023-11-03,11,금요일,6,고학년,점심시간,12:21,운동장,놀이·휴식,부딪힘·충돌
SAMPLE-00395,합성 예시 데이터,2024,2024-09-16,9,월요일,3,고학년,쉬는시간,13:02,교실·학습공간,이동·보행,넘어짐
SAMPLE-00396,합성 예시 데이터,2022,2022-11-02,11,수요일,6,고학년,점심시간,12:12,계단·복도,이동·보행,부딪힘·충돌
SAMPLE-00397,합성 예시 데이터,2025,2025-06-13,6,금요일,3,고학년,3교시,10:47,강당·체육관,기타 체육,넘어짐
SAMPLE-00398,합성 예시 데이터,2022,2022-04-18,4,월요일,4,고학년,등교 전,08:00,운동장,놀이·휴식,기타
SAMPLE-00399,합성 예시 데이터,2021,2021-11-10,11,수요일,4,고학년,쉬는시간,11:59,교실·학습공간,이동·보행,부딪힘·충돌
SAMPLE-00400,합성 예시 데이터,2022,2022-08-10,8,수요일,2,저학년,쉬는시간,10:18,교실·학습공간,이동·보행,넘어짐
SAMPLE-00401,합성 예시 데이터,2023,2023-06-06,6,화요일,1,저학년,방과후,16:54,교실·학습공간,수업·실습,물체에 맞음
SAMPLE-00402,합성 예시 데이터,2023,2023-10-27,10,금요일,6,고학년,4교시,11:31,운동장,기타 체육,기타
SAMPLE-00403,합성 예시 데이터,2022,2022-03-28,3,월요일,4,고학년,점심시간,12:20,급식·위생공간,식사·위생,넘어짐
SAMPLE-00404,합성 예시 데이터,2022,2022-07-19,7,화요일,6,고학년,4교시,12:09,교실·학습공간,수업·실습,넘어짐
SAMPLE-00405,합성 예시 데이터,2023,2023-09-05,9,화요일,1,저학년,방과후,14:35,강당·체육관,구기·라켓스포츠,넘어짐
SAMPLE-00406,합성 예시 데이터,2022,2022-06-07,6,화요일,6,고학년,점심시간,12:12,교실·학습공간,이동·보행,넘어짐
SAMPLE-00407,합성 예시 데이터,2021,2021-08-10,8,화요일,3,고학년,쉬는시간,13:52,교실·학습공간,놀이·휴식,미끄러짐
SAMPLE-00408,합성 예시 데이터,2024,2024-04-24,4,수요일,2,저학년,하교,15:47,교실·학습공간,수업·실습,물체에 맞음
SAMPLE-00409,합성 예시 데이터,2023,2023-10-30,10,월요일,2,저학년,점심시간,12:29,계단·복도,이동·보행,미끄러짐
SAMPLE-00410,합성 예시 데이터,2025,2025-03-20,3,목요일,5,고학년,점심시간,12:21,교실·학습공간,수업·실습,물체에 맞음
SAMPLE-00411,합성 예시 데이터,2022,2022-04-22,4,금요일,3,고학년,쉬는시간,12:55,화장실·위생공간,이동·보행,넘어짐
SAMPLE-00412,합성 예시 데이터,2024,2024-10-28,10,월요일,1,저학년,등교 전,08:56,운동장,이동·보행,부딪힘·충돌
SAMPLE-00413,합성 예시 데이터,2022,2022-08-24,8,수요일,6,고학년,1교시,09:15,운동장,기타 체육,넘어짐
SAMPLE-00414,합성 예시 데이터,2025,2025-04-18,4,금요일,2,저학년,점심시간,12:32,교실·학습공간,이동·보행,넘어짐
SAMPLE-00415,합성 예시 데이터,2022,2022-08-25,8,목요일,5,고학년,방과후,15:17,운동장,놀이·휴식,넘어짐
SAMPLE-00416,합성 예시 데이터,2024,2024-09-02,9,월요일,4,고학년,4교시,12:08,운동장,기타 체육,부딪힘·충돌
SAMPLE-00417,합성 예시 데이터,2024,2024-05-23,5,목요일,6,고학년,점심시간,12:19,계단·복도,놀이·휴식,넘어짐
SAMPLE-00418,합성 예시 데이터,2023,2023-10-18,10,수요일,5,고학년,3교시,11:23,교실·학습공간,수업·실습,부딪힘·충돌
SAMPLE-00419,합성 예시 데이터,2023,2023-10-25,10,수요일,2,저학년,하교,16:05,계단·복도,놀이·휴식,미끄러짐
SAMPLE-00420,합성 예시 데이터,2023,2023-11-21,11,화요일,2,저학년,쉬는시간,13:17,계단·복도,이동·보행,미끄러짐
SAMPLE-00421,합성 예시 데이터,2024,2024-07-25,7,목요일,6,고학년,방과후,17:09,교실·학습공간,수업·실습,부딪힘·충돌
SAMPLE-00422,합성 예시 데이터,2023,2023-04-18,4,화요일,2,저학년,방과후,14:49,강당·체육관,이동·보행,부딪힘·충돌
SAMPLE-00423,합성 예시 데이터,2021,2021-04-23,4,금요일,3,고학년,쉬는시간,14:16,운동장,기타 체육,넘어짐
SAMPLE-00424,합성 예시 데이터,2021,2021-03-18,3,목요일,4,고학년,점심시간,12:59,급식·위생공간,식사·위생,미끄러짐
SAMPLE-00425,합성 예시 데이터,2023,2023-10-11,10,수요일,2,저학년,쉬는시간,11:33,운동장,이동·보행,부딪힘·충돌
SAMPLE-00426,합성 예시 데이터,2024,2024-09-25,9,수요일,3,고학년,방과후,16:55,계단·복도,이동·보행,부딪힘·충돌
SAMPLE-00427,합성 예시 데이터,2025,2025-11-07,11,금요일,2,저학년,3교시,11:01,교실·학습공간,이동·보행,부딪힘·충돌
SAMPLE-00428,합성 예시 데이터,2021,2021-08-18,8,수요일,2,저학년,점심시간,12:12,급식·위생공간,이동·보행,미끄러짐
SAMPLE-00429,합성 예시 데이터,2021,2021-10-29,10,금요일,4,고학년,6교시,14:19,교실·학습공간,놀이·휴식,부딪힘·충돌
SAMPLE-00430,합성 예시 데이터,2024,2024-07-05,7,금요일,4,고학년,점심시간,12:48,급식·위생공간,식사·위생,넘어짐
SAMPLE-00431,합성 예시 데이터,2022,2022-03-31,3,목요일,6,고학년,4교시,12:09,계단·복도,이동·보행,넘어짐
SAMPLE-00432,합성 예시 데이터,2022,2022-05-26,5,목요일,2,저학년,쉬는시간,11:50,운동장,놀이·휴식,부딪힘·충돌
SAMPLE-00433,합성 예시 데이터,2025,2025-07-31,7,목요일,5,고학년,방과후,17:11,계단·복도,이동·보행,미끄러짐
SAMPLE-00434,합성 예시 데이터,2023,2023-03-21,3,화요일,5,고학년,1교시,09:02,강당·체육관,이동·보행,미끄러짐
SAMPLE-00435,합성 예시 데이터,2025,2025-11-10,11,월요일,6,고학년,방과후,14:44,강당·체육관,기타 체육,넘어짐
SAMPLE-00436,합성 예시 데이터,2025,2025-05-30,5,금요일,5,고학년,쉬는시간,11:16,계단·복도,이동·보행,넘어짐
SAMPLE-00437,합성 예시 데이터,2022,2022-06-27,6,월요일,4,고학년,3교시,10:45,강당·체육관,기타 체육,부딪힘·충돌
SAMPLE-00438,합성 예시 데이터,2022,2022-06-27,6,월요일,6,고학년,점심시간,12:15,교실·학습공간,수업·실습,넘어짐
SAMPLE-00439,합성 예시 데이터,2023,2023-10-30,10,월요일,5,고학년,6교시,13:51,강당·체육관,구기·라켓스포츠,물체에 맞음
SAMPLE-00440,합성 예시 데이터,2022,2022-03-15,3,화요일,2,저학년,하교,15:10,계단·복도,기타,기타
SAMPLE-00441,합성 예시 데이터,2022,2022-07-04,7,월요일,1,저학년,점심시간,12:38,급식·위생공간,식사·위생,미끄러짐
SAMPLE-00442,합성 예시 데이터,2023,2023-10-09,10,월요일,3,고학년,쉬는시간,10:54,운동장,기타 체육,기타
SAMPLE-00443,합성 예시 데이터,2021,2021-07-09,7,금요일,6,고학년,쉬는시간,09:40,교실·학습공간,수업·실습,물체에 맞음
SAMPLE-00444,합성 예시 데이터,2022,2022-12-14,12,수요일,5,고학년,등교 전,08:02,교실·학습공간,수업·실습,넘어짐
SAMPLE-00445,합성 예시 데이터,2021,2021-12-06,12,월요일,5,고학년,6교시,13:53,계단·복도,이동·보행,넘어짐
SAMPLE-00446,합성 예시 데이터,2023,2023-05-29,5,월요일,1,저학년,4교시,12:05,교실·학습공간,수업·실습,넘어짐
SAMPLE-00447,합성 예시 데이터,2024,2024-03-18,3,월요일,6,고학년,5교시,13:11,강당·체육관,구기·라켓스포츠,부딪힘·충돌
SAMPLE-00448,합성 예시 데이터,2025,2025-11-11,11,화요일,6,고학년,2교시,10:11,강당·체육관,기타 체육,넘어짐
SAMPLE-00449,합성 예시 데이터,2022,2022-08-18,8,목요일,6,고학년,4교시,11:50,교실·학습공간,수업·실습,부딪힘·충돌
SAMPLE-00450,합성 예시 데이터,2022,2022-09-22,9,목요일,2,저학년,점심시간,12:22,운동장,구기·라켓스포츠,물체에 맞음
SAMPLE-00451,합성 예시 데이터,2022,2022-05-05,5,목요일,5,고학년,6교시,14:14,강당·체육관,기타 체육,넘어짐
SAMPLE-00452,합성 예시 데이터,2024,2024-08-01,8,목요일,5,고학년,5교시,13:20,교실·학습공간,수업·실습,기타
SAMPLE-00453,합성 예시 데이터,2022,2022-08-16,8,화요일,5,고학년,등교 전,07:56,계단·복도,이동·보행,부딪힘·충돌
SAMPLE-00454,합성 예시 데이터,2022,2022-10-20,10,목요일,4,고학년,3교시,10:42,강당·체육관,이동·보행,부딪힘·충돌
SAMPLE-00455,합성 예시 데이터,2025,2025-11-13,11,목요일,2,저학년,쉬는시간,09:57,계단·복도,이동·보행,추락
SAMPLE-00456,합성 예시 데이터,2025,2025-09-18,9,목요일,4,고학년,1교시,09:25,강당·체육관,기타 체육,부딪힘·충돌
SAMPLE-00457,합성 예시 데이터,2021,2021-11-09,11,화요일,2,저학년,3교시,10:55,강당·체육관,구기·라켓스포츠,넘어짐
SAMPLE-00458,합성 예시 데이터,2024,2024-06-11,6,화요일,5,고학년,3교시,11:28,강당·체육관,이동·보행,미끄러짐
SAMPLE-00459,합성 예시 데이터,2022,2022-09-02,9,금요일,6,고학년,점심시간,12:55,급식·위생공간,식사·위생,화상
SAMPLE-00460,합성 예시 데이터,2025,2025-03-28,3,금요일,2,저학년,등교 전,07:57,교문·외부동선,놀이·휴식,넘어짐
SAMPLE-00461,합성 예시 데이터,2025,2025-07-24,7,목요일,3,고학년,점심시간,12:33,운동장,구기·라켓스포츠,물체에 맞음
SAMPLE-00462,합성 예시 데이터,2024,2024-09-03,9,화요일,5,고학년,4교시,11:36,운동장,기타 체육,부딪힘·충돌
SAMPLE-00463,합성 예시 데이터,2021,2021-09-03,9,금요일,1,저학년,점심시간,12:24,급식·위생공간,이동·보행,넘어짐
SAMPLE-00464,합성 예시 데이터,2021,2021-03-31,3,수요일,6,고학년,1교시,09:11,교실·학습공간,놀이·휴식,기타
SAMPLE-00465,합성 예시 데이터,2021,2021-04-05,4,월요일,5,고학년,3교시,10:47,운동장,구기·라켓스포츠,넘어짐
SAMPLE-00466,합성 예시 데이터,2025,2025-05-23,5,금요일,4,고학년,하교,14:54,계단·복도,놀이·휴식,넘어짐
SAMPLE-00467,합성 예시 데이터,2025,2025-05-19,5,월요일,1,저학년,쉬는시간,11:39,운동장,구기·라켓스포츠,부딪힘·충돌
SAMPLE-00468,합성 예시 데이터,2025,2025-03-19,3,수요일,6,고학년,5교시,13:07,강당·체육관,구기·라켓스포츠,물체에 맞음
SAMPLE-00469,합성 예시 데이터,2021,2021-05-20,5,목요일,6,고학년,6교시,13:52,강당·체육관,구기·라켓스포츠,물체에 맞음
SAMPLE-00470,합성 예시 데이터,2025,2025-12-09,12,화요일,3,고학년,등교 전,07:40,운동장,구기·라켓스포츠,넘어짐
SAMPLE-00471,합성 예시 데이터,2023,2023-06-27,6,화요일,6,고학년,쉬는시간,11:09,계단·복도,놀이·휴식,부딪힘·충돌
SAMPLE-00472,합성 예시 데이터,2025,2025-03-07,3,금요일,2,저학년,1교시,09:02,강당·체육관,구기·라켓스포츠,물체에 맞음
SAMPLE-00473,합성 예시 데이터,2021,2021-07-07,7,수요일,5,고학년,5교시,13:41,교실·학습공간,놀이·휴식,미끄러짐
SAMPLE-00474,합성 예시 데이터,2024,2024-07-19,7,금요일,3,고학년,1교시,09:49,운동장,기타 체육,부딪힘·충돌
SAMPLE-00475,합성 예시 데이터,2024,2024-05-03,5,금요일,1,저학년,쉬는시간,12:43,계단·복도,이동·보행,부딪힘·충돌
SAMPLE-00476,합성 예시 데이터,2023,2023-08-09,8,수요일,6,고학년,5교시,13:10,강당·체육관,기타 체육,부딪힘·충돌
SAMPLE-00477,합성 예시 데이터,2023,2023-09-01,9,금요일,5,고학년,5교시,13:07,교실·학습공간,이동·보행,부딪힘·충돌
SAMPLE-00478,합성 예시 데이터,2024,2024-08-01,8,목요일,4,고학년,하교,16:24,계단·복도,놀이·휴식,기타
SAMPLE-00479,합성 예시 데이터,2021,2021-09-03,9,금요일,3,고학년,쉬는시간,14:08,화장실·위생공간,이동·보행,추락
SAMPLE-00480,합성 예시 데이터,2024,2024-10-18,10,금요일,6,고학년,점심시간,12:45,교실·학습공간,이동·보행,넘어짐
SAMPLE-00481,합성 예시 데이터,2021,2021-06-29,6,화요일,1,저학년,쉬는시간,13:01,교실·학습공간,수업·실습,부딪힘·충돌
SAMPLE-00482,합성 예시 데이터,2024,2024-10-24,10,목요일,3,고학년,5교시,13:24,운동장,기타 체육,부딪힘·충돌
SAMPLE-00483,합성 예시 데이터,2025,2025-07-08,7,화요일,4,고학년,쉬는시간,11:28,화장실·위생공간,이동·보행,추락
SAMPLE-00484,합성 예시 데이터,2023,2023-12-19,12,화요일,5,고학년,3교시,10:43,계단·복도,놀이·휴식,부딪힘·충돌
SAMPLE-00485,합성 예시 데이터,2024,2024-11-06,11,수요일,1,저학년,방과후,16:51,교실·학습공간,놀이·휴식,넘어짐
SAMPLE-00486,합성 예시 데이터,2023,2023-07-11,7,화요일,3,고학년,방과후,14:35,강당·체육관,이동·보행,넘어짐
SAMPLE-00487,합성 예시 데이터,2025,2025-06-04,6,수요일,4,고학년,2교시,10:03,계단·복도,이동·보행,넘어짐
SAMPLE-00488,합성 예시 데이터,2024,2024-06-27,6,목요일,5,고학년,6교시,13:51,운동장,놀이·휴식,넘어짐
SAMPLE-00489,합성 예시 데이터,2025,2025-03-31,3,월요일,1,저학년,3교시,10:47,교실·학습공간,이동·보행,부딪힘·충돌
SAMPLE-00490,합성 예시 데이터,2022,2022-05-18,5,수요일,4,고학년,쉬는시간,14:18,교실·학습공간,수업·실습,물체에 맞음
SAMPLE-00491,합성 예시 데이터,2024,2024-08-30,8,금요일,1,저학년,하교,15:19,계단·복도,이동·보행,미끄러짐
SAMPLE-00492,합성 예시 데이터,2025,2025-09-30,9,화요일,5,고학년,쉬는시간,11:27,운동장,이동·보행,넘어짐
SAMPLE-00493,합성 예시 데이터,2022,2022-11-01,11,화요일,6,고학년,점심시간,12:52,계단·복도,이동·보행,추락
SAMPLE-00494,합성 예시 데이터,2021,2021-09-01,9,수요일,2,저학년,쉬는시간,11:06,계단·복도,이동·보행,넘어짐
SAMPLE-00495,합성 예시 데이터,2022,2022-09-16,9,금요일,1,저학년,2교시,10:18,교실·학습공간,수업·실습,부딪힘·충돌
SAMPLE-00496,합성 예시 데이터,2023,2023-12-13,12,수요일,1,저학년,쉬는시간,11:13,운동장,기타 체육,부딪힘·충돌
SAMPLE-00497,합성 예시 데이터,2024,2024-03-14,3,목요일,4,고학년,등교 전,08:51,교문·외부동선,놀이·휴식,미끄러짐
SAMPLE-00498,합성 예시 데이터,2024,2024-05-02,5,목요일,2,저학년,쉬는시간,13:03,운동장,기타 체육,부딪힘·충돌
SAMPLE-00499,합성 예시 데이터,2025,2025-11-28,11,금요일,5,고학년,점심시간,12:35,급식·위생공간,식사·위생,기타
SAMPLE-00500,합성 예시 데이터,2021,2021-06-02,6,수요일,3,고학년,쉬는시간,10:18,운동장,기타 체육,넘어짐
SAMPLE-00501,합성 예시 데이터,2025,2025-06-27,6,금요일,3,고학년,6교시,14:23,강당·체육관,구기·라켓스포츠,부딪힘·충돌
SAMPLE-00502,합성 예시 데이터,2024,2024-04-08,4,월요일,3,고학년,1교시,09:38,계단·복도,이동·보행,부딪힘·충돌
SAMPLE-00503,합성 예시 데이터,2022,2022-06-07,6,화요일,3,고학년,쉬는시간,09:53,교실·학습공간,놀이·휴식,부딪힘·충돌
SAMPLE-00504,합성 예시 데이터,2022,2022-06-21,6,화요일,5,고학년,6교시,14:11,교실·학습공간,수업·실습,넘어짐
SAMPLE-00505,합성 예시 데이터,2022,2022-09-29,9,목요일,2,저학년,3교시,10:41,교실·학습공간,놀이·휴식,넘어짐
SAMPLE-00506,합성 예시 데이터,2023,2023-10-30,10,월요일,4,고학년,쉬는시간,12:36,계단·복도,이동·보행,넘어짐
SAMPLE-00507,합성 예시 데이터,2021,2021-04-26,4,월요일,5,고학년,방과후,14:51,교실·학습공간,수업·실습,넘어짐
SAMPLE-00508,합성 예시 데이터,2021,2021-09-01,9,수요일,4,고학년,점심시간,12:19,계단·복도,놀이·휴식,넘어짐
SAMPLE-00509,합성 예시 데이터,2022,2022-10-17,10,월요일,5,고학년,4교시,12:03,계단·복도,이동·보행,넘어짐
SAMPLE-00510,합성 예시 데이터,2023,2023-05-12,5,금요일,6,고학년,1교시,09:13,강당·체육관,이동·보행,넘어짐
SAMPLE-00511,합성 예시 데이터,2024,2024-03-27,3,수요일,5,고학년,3교시,11:07,계단·복도,이동·보행,부딪힘·충돌
SAMPLE-00512,합성 예시 데이터,2025,2025-09-04,9,목요일,2,저학년,3교시,11:16,운동장,기타 체육,넘어짐
SAMPLE-00513,합성 예시 데이터,2025,2025-05-08,5,목요일,5,고학년,4교시,11:40,강당·체육관,구기·라켓스포츠,부딪힘·충돌
SAMPLE-00514,합성 예시 데이터,2023,2023-03-22,3,수요일,5,고학년,쉬는시간,14:19,교실·학습공간,이동·보행,부딪힘·충돌
SAMPLE-00515,합성 예시 데이터,2025,2025-06-11,6,수요일,1,저학년,하교,17:28,교실·학습공간,놀이·휴식,부딪힘·충돌
SAMPLE-00516,합성 예시 데이터,2021,2021-11-03,11,수요일,2,저학년,쉬는시간,13:39,운동장,구기·라켓스포츠,물체에 맞음
SAMPLE-00517,합성 예시 데이터,2022,2022-07-21,7,목요일,4,고학년,쉬는시간,12:34,계단·복도,이동·보행,미끄러짐
SAMPLE-00518,합성 예시 데이터,2025,2025-07-04,7,금요일,5,고학년,4교시,11:52,운동장,놀이·휴식,넘어짐
SAMPLE-00519,합성 예시 데이터,2025,2025-12-05,12,금요일,4,고학년,점심시간,12:17,계단·복도,놀이·휴식,미끄러짐
SAMPLE-00520,합성 예시 데이터,2023,2023-11-14,11,화요일,2,저학년,쉬는시간,10:47,화장실·위생공간,놀이·휴식,미끄러짐
SAMPLE-00521,합성 예시 데이터,2022,2022-04-20,4,수요일,6,고학년,3교시,10:54,강당·체육관,기타 체육,넘어짐
SAMPLE-00522,합성 예시 데이터,2021,2021-07-15,7,목요일,5,고학년,점심시간,12:58,계단·복도,놀이·휴식,넘어짐
SAMPLE-00523,합성 예시 데이터,2025,2025-05-08,5,목요일,5,고학년,6교시,13:59,강당·체육관,구기·라켓스포츠,넘어짐
SAMPLE-00524,합성 예시 데이터,2025,2025-11-24,11,월요일,4,고학년,3교시,11:07,강당·체육관,구기·라켓스포츠,부딪힘·충돌
SAMPLE-00525,합성 예시 데이터,2025,2025-04-30,4,수요일,5,고학년,2교시,10:31,교실·학습공간,수업·실습,부딪힘·충돌
SAMPLE-00526,합성 예시 데이터,2024,2024-10-03,10,목요일,2,저학년,1교시,09:08,교실·학습공간,놀이·휴식,넘어짐
SAMPLE-00527,합성 예시 데이터,2023,2023-08-08,8,화요일,6,고학년,점심시간,12:30,계단·복도,놀이·휴식,부딪힘·충돌
SAMPLE-00528,합성 예시 데이터,2021,2021-03-16,3,화요일,2,저학년,등교 전,07:48,교문·외부동선,놀이·휴식,부딪힘·충돌
SAMPLE-00529,합성 예시 데이터,2025,2025-04-30,4,수요일,5,고학년,점심시간,12:49,계단·복도,이동·보행,부딪힘·충돌
SAMPLE-00530,합성 예시 데이터,2023,2023-07-13,7,목요일,1,저학년,3교시,11:16,강당·체육관,구기·라켓스포츠,부딪힘·충돌
SAMPLE-00531,합성 예시 데이터,2025,2025-10-07,10,화요일,6,고학년,쉬는시간,12:27,교실·학습공간,놀이·휴식,부딪힘·충돌
SAMPLE-00532,합성 예시 데이터,2024,2024-08-14,8,수요일,1,저학년,2교시,10:07,계단·복도,놀이·휴식,넘어짐
SAMPLE-00533,합성 예시 데이터,2025,2025-05-28,5,수요일,4,고학년,3교시,11:25,교실·학습공간,수업·실습,부딪힘·충돌
SAMPLE-00534,합성 예시 데이터,2025,2025-08-07,8,목요일,1,저학년,1교시,09:04,계단·복도,이동·보행,추락
SAMPLE-00535,합성 예시 데이터,2025,2025-11-12,11,수요일,5,고학년,6교시,14:13,교실·학습공간,놀이·휴식,넘어짐
SAMPLE-00536,합성 예시 데이터,2024,2024-06-14,6,금요일,2,저학년,4교시,11:57,운동장,놀이·휴식,미끄러짐
SAMPLE-00537,합성 예시 데이터,2021,2021-03-10,3,수요일,6,고학년,점심시간,12:14,운동장,구기·라켓스포츠,부딪힘·충돌
SAMPLE-00538,합성 예시 데이터,2025,2025-10-09,10,목요일,1,저학년,하교,15:20,계단·복도,이동·보행,미끄러짐
SAMPLE-00539,합성 예시 데이터,2024,2024-06-28,6,금요일,6,고학년,쉬는시간,13:42,계단·복도,이동·보행,추락
SAMPLE-00540,합성 예시 데이터,2025,2025-11-18,11,화요일,3,고학년,2교시,10:25,교실·학습공간,수업·실습,물체에 맞음
SAMPLE-00541,합성 예시 데이터,2025,2025-08-11,8,월요일,5,고학년,방과후,14:56,교실·학습공간,수업·실습,넘어짐
SAMPLE-00542,합성 예시 데이터,2022,2022-11-16,11,수요일,5,고학년,6교시,13:54,교실·학습공간,수업·실습,부딪힘·충돌
SAMPLE-00543,합성 예시 데이터,2021,2021-07-29,7,목요일,2,저학년,쉬는시간,10:44,운동장,이동·보행,부딪힘·충돌
SAMPLE-00544,합성 예시 데이터,2023,2023-08-30,8,수요일,4,고학년,3교시,10:52,교실·학습공간,수업·실습,부딪힘·충돌
SAMPLE-00545,합성 예시 데이터,2022,2022-05-11,5,수요일,6,고학년,6교시,14:21,강당·체육관,기타 체육,부딪힘·충돌
SAMPLE-00546,합성 예시 데이터,2025,2025-05-16,5,금요일,6,고학년,하교,17:28,계단·복도,이동·보행,부딪힘·충돌
SAMPLE-00547,합성 예시 데이터,2025,2025-07-14,7,월요일,6,고학년,방과후,15:44,강당·체육관,이동·보행,넘어짐
SAMPLE-00548,합성 예시 데이터,2021,2021-05-14,5,금요일,6,고학년,쉬는시간,11:47,화장실·위생공간,식사·위생,기타
SAMPLE-00549,합성 예시 데이터,2023,2023-05-04,5,목요일,6,고학년,방과후,15:53,운동장,놀이·휴식,부딪힘·충돌
SAMPLE-00550,합성 예시 데이터,2022,2022-12-02,12,금요일,4,고학년,쉬는시간,11:15,계단·복도,놀이·휴식,부딪힘·충돌
SAMPLE-00551,합성 예시 데이터,2021,2021-09-07,9,화요일,4,고학년,5교시,13:15,운동장,구기·라켓스포츠,부딪힘·충돌
SAMPLE-00552,합성 예시 데이터,2023,2023-03-23,3,목요일,3,고학년,2교시,10:28,교실·학습공간,수업·실습,부딪힘·충돌
SAMPLE-00553,합성 예시 데이터,2023,2023-08-24,8,목요일,1,저학년,쉬는시간,11:08,교실·학습공간,수업·실습,넘어짐
SAMPLE-00554,합성 예시 데이터,2021,2021-09-17,9,금요일,2,저학년,4교시,11:51,강당·체육관,구기·라켓스포츠,물체에 맞음
SAMPLE-00555,합성 예시 데이터,2022,2022-09-02,9,금요일,1,저학년,3교시,11:26,교실·학습공간,수업·실습,넘어짐
SAMPLE-00556,합성 예시 데이터,2024,2024-11-12,11,화요일,6,고학년,점심시간,12:21,운동장,구기·라켓스포츠,물체에 맞음
SAMPLE-00557,합성 예시 데이터,2023,2023-07-13,7,목요일,1,저학년,쉬는시간,10:37,운동장,구기·라켓스포츠,부딪힘·충돌
SAMPLE-00558,합성 예시 데이터,2024,2024-03-12,3,화요일,1,저학년,5교시,13:19,계단·복도,놀이·휴식,부딪힘·충돌
SAMPLE-00559,합성 예시 데이터,2025,2025-06-27,6,금요일,2,저학년,점심시간,12:56,운동장,기타 체육,기타
SAMPLE-00560,합성 예시 데이터,2023,2023-07-27,7,목요일,1,저학년,3교시,10:52,운동장,구기·라켓스포츠,물체에 맞음
SAMPLE-00561,합성 예시 데이터,2024,2024-09-24,9,화요일,6,고학년,쉬는시간,10:58,교실·학습공간,놀이·휴식,넘어짐
SAMPLE-00562,합성 예시 데이터,2022,2022-06-07,6,화요일,3,고학년,점심시간,12:52,운동장,구기·라켓스포츠,부딪힘·충돌
SAMPLE-00563,합성 예시 데이터,2025,2025-11-21,11,금요일,3,고학년,4교시,11:43,교실·학습공간,수업·실습,넘어짐
SAMPLE-00564,합성 예시 데이터,2025,2025-07-30,7,수요일,4,고학년,점심시간,12:30,급식·위생공간,식사·위생,미끄러짐
SAMPLE-00565,합성 예시 데이터,2024,2024-10-31,10,목요일,3,고학년,4교시,11:47,교실·학습공간,수업·실습,물체에 맞음
SAMPLE-00566,합성 예시 데이터,2024,2024-05-13,5,월요일,5,고학년,1교시,09:01,강당·체육관,기타 체육,추락
SAMPLE-00567,합성 예시 데이터,2022,2022-08-08,8,월요일,3,고학년,2교시,10:11,운동장,기타 체육,기타
SAMPLE-00568,합성 예시 데이터,2021,2021-11-19,11,금요일,3,고학년,점심시간,12:22,교실·학습공간,수업·실습,물체에 맞음
SAMPLE-00569,합성 예시 데이터,2022,2022-12-01,12,목요일,5,고학년,6교시,14:27,운동장,놀이·휴식,넘어짐
SAMPLE-00570,합성 예시 데이터,2024,2024-12-20,12,금요일,3,고학년,쉬는시간,10:54,운동장,놀이·휴식,부딪힘·충돌
SAMPLE-00571,합성 예시 데이터,2024,2024-08-05,8,월요일,2,저학년,방과후,17:12,교실·학습공간,놀이·휴식,기타
SAMPLE-00572,합성 예시 데이터,2022,2022-03-02,3,수요일,6,고학년,쉬는시간,13:36,계단·복도,이동·보행,넘어짐
SAMPLE-00573,합성 예시 데이터,2022,2022-10-03,10,월요일,4,고학년,1교시,09:05,강당·체육관,기타 체육,넘어짐
SAMPLE-00574,합성 예시 데이터,2025,2025-08-15,8,금요일,6,고학년,쉬는시간,13:48,교실·학습공간,놀이·휴식,부딪힘·충돌
SAMPLE-00575,합성 예시 데이터,2024,2024-07-26,7,금요일,3,고학년,5교시,13:20,강당·체육관,구기·라켓스포츠,기타
SAMPLE-00576,합성 예시 데이터,2024,2024-03-28,3,목요일,4,고학년,3교시,11:00,강당·체육관,구기·라켓스포츠,물체에 맞음
SAMPLE-00577,합성 예시 데이터,2023,2023-11-02,11,목요일,3,고학년,점심시간,12:50,계단·복도,이동·보행,미끄러짐
SAMPLE-00578,합성 예시 데이터,2022,2022-09-13,9,화요일,1,저학년,방과후,14:34,운동장,구기·라켓스포츠,부딪힘·충돌
SAMPLE-00579,합성 예시 데이터,2025,2025-03-12,3,수요일,4,고학년,쉬는시간,11:00,화장실·위생공간,놀이·휴식,부딪힘·충돌
SAMPLE-00580,합성 예시 데이터,2023,2023-03-02,3,목요일,2,저학년,2교시,10:05,교실·학습공간,놀이·휴식,부딪힘·충돌
SAMPLE-00581,합성 예시 데이터,2024,2024-12-05,12,목요일,5,고학년,쉬는시간,11:32,화장실·위생공간,식사·위생,넘어짐
SAMPLE-00582,합성 예시 데이터,2022,2022-11-30,11,수요일,4,고학년,1교시,09:02,강당·체육관,이동·보행,미끄러짐
SAMPLE-00583,합성 예시 데이터,2025,2025-06-02,6,월요일,5,고학년,하교,17:30,계단·복도,이동·보행,넘어짐
SAMPLE-00584,합성 예시 데이터,2022,2022-10-05,10,수요일,1,저학년,방과후,16:23,운동장,놀이·휴식,넘어짐
SAMPLE-00585,합성 예시 데이터,2024,2024-04-23,4,화요일,5,고학년,점심시간,12:14,급식·위생공간,이동·보행,미끄러짐
SAMPLE-00586,합성 예시 데이터,2024,2024-10-30,10,수요일,3,고학년,6교시,13:51,강당·체육관,이동·보행,미끄러짐
SAMPLE-00587,합성 예시 데이터,2025,2025-09-04,9,목요일,2,저학년,쉬는시간,10:50,화장실·위생공간,놀이·휴식,미끄러짐
SAMPLE-00588,합성 예시 데이터,2023,2023-05-15,5,월요일,5,고학년,쉬는시간,11:55,운동장,이동·보행,추락
SAMPLE-00589,합성 예시 데이터,2022,2022-07-11,7,월요일,1,저학년,방과후,15:33,교실·학습공간,수업·실습,넘어짐
SAMPLE-00590,합성 예시 데이터,2021,2021-12-02,12,목요일,2,저학년,2교시,10:31,교실·학습공간,수업·실습,기타
SAMPLE-00591,합성 예시 데이터,2024,2024-10-11,10,금요일,5,고학년,쉬는시간,11:29,운동장,기타 체육,넘어짐
SAMPLE-00592,합성 예시 데이터,2024,2024-10-16,10,수요일,6,고학년,점심시간,12:18,급식·위생공간,놀이·휴식,부딪힘·충돌
SAMPLE-00593,합성 예시 데이터,2021,2021-10-06,10,수요일,3,고학년,쉬는시간,10:10,운동장,기타 체육,부딪힘·충돌
SAMPLE-00594,합성 예시 데이터,2022,2022-08-08,8,월요일,3,고학년,5교시,13:21,강당·체육관,이동·보행,넘어짐
SAMPLE-00595,합성 예시 데이터,2023,2023-05-11,5,목요일,4,고학년,점심시간,12:44,교실·학습공간,놀이·휴식,미끄러짐
SAMPLE-00596,합성 예시 데이터,2025,2025-08-22,8,금요일,6,고학년,5교시,13:44,강당·체육관,기타 체육,부딪힘·충돌
SAMPLE-00597,합성 예시 데이터,2025,2025-04-08,4,화요일,1,저학년,점심시간,12:35,운동장,구기·라켓스포츠,넘어짐
SAMPLE-00598,합성 예시 데이터,2023,2023-11-27,11,월요일,2,저학년,6교시,13:52,강당·체육관,구기·라켓스포츠,부딪힘·충돌
SAMPLE-00599,합성 예시 데이터,2023,2023-08-16,8,수요일,3,고학년,점심시간,12:23,계단·복도,놀이·휴식,미끄러짐
SAMPLE-00600,합성 예시 데이터,2022,2022-06-13,6,월요일,4,고학년,쉬는시간,14:14,교실·학습공간,수업·실습,물체에 맞음
SAMPLE-00601,합성 예시 데이터,2021,2021-03-15,3,월요일,3,고학년,쉬는시간,11:09,계단·복도,이동·보행,넘어짐
SAMPLE-00602,합성 예시 데이터,2023,2023-03-27,3,월요일,4,고학년,4교시,11:36,강당·체육관,기타 체육,부딪힘·충돌
SAMPLE-00603,합성 예시 데이터,2025,2025-07-16,7,수요일,5,고학년,6교시,14:11,계단·복도,이동·보행,미끄러짐
SAMPLE-00604,합성 예시 데이터,2023,2023-03-22,3,수요일,1,저학년,쉬는시간,12:51,교실·학습공간,수업·실습,넘어짐
SAMPLE-00605,합성 예시 데이터,2025,2025-05-29,5,목요일,3,고학년,점심시간,12:22,계단·복도,이동·보행,넘어짐
SAMPLE-00606,합성 예시 데이터,2021,2021-08-27,8,금요일,4,고학년,5교시,13:18,강당·체육관,기타 체육,넘어짐
SAMPLE-00607,합성 예시 데이터,2023,2023-12-20,12,수요일,3,고학년,점심시간,12:15,급식·위생공간,식사·위생,미끄러짐
SAMPLE-00608,합성 예시 데이터,2021,2021-09-09,9,목요일,6,고학년,4교시,12:03,교실·학습공간,놀이·휴식,넘어짐
SAMPLE-00609,합성 예시 데이터,2022,2022-11-09,11,수요일,3,고학년,3교시,11:03,계단·복도,이동·보행,넘어짐
SAMPLE-00610,합성 예시 데이터,2025,2025-09-01,9,월요일,2,저학년,3교시,10:49,교실·학습공간,수업·실습,물체에 맞음
SAMPLE-00611,합성 예시 데이터,2024,2024-05-01,5,수요일,4,고학년,쉬는시간,13:22,교실·학습공간,수업·실습,넘어짐
SAMPLE-00612,합성 예시 데이터,2021,2021-11-17,11,수요일,4,고학년,쉬는시간,10:04,운동장,구기·라켓스포츠,넘어짐
SAMPLE-00613,합성 예시 데이터,2021,2021-05-18,5,화요일,5,고학년,점심시간,12:36,계단·복도,이동·보행,미끄러짐
SAMPLE-00614,합성 예시 데이터,2021,2021-07-21,7,수요일,3,고학년,5교시,13:17,강당·체육관,기타 체육,넘어짐
SAMPLE-00615,합성 예시 데이터,2022,2022-06-13,6,월요일,1,저학년,쉬는시간,13:25,계단·복도,이동·보행,미끄러짐
SAMPLE-00616,합성 예시 데이터,2024,2024-08-15,8,목요일,4,고학년,2교시,10:17,강당·체육관,기타 체육,부딪힘·충돌
SAMPLE-00617,합성 예시 데이터,2025,2025-11-11,11,화요일,2,저학년,점심시간,12:55,급식·위생공간,식사·위생,미끄러짐
SAMPLE-00618,합성 예시 데이터,2024,2024-04-30,4,화요일,2,저학년,2교시,10:21,계단·복도,이동·보행,넘어짐
SAMPLE-00619,합성 예시 데이터,2024,2024-03-15,3,금요일,4,고학년,쉬는시간,09:53,화장실·위생공간,이동·보행,미끄러짐
SAMPLE-00620,합성 예시 데이터,2025,2025-09-23,9,화요일,3,고학년,쉬는시간,11:56,화장실·위생공간,이동·보행,넘어짐
SAMPLE-00621,합성 예시 데이터,2021,2021-11-03,11,수요일,6,고학년,하교,15:33,교실·학습공간,이동·보행,넘어짐
SAMPLE-00622,합성 예시 데이터,2022,2022-08-10,8,수요일,1,저학년,점심시간,12:52,급식·위생공간,식사·위생,넘어짐
SAMPLE-00623,합성 예시 데이터,2023,2023-08-31,8,목요일,4,고학년,쉬는시간,11:13,화장실·위생공간,놀이·휴식,부딪힘·충돌
SAMPLE-00624,합성 예시 데이터,2021,2021-05-03,5,월요일,6,고학년,3교시,11:26,강당·체육관,구기·라켓스포츠,물체에 맞음
SAMPLE-00625,합성 예시 데이터,2024,2024-09-24,9,화요일,3,고학년,방과후,15:29,강당·체육관,기타 체육,넘어짐
SAMPLE-00626,합성 예시 데이터,2023,2023-07-07,7,금요일,6,고학년,3교시,10:41,강당·체육관,구기·라켓스포츠,물체에 맞음
SAMPLE-00627,합성 예시 데이터,2023,2023-05-04,5,목요일,6,고학년,쉬는시간,10:43,계단·복도,놀이·휴식,부딪힘·충돌
SAMPLE-00628,합성 예시 데이터,2025,2025-10-21,10,화요일,1,저학년,쉬는시간,10:48,교실·학습공간,수업·실습,기타
SAMPLE-00629,합성 예시 데이터,2024,2024-05-07,5,화요일,4,고학년,3교시,11:07,교실·학습공간,놀이·휴식,넘어짐
SAMPLE-00630,합성 예시 데이터,2025,2025-12-17,12,수요일,1,저학년,하교,14:20,계단·복도,이동·보행,부딪힘·충돌
SAMPLE-00631,합성 예시 데이터,2024,2024-11-07,11,목요일,4,고학년,방과후,16:52,운동장,구기·라켓스포츠,부딪힘·충돌
SAMPLE-00632,합성 예시 데이터,2022,2022-07-04,7,월요일,2,저학년,1교시,09:49,교실·학습공간,이동·보행,추락
SAMPLE-00633,합성 예시 데이터,2024,2024-06-25,6,화요일,6,고학년,하교,14:30,계단·복도,이동·보행,넘어짐
SAMPLE-00634,합성 예시 데이터,2025,2025-03-17,3,월요일,1,저학년,방과후,17:14,강당·체육관,구기·라켓스포츠,물체에 맞음
SAMPLE-00635,합성 예시 데이터,2022,2022-12-05,12,월요일,6,고학년,쉬는시간,12:05,계단·복도,이동·보행,부딪힘·충돌
SAMPLE-00636,합성 예시 데이터,2023,2023-08-24,8,목요일,5,고학년,하교,14:21,계단·복도,놀이·휴식,넘어짐
SAMPLE-00637,합성 예시 데이터,2022,2022-11-07,11,월요일,3,고학년,4교시,12:06,교실·학습공간,수업·실습,부딪힘·충돌
SAMPLE-00638,합성 예시 데이터,2025,2025-03-20,3,목요일,6,고학년,1교시,09:31,계단·복도,기타,기타
SAMPLE-00639,합성 예시 데이터,2021,2021-04-07,4,수요일,4,고학년,하교,15:12,교문·외부동선,놀이·휴식,부딪힘·충돌
SAMPLE-00640,합성 예시 데이터,2025,2025-07-18,7,금요일,4,고학년,5교시,13:20,강당·체육관,구기·라켓스포츠,부딪힘·충돌
SAMPLE-00641,합성 예시 데이터,2025,2025-03-06,3,목요일,1,저학년,점심시간,12:13,교실·학습공간,수업·실습,물체에 맞음
SAMPLE-00642,합성 예시 데이터,2022,2022-09-30,9,금요일,1,저학년,쉬는시간,12:01,교실·학습공간,수업·실습,물체에 맞음
SAMPLE-00643,합성 예시 데이터,2024,2024-09-12,9,목요일,3,고학년,6교시,14:19,교실·학습공간,수업·실습,부딪힘·충돌
SAMPLE-00644,합성 예시 데이터,2024,2024-06-26,6,수요일,1,저학년,4교시,11:48,강당·체육관,기타 체육,넘어짐
SAMPLE-00645,합성 예시 데이터,2025,2025-05-01,5,목요일,4,고학년,하교,14:45,계단·복도,이동·보행,넘어짐
SAMPLE-00646,합성 예시 데이터,2022,2022-10-19,10,수요일,5,고학년,방과후,16:14,운동장,놀이·휴식,부딪힘·충돌
SAMPLE-00647,합성 예시 데이터,2023,2023-05-19,5,금요일,5,고학년,쉬는시간,11:04,교실·학습공간,수업·실습,기타
SAMPLE-00648,합성 예시 데이터,2023,2023-12-08,12,금요일,4,고학년,2교시,10:21,강당·체육관,구기·라켓스포츠,부딪힘·충돌
SAMPLE-00649,합성 예시 데이터,2024,2024-07-09,7,화요일,6,고학년,방과후,16:26,운동장,기타 체육,넘어짐
SAMPLE-00650,합성 예시 데이터,2021,2021-04-12,4,월요일,4,고학년,쉬는시간,12:39,교실·학습공간,이동·보행,부딪힘·충돌
SAMPLE-00651,합성 예시 데이터,2023,2023-03-31,3,금요일,5,고학년,5교시,13:12,강당·체육관,기타 체육,넘어짐
SAMPLE-00652,합성 예시 데이터,2025,2025-10-15,10,수요일,4,고학년,방과후,15:09,교실·학습공간,놀이·휴식,넘어짐
SAMPLE-00653,합성 예시 데이터,2021,2021-07-29,7,목요일,5,고학년,방과후,15:06,강당·체육관,기타 체육,기타
SAMPLE-00654,합성 예시 데이터,2021,2021-06-29,6,화요일,4,고학년,3교시,10:57,운동장,이동·보행,부딪힘·충돌
SAMPLE-00655,합성 예시 데이터,2025,2025-12-17,12,수요일,4,고학년,점심시간,12:21,교실·학습공간,이동·보행,넘어짐
SAMPLE-00656,합성 예시 데이터,2023,2023-09-21,9,목요일,6,고학년,하교,15:45,교문·외부동선,이동·보행,미끄러짐
SAMPLE-00657,합성 예시 데이터,2023,2023-11-17,11,금요일,2,저학년,쉬는시간,11:07,계단·복도,이동·보행,추락
SAMPLE-00658,합성 예시 데이터,2023,2023-12-06,12,수요일,2,저학년,방과후,15:54,교실·학습공간,이동·보행,넘어짐
SAMPLE-00659,합성 예시 데이터,2025,2025-08-11,8,월요일,1,저학년,5교시,13:11,강당·체육관,구기·라켓스포츠,부딪힘·충돌
SAMPLE-00660,합성 예시 데이터,2023,2023-09-08,9,금요일,1,저학년,점심시간,12:32,운동장,구기·라켓스포츠,기타
SAMPLE-00661,합성 예시 데이터,2023,2023-05-26,5,금요일,2,저학년,점심시간,12:39,계단·복도,이동·보행,미끄러짐
SAMPLE-00662,합성 예시 데이터,2021,2021-10-08,10,금요일,1,저학년,4교시,12:07,계단·복도,이동·보행,넘어짐
SAMPLE-00663,합성 예시 데이터,2023,2023-04-28,4,금요일,3,고학년,2교시,10:21,강당·체육관,기타 체육,부딪힘·충돌
SAMPLE-00664,합성 예시 데이터,2023,2023-03-09,3,목요일,1,저학년,점심시간,12:55,계단·복도,놀이·휴식,넘어짐
SAMPLE-00665,합성 예시 데이터,2023,2023-08-15,8,화요일,2,저학년,4교시,12:04,강당·체육관,구기·라켓스포츠,부딪힘·충돌
SAMPLE-00666,합성 예시 데이터,2024,2024-08-19,8,월요일,1,저학년,쉬는시간,10:34,계단·복도,기타,넘어짐
SAMPLE-00667,합성 예시 데이터,2021,2021-09-08,9,수요일,3,고학년,방과후,15:55,강당·체육관,기타 체육,부딪힘·충돌
SAMPLE-00668,합성 예시 데이터,2024,2024-08-12,8,월요일,6,고학년,쉬는시간,10:29,교실·학습공간,수업·실습,넘어짐
SAMPLE-00669,합성 예시 데이터,2023,2023-09-28,9,목요일,1,저학년,방과후,16:11,운동장,기타 체육,넘어짐
SAMPLE-00670,합성 예시 데이터,2025,2025-09-08,9,월요일,6,고학년,점심시간,12:11,급식·위생공간,놀이·휴식,부딪힘·충돌
SAMPLE-00671,합성 예시 데이터,2023,2023-12-04,12,월요일,5,고학년,쉬는시간,10:43,교실·학습공간,수업·실습,부딪힘·충돌
SAMPLE-00672,합성 예시 데이터,2024,2024-05-06,5,월요일,5,고학년,6교시,14:08,계단·복도,놀이·휴식,넘어짐
SAMPLE-00673,합성 예시 데이터,2022,2022-08-15,8,월요일,6,고학년,2교시,10:01,계단·복도,이동·보행,넘어짐
SAMPLE-00674,합성 예시 데이터,2025,2025-11-26,11,수요일,5,고학년,4교시,11:53,교실·학습공간,이동·보행,넘어짐
SAMPLE-00675,합성 예시 데이터,2022,2022-11-30,11,수요일,1,저학년,점심시간,12:30,계단·복도,이동·보행,넘어짐
SAMPLE-00676,합성 예시 데이터,2022,2022-04-21,4,목요일,3,고학년,쉬는시간,11:08,계단·복도,이동·보행,넘어짐
SAMPLE-00677,합성 예시 데이터,2023,2023-07-25,7,화요일,1,저학년,점심시간,12:30,교실·학습공간,수업·실습,넘어짐
SAMPLE-00678,합성 예시 데이터,2023,2023-07-21,7,금요일,6,고학년,3교시,11:19,교실·학습공간,수업·실습,부딪힘·충돌
SAMPLE-00679,합성 예시 데이터,2021,2021-09-14,9,화요일,4,고학년,2교시,09:57,운동장,구기·라켓스포츠,기타
SAMPLE-00680,합성 예시 데이터,2023,2023-09-25,9,월요일,2,저학년,5교시,13:31,계단·복도,이동·보행,부딪힘·충돌
SAMPLE-00681,합성 예시 데이터,2024,2024-07-11,7,목요일,3,고학년,점심시간,12:28,운동장,놀이·휴식,부딪힘·충돌
SAMPLE-00682,합성 예시 데이터,2022,2022-05-02,5,월요일,2,저학년,하교,14:29,교문·외부동선,이동·보행,미끄러짐
SAMPLE-00683,합성 예시 데이터,2021,2021-03-18,3,목요일,2,저학년,점심시간,12:23,교실·학습공간,수업·실습,넘어짐
SAMPLE-00684,합성 예시 데이터,2025,2025-06-05,6,목요일,5,고학년,4교시,12:04,교실·학습공간,수업·실습,넘어짐
SAMPLE-00685,합성 예시 데이터,2025,2025-09-25,9,목요일,2,저학년,6교시,13:53,교실·학습공간,이동·보행,넘어짐
SAMPLE-00686,합성 예시 데이터,2021,2021-10-11,10,월요일,6,고학년,방과후,16:42,강당·체육관,구기·라켓스포츠,물체에 맞음
SAMPLE-00687,합성 예시 데이터,2025,2025-04-07,4,월요일,4,고학년,6교시,14:18,교실·학습공간,수업·실습,넘어짐
SAMPLE-00688,합성 예시 데이터,2024,2024-11-29,11,금요일,2,저학년,점심시간,12:53,계단·복도,이동·보행,부딪힘·충돌
SAMPLE-00689,합성 예시 데이터,2022,2022-05-02,5,월요일,6,고학년,3교시,11:22,운동장,구기·라켓스포츠,부딪힘·충돌
SAMPLE-00690,합성 예시 데이터,2021,2021-03-11,3,목요일,2,저학년,4교시,11:51,운동장,구기·라켓스포츠,물체에 맞음
SAMPLE-00691,합성 예시 데이터,2023,2023-08-07,8,월요일,5,고학년,3교시,11:00,교실·학습공간,이동·보행,넘어짐
SAMPLE-00692,합성 예시 데이터,2024,2024-08-05,8,월요일,3,고학년,6교시,14:18,강당·체육관,구기·라켓스포츠,부딪힘·충돌
SAMPLE-00693,합성 예시 데이터,2022,2022-09-05,9,월요일,3,고학년,1교시,09:17,계단·복도,놀이·휴식,넘어짐
SAMPLE-00694,합성 예시 데이터,2024,2024-04-18,4,목요일,4,고학년,방과후,16:26,강당·체육관,구기·라켓스포츠,물체에 맞음
SAMPLE-00695,합성 예시 데이터,2025,2025-03-20,3,목요일,1,저학년,쉬는시간,13:50,계단·복도,이동·보행,넘어짐
SAMPLE-00696,합성 예시 데이터,2021,2021-09-29,9,수요일,5,고학년,방과후,16:24,계단·복도,이동·보행,미끄러짐
SAMPLE-00697,합성 예시 데이터,2023,2023-11-28,11,화요일,6,고학년,방과후,15:40,운동장,구기·라켓스포츠,넘어짐
SAMPLE-00698,합성 예시 데이터,2022,2022-11-30,11,수요일,4,고학년,4교시,12:06,강당·체육관,이동·보행,부딪힘·충돌
SAMPLE-00699,합성 예시 데이터,2024,2024-04-04,4,목요일,2,저학년,쉬는시간,14:04,화장실·위생공간,식사·위생,넘어짐
SAMPLE-00700,합성 예시 데이터,2022,2022-09-16,9,금요일,5,고학년,쉬는시간,10:25,계단·복도,이동·보행,넘어짐
SAMPLE-00701,합성 예시 데이터,2025,2025-03-10,3,월요일,3,고학년,6교시,13:55,강당·체육관,기타 체육,부딪힘·충돌
SAMPLE-00702,합성 예시 데이터,2024,2024-04-02,4,화요일,2,저학년,2교시,10:20,교실·학습공간,놀이·휴식,부딪힘·충돌
SAMPLE-00703,합성 예시 데이터,2025,2025-12-10,12,수요일,3,고학년,하교,15:52,운동장,놀이·휴식,넘어짐
SAMPLE-00704,합성 예시 데이터,2021,2021-11-05,11,금요일,3,고학년,점심시간,12:27,교실·학습공간,수업·실습,부딪힘·충돌
SAMPLE-00705,합성 예시 데이터,2024,2024-11-25,11,월요일,5,고학년,쉬는시간,09:47,계단·복도,이동·보행,미끄러짐
SAMPLE-00706,합성 예시 데이터,2022,2022-09-05,9,월요일,5,고학년,1교시,09:49,교실·학습공간,수업·실습,부딪힘·충돌
SAMPLE-00707,합성 예시 데이터,2024,2024-09-12,9,목요일,3,고학년,6교시,14:16,계단·복도,놀이·휴식,미끄러짐
SAMPLE-00708,합성 예시 데이터,2021,2021-03-18,3,목요일,4,고학년,쉬는시간,13:25,교실·학습공간,이동·보행,부딪힘·충돌
SAMPLE-00709,합성 예시 데이터,2023,2023-08-28,8,월요일,4,고학년,방과후,15:28,강당·체육관,기타 체육,기타
SAMPLE-00710,합성 예시 데이터,2023,2023-06-19,6,월요일,6,고학년,4교시,12:04,운동장,구기·라켓스포츠,기타
SAMPLE-00711,합성 예시 데이터,2022,2022-08-30,8,화요일,4,고학년,점심시간,12:10,급식·위생공간,식사·위생,미끄러짐
SAMPLE-00712,합성 예시 데이터,2022,2022-05-16,5,월요일,2,저학년,3교시,10:48,교실·학습공간,놀이·휴식,미끄러짐
SAMPLE-00713,합성 예시 데이터,2025,2025-06-26,6,목요일,4,고학년,5교시,13:24,강당·체육관,구기·라켓스포츠,부딪힘·충돌
SAMPLE-00714,합성 예시 데이터,2021,2021-07-22,7,목요일,5,고학년,쉬는시간,10:43,교실·학습공간,수업·실습,부딪힘·충돌
SAMPLE-00715,합성 예시 데이터,2024,2024-10-01,10,화요일,3,고학년,2교시,10:10,계단·복도,기타,부딪힘·충돌
SAMPLE-00716,합성 예시 데이터,2022,2022-10-19,10,수요일,4,고학년,6교시,14:04,강당·체육관,구기·라켓스포츠,부딪힘·충돌
SAMPLE-00717,합성 예시 데이터,2024,2024-05-06,5,월요일,4,고학년,방과후,15:19,강당·체육관,이동·보행,넘어짐
SAMPLE-00718,합성 예시 데이터,2021,2021-11-30,11,화요일,5,고학년,2교시,10:12,운동장,이동·보행,넘어짐
SAMPLE-00719,합성 예시 데이터,2022,2022-08-03,8,수요일,2,저학년,쉬는시간,12:22,운동장,구기·라켓스포츠,부딪힘·충돌
SAMPLE-00720,합성 예시 데이터,2021,2021-06-30,6,수요일,2,저학년,쉬는시간,11:54,계단·복도,이동·보행,부딪힘·충돌
SAMPLE-00721,합성 예시 데이터,2021,2021-08-26,8,목요일,1,저학년,점심시간,12:17,교실·학습공간,수업·실습,물체에 맞음
SAMPLE-00722,합성 예시 데이터,2021,2021-07-28,7,수요일,6,고학년,6교시,14:14,운동장,기타 체육,추락
SAMPLE-00723,합성 예시 데이터,2022,2022-03-17,3,목요일,4,고학년,5교시,13:07,운동장,기타 체육,부딪힘·충돌
SAMPLE-00724,합성 예시 데이터,2023,2023-08-25,8,금요일,3,고학년,1교시,09:06,교실·학습공간,수업·실습,물체에 맞음
SAMPLE-00725,합성 예시 데이터,2023,2023-10-24,10,화요일,6,고학년,5교시,13:03,교실·학습공간,이동·보행,넘어짐
SAMPLE-00726,합성 예시 데이터,2025,2025-06-27,6,금요일,5,고학년,방과후,15:36,강당·체육관,구기·라켓스포츠,물체에 맞음
SAMPLE-00727,합성 예시 데이터,2021,2021-11-10,11,수요일,6,고학년,3교시,11:05,교실·학습공간,수업·실습,넘어짐
SAMPLE-00728,합성 예시 데이터,2025,2025-04-08,4,화요일,4,고학년,쉬는시간,13:17,교실·학습공간,놀이·휴식,부딪힘·충돌
SAMPLE-00729,합성 예시 데이터,2024,2024-04-02,4,화요일,2,저학년,쉬는시간,12:39,교실·학습공간,수업·실습,부딪힘·충돌
SAMPLE-00730,합성 예시 데이터,2021,2021-08-30,8,월요일,2,저학년,쉬는시간,13:00,화장실·위생공간,식사·위생,미끄러짐
SAMPLE-00731,합성 예시 데이터,2022,2022-12-06,12,화요일,4,고학년,점심시간,12:48,운동장,놀이·휴식,넘어짐
SAMPLE-00732,합성 예시 데이터,2024,2024-03-19,3,화요일,4,고학년,하교,14:40,계단·복도,기타,부딪힘·충돌
SAMPLE-00733,합성 예시 데이터,2024,2024-05-16,5,목요일,2,저학년,4교시,11:32,강당·체육관,기타 체육,추락
SAMPLE-00734,합성 예시 데이터,2021,2021-05-11,5,화요일,3,고학년,1교시,09:26,강당·체육관,이동·보행,부딪힘·충돌
SAMPLE-00735,합성 예시 데이터,2023,2023-04-06,4,목요일,6,고학년,쉬는시간,11:43,교실·학습공간,놀이·휴식,미끄러짐
SAMPLE-00736,합성 예시 데이터,2021,2021-05-03,5,월요일,5,고학년,하교,14:08,계단·복도,놀이·휴식,미끄러짐
SAMPLE-00737,합성 예시 데이터,2021,2021-09-17,9,금요일,4,고학년,6교시,14:18,운동장,기타 체육,넘어짐
SAMPLE-00738,합성 예시 데이터,2024,2024-08-26,8,월요일,1,저학년,4교시,12:09,교실·학습공간,수업·실습,물체에 맞음
SAMPLE-00739,합성 예시 데이터,2025,2025-06-09,6,월요일,4,고학년,5교시,13:33,계단·복도,이동·보행,넘어짐
SAMPLE-00740,합성 예시 데이터,2024,2024-08-09,8,금요일,6,고학년,4교시,11:59,운동장,놀이·휴식,넘어짐
SAMPLE-00741,합성 예시 데이터,2025,2025-04-03,4,목요일,6,고학년,점심시간,12:23,급식·위생공간,이동·보행,넘어짐
SAMPLE-00742,합성 예시 데이터,2024,2024-03-22,3,금요일,5,고학년,6교시,14:21,운동장,구기·라켓스포츠,기타
SAMPLE-00743,합성 예시 데이터,2025,2025-03-05,3,수요일,3,고학년,5교시,13:27,교실·학습공간,수업·실습,물체에 맞음
SAMPLE-00744,합성 예시 데이터,2021,2021-04-19,4,월요일,4,고학년,4교시,11:45,운동장,구기·라켓스포츠,넘어짐
SAMPLE-00745,합성 예시 데이터,2022,2022-08-08,8,월요일,1,저학년,1교시,09:26,교실·학습공간,놀이·휴식,부딪힘·충돌
SAMPLE-00746,합성 예시 데이터,2023,2023-11-07,11,화요일,2,저학년,하교,16:38,계단·복도,이동·보행,추락
SAMPLE-00747,합성 예시 데이터,2022,2022-12-07,12,수요일,6,고학년,쉬는시간,13:57,운동장,구기·라켓스포츠,부딪힘·충돌
SAMPLE-00748,합성 예시 데이터,2023,2023-11-03,11,금요일,6,고학년,하교,14:09,계단·복도,이동·보행,추락
SAMPLE-00749,합성 예시 데이터,2024,2024-06-07,6,금요일,2,저학년,5교시,13:17,교실·학습공간,놀이·휴식,넘어짐
SAMPLE-00750,합성 예시 데이터,2023,2023-11-14,11,화요일,2,저학년,쉬는시간,10:54,교실·학습공간,놀이·휴식,부딪힘·충돌
SAMPLE-00751,합성 예시 데이터,2024,2024-08-07,8,수요일,4,고학년,쉬는시간,09:54,계단·복도,기타,넘어짐
SAMPLE-00752,합성 예시 데이터,2023,2023-04-14,4,금요일,4,고학년,점심시간,12:19,운동장,놀이·휴식,넘어짐
SAMPLE-00753,합성 예시 데이터,2024,2024-06-05,6,수요일,6,고학년,쉬는시간,09:46,운동장,놀이·휴식,넘어짐
SAMPLE-00754,합성 예시 데이터,2025,2025-07-02,7,수요일,6,고학년,하교,15:11,교문·외부동선,이동·보행,넘어짐
SAMPLE-00755,합성 예시 데이터,2021,2021-07-28,7,수요일,6,고학년,쉬는시간,11:43,화장실·위생공간,식사·위생,미끄러짐
SAMPLE-00756,합성 예시 데이터,2021,2021-03-12,3,금요일,4,고학년,5교시,13:43,운동장,기타 체육,넘어짐
SAMPLE-00757,합성 예시 데이터,2024,2024-11-15,11,금요일,4,고학년,하교,16:09,계단·복도,이동·보행,미끄러짐
SAMPLE-00758,합성 예시 데이터,2023,2023-03-07,3,화요일,2,저학년,4교시,11:39,강당·체육관,기타 체육,부딪힘·충돌
SAMPLE-00759,합성 예시 데이터,2024,2024-07-30,7,화요일,3,고학년,3교시,11:21,교실·학습공간,수업·실습,넘어짐
SAMPLE-00760,합성 예시 데이터,2021,2021-09-30,9,목요일,1,저학년,2교시,10:38,교실·학습공간,놀이·휴식,기타
SAMPLE-00761,합성 예시 데이터,2025,2025-09-18,9,목요일,4,고학년,6교시,13:51,계단·복도,이동·보행,넘어짐
SAMPLE-00762,합성 예시 데이터,2023,2023-07-03,7,월요일,5,고학년,3교시,11:08,교실·학습공간,놀이·휴식,기타
SAMPLE-00763,합성 예시 데이터,2022,2022-04-07,4,목요일,2,저학년,4교시,11:44,강당·체육관,구기·라켓스포츠,넘어짐
SAMPLE-00764,합성 예시 데이터,2025,2025-08-14,8,목요일,3,고학년,4교시,11:35,강당·체육관,이동·보행,미끄러짐
SAMPLE-00765,합성 예시 데이터,2025,2025-04-25,4,금요일,2,저학년,하교,15:23,계단·복도,이동·보행,부딪힘·충돌
SAMPLE-00766,합성 예시 데이터,2021,2021-08-25,8,수요일,5,고학년,4교시,11:43,교실·학습공간,수업·실습,부딪힘·충돌
SAMPLE-00767,합성 예시 데이터,2025,2025-09-01,9,월요일,3,고학년,4교시,11:47,운동장,기타 체육,기타
SAMPLE-00768,합성 예시 데이터,2022,2022-03-29,3,화요일,1,저학년,점심시간,12:28,교실·학습공간,수업·실습,물체에 맞음
SAMPLE-00769,합성 예시 데이터,2021,2021-06-16,6,수요일,4,고학년,3교시,10:56,운동장,구기·라켓스포츠,부딪힘·충돌
SAMPLE-00770,합성 예시 데이터,2025,2025-07-03,7,목요일,1,저학년,점심시간,12:48,운동장,구기·라켓스포츠,물체에 맞음
SAMPLE-00771,합성 예시 데이터,2023,2023-06-01,6,목요일,2,저학년,점심시간,12:55,교실·학습공간,수업·실습,부딪힘·충돌
SAMPLE-00772,합성 예시 데이터,2022,2022-11-08,11,화요일,3,고학년,5교시,13:00,교실·학습공간,수업·실습,기타
SAMPLE-00773,합성 예시 데이터,2022,2022-05-19,5,목요일,5,고학년,6교시,14:14,계단·복도,이동·보행,미끄러짐
SAMPLE-00774,합성 예시 데이터,2023,2023-07-03,7,월요일,1,저학년,2교시,10:39,교실·학습공간,수업·실습,부딪힘·충돌
SAMPLE-00775,합성 예시 데이터,2022,2022-04-29,4,금요일,2,저학년,5교시,13:05,강당·체육관,구기·라켓스포츠,부딪힘·충돌
SAMPLE-00776,합성 예시 데이터,2023,2023-08-25,8,금요일,6,고학년,쉬는시간,11:41,교실·학습공간,놀이·휴식,부딪힘·충돌
SAMPLE-00777,합성 예시 데이터,2021,2021-03-18,3,목요일,1,저학년,하교,15:28,계단·복도,놀이·휴식,넘어짐
SAMPLE-00778,합성 예시 데이터,2021,2021-09-01,9,수요일,4,고학년,하교,17:11,운동장,구기·라켓스포츠,부딪힘·충돌
SAMPLE-00779,합성 예시 데이터,2024,2024-10-28,10,월요일,1,저학년,5교시,13:13,강당·체육관,구기·라켓스포츠,넘어짐
SAMPLE-00780,합성 예시 데이터,2023,2023-08-01,8,화요일,3,고학년,쉬는시간,10:10,화장실·위생공간,놀이·휴식,미끄러짐
SAMPLE-00781,합성 예시 데이터,2024,2024-07-08,7,월요일,4,고학년,5교시,13:26,계단·복도,놀이·휴식,넘어짐
SAMPLE-00782,합성 예시 데이터,2022,2022-04-07,4,목요일,6,고학년,5교시,13:20,계단·복도,이동·보행,부딪힘·충돌
SAMPLE-00783,합성 예시 데이터,2024,2024-11-20,11,수요일,5,고학년,쉬는시간,10:58,운동장,구기·라켓스포츠,기타
SAMPLE-00784,합성 예시 데이터,2024,2024-09-06,9,금요일,4,고학년,1교시,09:07,강당·체육관,기타 체육,부딪힘·충돌
SAMPLE-00785,합성 예시 데이터,2023,2023-06-01,6,목요일,6,고학년,2교시,10:23,교실·학습공간,수업·실습,물체에 맞음
SAMPLE-00786,합성 예시 데이터,2025,2025-11-20,11,목요일,1,저학년,2교시,10:38,강당·체육관,이동·보행,넘어짐
SAMPLE-00787,합성 예시 데이터,2024,2024-11-14,11,목요일,6,고학년,5교시,13:37,계단·복도,이동·보행,넘어짐
SAMPLE-00788,합성 예시 데이터,2023,2023-04-17,4,월요일,2,저학년,방과후,16:40,교실·학습공간,수업·실습,물체에 맞음
SAMPLE-00789,합성 예시 데이터,2023,2023-05-16,5,화요일,6,고학년,6교시,14:25,강당·체육관,이동·보행,미끄러짐
SAMPLE-00790,합성 예시 데이터,2025,2025-07-31,7,목요일,1,저학년,쉬는시간,10:40,운동장,구기·라켓스포츠,넘어짐
SAMPLE-00791,합성 예시 데이터,2022,2022-10-24,10,월요일,4,고학년,하교,14:59,교실·학습공간,놀이·휴식,넘어짐
SAMPLE-00792,합성 예시 데이터,2025,2025-11-20,11,목요일,2,저학년,쉬는시간,12:33,교실·학습공간,수업·실습,기타
SAMPLE-00793,합성 예시 데이터,2021,2021-03-22,3,월요일,3,고학년,2교시,10:28,강당·체육관,기타 체육,넘어짐
SAMPLE-00794,합성 예시 데이터,2025,2025-06-12,6,목요일,4,고학년,쉬는시간,11:40,교실·학습공간,수업·실습,부딪힘·충돌
SAMPLE-00795,합성 예시 데이터,2025,2025-04-24,4,목요일,1,저학년,방과후,16:12,운동장,놀이·휴식,부딪힘·충돌
SAMPLE-00796,합성 예시 데이터,2021,2021-04-02,4,금요일,1,저학년,점심시간,12:16,급식·위생공간,식사·위생,화상
SAMPLE-00797,합성 예시 데이터,2025,2025-10-28,10,화요일,6,고학년,쉬는시간,11:13,교실·학습공간,놀이·휴식,넘어짐
SAMPLE-00798,합성 예시 데이터,2024,2024-09-11,9,수요일,2,저학년,4교시,11:32,계단·복도,이동·보행,넘어짐
SAMPLE-00799,합성 예시 데이터,2024,2024-07-22,7,월요일,3,고학년,4교시,11:56,교실·학습공간,수업·실습,기타
SAMPLE-00800,합성 예시 데이터,2023,2023-06-23,6,금요일,5,고학년,방과후,16:09,운동장,기타 체육,넘어짐
SAMPLE-00801,합성 예시 데이터,2025,2025-10-08,10,수요일,3,고학년,점심시간,12:33,계단·복도,이동·보행,부딪힘·충돌
SAMPLE-00802,합성 예시 데이터,2024,2024-06-11,6,화요일,4,고학년,2교시,10:11,계단·복도,이동·보행,부딪힘·충돌
SAMPLE-00803,합성 예시 데이터,2024,2024-04-23,4,화요일,4,고학년,쉬는시간,14:14,교실·학습공간,수업·실습,물체에 맞음
SAMPLE-00804,합성 예시 데이터,2024,2024-03-08,3,금요일,6,고학년,하교,16:00,계단·복도,이동·보행,추락
SAMPLE-00805,합성 예시 데이터,2021,2021-06-04,6,금요일,6,고학년,점심시간,12:16,계단·복도,이동·보행,넘어짐
SAMPLE-00806,합성 예시 데이터,2022,2022-07-20,7,수요일,3,고학년,3교시,11:19,교실·학습공간,수업·실습,기타
SAMPLE-00807,합성 예시 데이터,2023,2023-06-01,6,목요일,2,저학년,쉬는시간,13:47,교실·학습공간,수업·실습,물체에 맞음
SAMPLE-00808,합성 예시 데이터,2022,2022-03-09,3,수요일,4,고학년,2교시,10:36,계단·복도,이동·보행,넘어짐
SAMPLE-00809,합성 예시 데이터,2023,2023-04-28,4,금요일,3,고학년,1교시,09:10,강당·체육관,구기·라켓스포츠,부딪힘·충돌
SAMPLE-00810,합성 예시 데이터,2024,2024-03-19,3,화요일,2,저학년,하교,15:21,계단·복도,이동·보행,미끄러짐
SAMPLE-00811,합성 예시 데이터,2024,2024-05-13,5,월요일,5,고학년,점심시간,12:41,계단·복도,이동·보행,넘어짐
SAMPLE-00812,합성 예시 데이터,2023,2023-09-04,9,월요일,3,고학년,쉬는시간,12:32,교실·학습공간,수업·실습,넘어짐
SAMPLE-00813,합성 예시 데이터,2023,2023-07-14,7,금요일,6,고학년,점심시간,12:53,급식·위생공간,식사·위생,기타
SAMPLE-00814,합성 예시 데이터,2023,2023-04-19,4,수요일,4,고학년,6교시,14:28,강당·체육관,이동·보행,넘어짐
SAMPLE-00815,합성 예시 데이터,2022,2022-09-27,9,화요일,2,저학년,하교,15:22,교실·학습공간,이동·보행,넘어짐
SAMPLE-00816,합성 예시 데이터,2024,2024-03-13,3,수요일,4,고학년,1교시,09:41,교실·학습공간,수업·실습,넘어짐
SAMPLE-00817,합성 예시 데이터,2022,2022-05-16,5,월요일,1,저학년,쉬는시간,11:26,계단·복도,이동·보행,추락
SAMPLE-00818,합성 예시 데이터,2021,2021-09-08,9,수요일,3,고학년,6교시,14:03,운동장,놀이·휴식,부딪힘·충돌
SAMPLE-00819,합성 예시 데이터,2022,2022-03-07,3,월요일,4,고학년,5교시,13:26,교실·학습공간,이동·보행,미끄러짐
SAMPLE-00820,합성 예시 데이터,2021,2021-07-13,7,화요일,2,저학년,5교시,13:45,운동장,놀이·휴식,부딪힘·충돌
SAMPLE-00821,합성 예시 데이터,2022,2022-12-08,12,목요일,2,저학년,등교 전,08:29,교문·외부동선,이동·보행,미끄러짐
SAMPLE-00822,합성 예시 데이터,2022,2022-12-19,12,월요일,2,저학년,하교,17:17,교실·학습공간,수업·실습,넘어짐
SAMPLE-00823,합성 예시 데이터,2025,2025-07-08,7,화요일,5,고학년,2교시,10:14,계단·복도,이동·보행,미끄러짐
SAMPLE-00824,합성 예시 데이터,2023,2023-08-28,8,월요일,1,저학년,3교시,11:18,교실·학습공간,이동·보행,부딪힘·충돌
SAMPLE-00825,합성 예시 데이터,2023,2023-09-25,9,월요일,5,고학년,하교,17:08,운동장,기타 체육,넘어짐
SAMPLE-00826,합성 예시 데이터,2021,2021-06-01,6,화요일,3,고학년,1교시,09:46,교실·학습공간,수업·실습,넘어짐
SAMPLE-00827,합성 예시 데이터,2023,2023-08-29,8,화요일,5,고학년,쉬는시간,10:41,교실·학습공간,수업·실습,넘어짐
SAMPLE-00828,합성 예시 데이터,2021,2021-11-05,11,금요일,6,고학년,등교 전,07:53,교실·학습공간,수업·실습,부딪힘·충돌
SAMPLE-00829,합성 예시 데이터,2023,2023-06-20,6,화요일,6,고학년,방과후,15:13,운동장,기타 체육,부딪힘·충돌
SAMPLE-00830,합성 예시 데이터,2023,2023-08-18,8,금요일,6,고학년,점심시간,12:28,급식·위생공간,이동·보행,넘어짐
SAMPLE-00831,합성 예시 데이터,2024,2024-12-12,12,목요일,2,저학년,4교시,12:06,계단·복도,이동·보행,넘어짐
SAMPLE-00832,합성 예시 데이터,2021,2021-09-01,9,수요일,5,고학년,점심시간,12:33,계단·복도,이동·보행,부딪힘·충돌
SAMPLE-00833,합성 예시 데이터,2025,2025-10-09,10,목요일,6,고학년,방과후,15:54,계단·복도,이동·보행,추락
SAMPLE-00834,합성 예시 데이터,2022,2022-06-07,6,화요일,6,고학년,쉬는시간,13:34,운동장,기타 체육,기타
SAMPLE-00835,합성 예시 데이터,2024,2024-07-12,7,금요일,2,저학년,쉬는시간,13:52,교실·학습공간,놀이·휴식,부딪힘·충돌
SAMPLE-00836,합성 예시 데이터,2023,2023-09-29,9,금요일,2,저학년,등교 전,08:24,계단·복도,이동·보행,미끄러짐
SAMPLE-00837,합성 예시 데이터,2021,2021-08-16,8,월요일,5,고학년,점심시간,12:27,교실·학습공간,이동·보행,넘어짐
SAMPLE-00838,합성 예시 데이터,2023,2023-06-09,6,금요일,5,고학년,점심시간,12:44,급식·위생공간,식사·위생,넘어짐
SAMPLE-00839,합성 예시 데이터,2022,2022-07-25,7,월요일,4,고학년,쉬는시간,12:48,운동장,구기·라켓스포츠,부딪힘·충돌
SAMPLE-00840,합성 예시 데이터,2022,2022-06-24,6,금요일,1,저학년,쉬는시간,13:37,계단·복도,이동·보행,미끄러짐
SAMPLE-00841,합성 예시 데이터,2021,2021-11-19,11,금요일,4,고학년,5교시,13:32,강당·체육관,이동·보행,넘어짐
SAMPLE-00842,합성 예시 데이터,2021,2021-07-19,7,월요일,1,저학년,3교시,11:13,운동장,놀이·휴식,미끄러짐
SAMPLE-00843,합성 예시 데이터,2021,2021-05-10,5,월요일,1,저학년,5교시,13:17,교실·학습공간,이동·보행,부딪힘·충돌
SAMPLE-00844,합성 예시 데이터,2022,2022-12-20,12,화요일,5,고학년,점심시간,12:37,계단·복도,이동·보행,추락
SAMPLE-00845,합성 예시 데이터,2025,2025-08-20,8,수요일,2,저학년,4교시,11:40,교실·학습공간,이동·보행,추락
SAMPLE-00846,합성 예시 데이터,2025,2025-03-12,3,수요일,3,고학년,쉬는시간,10:40,화장실·위생공간,놀이·휴식,넘어짐
SAMPLE-00847,합성 예시 데이터,2025,2025-05-12,5,월요일,2,저학년,쉬는시간,13:11,교실·학습공간,이동·보행,부딪힘·충돌
SAMPLE-00848,합성 예시 데이터,2022,2022-05-17,5,화요일,1,저학년,2교시,10:33,교실·학습공간,이동·보행,미끄러짐
SAMPLE-00849,합성 예시 데이터,2025,2025-08-06,8,수요일,4,고학년,점심시간,12:36,계단·복도,이동·보행,미끄러짐
SAMPLE-00850,합성 예시 데이터,2022,2022-10-17,10,월요일,5,고학년,방과후,17:15,강당·체육관,이동·보행,부딪힘·충돌
SAMPLE-00851,합성 예시 데이터,2023,2023-05-29,5,월요일,6,고학년,점심시간,12:44,급식·위생공간,식사·위생,넘어짐
SAMPLE-00852,합성 예시 데이터,2024,2024-12-09,12,월요일,5,고학년,2교시,10:13,계단·복도,이동·보행,부딪힘·충돌
SAMPLE-00853,합성 예시 데이터,2025,2025-08-22,8,금요일,6,고학년,하교,14:48,계단·복도,이동·보행,넘어짐
SAMPLE-00854,합성 예시 데이터,2025,2025-08-18,8,월요일,1,저학년,3교시,11:20,강당·체육관,구기·라켓스포츠,물체에 맞음
SAMPLE-00855,합성 예시 데이터,2022,2022-09-23,9,금요일,2,저학년,쉬는시간,10:40,교실·학습공간,수업·실습,기타
SAMPLE-00856,합성 예시 데이터,2025,2025-11-10,11,월요일,3,고학년,2교시,10:18,운동장,구기·라켓스포츠,부딪힘·충돌
SAMPLE-00857,합성 예시 데이터,2021,2021-05-14,5,금요일,4,고학년,쉬는시간,13:02,운동장,구기·라켓스포츠,부딪힘·충돌
SAMPLE-00858,합성 예시 데이터,2021,2021-07-23,7,금요일,1,저학년,쉬는시간,10:19,계단·복도,놀이·휴식,넘어짐
SAMPLE-00859,합성 예시 데이터,2025,2025-12-18,12,목요일,2,저학년,점심시간,12:35,급식·위생공간,식사·위생,미끄러짐
SAMPLE-00860,합성 예시 데이터,2022,2022-05-26,5,목요일,6,고학년,3교시,11:13,교실·학습공간,수업·실습,넘어짐
SAMPLE-00861,합성 예시 데이터,2021,2021-10-07,10,목요일,3,고학년,등교 전,07:53,운동장,기타 체육,넘어짐
SAMPLE-00862,합성 예시 데이터,2022,2022-04-11,4,월요일,6,고학년,방과후,14:38,강당·체육관,구기·라켓스포츠,기타
SAMPLE-00863,합성 예시 데이터,2024,2024-06-20,6,목요일,5,고학년,2교시,10:34,운동장,구기·라켓스포츠,부딪힘·충돌
SAMPLE-00864,합성 예시 데이터,2023,2023-03-21,3,화요일,3,고학년,3교시,11:00,교실·학습공간,수업·실습,기타
SAMPLE-00865,합성 예시 데이터,2024,2024-08-06,8,화요일,2,저학년,점심시간,12:33,급식·위생공간,식사·위생,미끄러짐
SAMPLE-00866,합성 예시 데이터,2024,2024-12-05,12,목요일,5,고학년,하교,14:28,교문·외부동선,이동·보행,넘어짐
SAMPLE-00867,합성 예시 데이터,2025,2025-12-12,12,금요일,4,고학년,방과후,14:50,교실·학습공간,수업·실습,기타
SAMPLE-00868,합성 예시 데이터,2022,2022-06-24,6,금요일,4,고학년,6교시,13:54,강당·체육관,기타 체육,부딪힘·충돌
SAMPLE-00869,합성 예시 데이터,2022,2022-12-05,12,월요일,5,고학년,6교시,14:16,강당·체육관,구기·라켓스포츠,부딪힘·충돌
SAMPLE-00870,합성 예시 데이터,2022,2022-11-09,11,수요일,2,저학년,하교,15:42,계단·복도,이동·보행,넘어짐
SAMPLE-00871,합성 예시 데이터,2021,2021-07-21,7,수요일,6,고학년,쉬는시간,12:43,교실·학습공간,놀이·휴식,부딪힘·충돌
SAMPLE-00872,합성 예시 데이터,2025,2025-09-04,9,목요일,2,저학년,1교시,09:39,계단·복도,이동·보행,미끄러짐
SAMPLE-00873,합성 예시 데이터,2024,2024-07-18,7,목요일,6,고학년,쉬는시간,11:44,계단·복도,이동·보행,미끄러짐
SAMPLE-00874,합성 예시 데이터,2023,2023-09-18,9,월요일,2,저학년,점심시간,12:21,운동장,구기·라켓스포츠,넘어짐
SAMPLE-00875,합성 예시 데이터,2022,2022-11-29,11,화요일,6,고학년,쉬는시간,11:44,교실·학습공간,놀이·휴식,넘어짐
SAMPLE-00876,합성 예시 데이터,2024,2024-05-27,5,월요일,1,저학년,점심시간,12:54,급식·위생공간,식사·위생,화상
SAMPLE-00877,합성 예시 데이터,2023,2023-10-25,10,수요일,3,고학년,점심시간,12:56,급식·위생공간,식사·위생,기타
SAMPLE-00878,합성 예시 데이터,2022,2022-03-18,3,금요일,3,고학년,쉬는시간,09:43,교실·학습공간,놀이·휴식,부딪힘·충돌
SAMPLE-00879,합성 예시 데이터,2023,2023-05-11,5,목요일,1,저학년,방과후,17:04,운동장,구기·라켓스포츠,기타
SAMPLE-00880,합성 예시 데이터,2024,2024-10-09,10,수요일,4,고학년,1교시,09:23,강당·체육관,기타 체육,부딪힘·충돌
SAMPLE-00881,합성 예시 데이터,2023,2023-03-15,3,수요일,3,고학년,하교,16:06,교문·외부동선,이동·보행,미끄러짐
SAMPLE-00882,합성 예시 데이터,2024,2024-10-10,10,목요일,5,고학년,3교시,11:18,운동장,기타 체육,넘어짐
SAMPLE-00883,합성 예시 데이터,2021,2021-11-24,11,수요일,4,고학년,4교시,11:48,교실·학습공간,수업·실습,물체에 맞음
SAMPLE-00884,합성 예시 데이터,2025,2025-04-17,4,목요일,1,저학년,1교시,09:46,교실·학습공간,놀이·휴식,미끄러짐
SAMPLE-00885,합성 예시 데이터,2023,2023-06-30,6,금요일,3,고학년,5교시,13:18,교실·학습공간,수업·실습,넘어짐
SAMPLE-00886,합성 예시 데이터,2025,2025-09-23,9,화요일,6,고학년,3교시,11:19,교실·학습공간,수업·실습,기타
SAMPLE-00887,합성 예시 데이터,2021,2021-06-18,6,금요일,5,고학년,2교시,10:18,강당·체육관,이동·보행,부딪힘·충돌
SAMPLE-00888,합성 예시 데이터,2024,2024-09-26,9,목요일,3,고학년,방과후,14:48,운동장,기타 체육,부딪힘·충돌
SAMPLE-00889,합성 예시 데이터,2025,2025-08-20,8,수요일,3,고학년,2교시,10:04,교실·학습공간,이동·보행,추락
SAMPLE-00890,합성 예시 데이터,2025,2025-04-10,4,목요일,3,고학년,6교시,14:17,강당·체육관,기타 체육,넘어짐
SAMPLE-00891,합성 예시 데이터,2021,2021-09-17,9,금요일,5,고학년,2교시,10:12,교실·학습공간,수업·실습,넘어짐
SAMPLE-00892,합성 예시 데이터,2022,2022-03-25,3,금요일,6,고학년,쉬는시간,13:33,교실·학습공간,놀이·휴식,넘어짐
SAMPLE-00893,합성 예시 데이터,2025,2025-04-25,4,금요일,4,고학년,4교시,11:37,교실·학습공간,수업·실습,부딪힘·충돌
SAMPLE-00894,합성 예시 데이터,2025,2025-10-23,10,목요일,1,저학년,3교시,11:11,교실·학습공간,수업·실습,부딪힘·충돌
SAMPLE-00895,합성 예시 데이터,2025,2025-08-06,8,수요일,4,고학년,5교시,13:34,계단·복도,놀이·휴식,미끄러짐
SAMPLE-00896,합성 예시 데이터,2022,2022-12-05,12,월요일,1,저학년,점심시간,12:18,급식·위생공간,식사·위생,기타
SAMPLE-00897,합성 예시 데이터,2025,2025-11-13,11,목요일,2,저학년,쉬는시간,12:18,교실·학습공간,수업·실습,넘어짐
SAMPLE-00898,합성 예시 데이터,2023,2023-10-18,10,수요일,6,고학년,4교시,12:04,운동장,구기·라켓스포츠,부딪힘·충돌
SAMPLE-00899,합성 예시 데이터,2025,2025-09-11,9,목요일,1,저학년,하교,17:11,교문·외부동선,놀이·휴식,부딪힘·충돌
SAMPLE-00900,합성 예시 데이터,2025,2025-04-11,4,금요일,4,고학년,6교시,14:29,계단·복도,놀이·휴식,넘어짐
SAMPLE-00901,합성 예시 데이터,2025,2025-08-25,8,월요일,3,고학년,점심시간,12:50,계단·복도,놀이·휴식,미끄러짐
SAMPLE-00902,합성 예시 데이터,2025,2025-09-08,9,월요일,4,고학년,하교,17:22,교문·외부동선,교통·탑승,부딪힘·충돌
SAMPLE-00903,합성 예시 데이터,2025,2025-12-08,12,월요일,6,고학년,5교시,13:22,교실·학습공간,수업·실습,부딪힘·충돌
SAMPLE-00904,합성 예시 데이터,2022,2022-07-25,7,월요일,5,고학년,4교시,12:09,운동장,구기·라켓스포츠,물체에 맞음
SAMPLE-00905,합성 예시 데이터,2025,2025-10-07,10,화요일,3,고학년,3교시,10:58,교실·학습공간,이동·보행,넘어짐
SAMPLE-00906,합성 예시 데이터,2022,2022-04-22,4,금요일,4,고학년,하교,15:30,교실·학습공간,놀이·휴식,넘어짐
SAMPLE-00907,합성 예시 데이터,2021,2021-10-06,10,수요일,6,고학년,쉬는시간,10:47,화장실·위생공간,이동·보행,넘어짐
SAMPLE-00908,합성 예시 데이터,2025,2025-08-04,8,월요일,1,저학년,점심시간,12:26,운동장,놀이·휴식,부딪힘·충돌
SAMPLE-00909,합성 예시 데이터,2021,2021-06-09,6,수요일,5,고학년,5교시,13:40,강당·체육관,구기·라켓스포츠,부딪힘·충돌
SAMPLE-00910,합성 예시 데이터,2022,2022-08-15,8,월요일,4,고학년,6교시,13:50,운동장,구기·라켓스포츠,부딪힘·충돌
SAMPLE-00911,합성 예시 데이터,2021,2021-03-17,3,수요일,6,고학년,1교시,09:33,운동장,놀이·휴식,부딪힘·충돌
SAMPLE-00912,합성 예시 데이터,2021,2021-05-03,5,월요일,1,저학년,방과후,17:00,운동장,기타 체육,넘어짐
SAMPLE-00913,합성 예시 데이터,2024,2024-04-25,4,목요일,4,고학년,5교시,13:22,교실·학습공간,수업·실습,기타
SAMPLE-00914,합성 예시 데이터,2023,2023-11-03,11,금요일,1,저학년,하교,15:03,교문·외부동선,이동·보행,넘어짐
SAMPLE-00915,합성 예시 데이터,2024,2024-10-31,10,목요일,6,고학년,6교시,13:54,운동장,이동·보행,추락
SAMPLE-00916,합성 예시 데이터,2024,2024-05-17,5,금요일,6,고학년,3교시,10:54,교실·학습공간,수업·실습,넘어짐
SAMPLE-00917,합성 예시 데이터,2023,2023-06-21,6,수요일,1,저학년,3교시,10:48,계단·복도,놀이·휴식,넘어짐
SAMPLE-00918,합성 예시 데이터,2022,2022-04-28,4,목요일,4,고학년,6교시,14:03,교실·학습공간,수업·실습,부딪힘·충돌
SAMPLE-00919,합성 예시 데이터,2023,2023-12-04,12,월요일,3,고학년,5교시,13:10,교실·학습공간,수업·실습,넘어짐
SAMPLE-00920,합성 예시 데이터,2024,2024-05-10,5,금요일,3,고학년,3교시,11:17,운동장,구기·라켓스포츠,부딪힘·충돌
SAMPLE-00921,합성 예시 데이터,2021,2021-09-01,9,수요일,5,고학년,4교시,11:52,교실·학습공간,수업·실습,넘어짐
SAMPLE-00922,합성 예시 데이터,2023,2023-10-04,10,수요일,1,저학년,2교시,10:31,운동장,이동·보행,넘어짐
SAMPLE-00923,합성 예시 데이터,2022,2022-03-22,3,화요일,6,고학년,방과후,17:01,강당·체육관,이동·보행,미끄러짐
SAMPLE-00924,합성 예시 데이터,2022,2022-04-13,4,수요일,4,고학년,쉬는시간,10:54,계단·복도,놀이·휴식,부딪힘·충돌
SAMPLE-00925,합성 예시 데이터,2023,2023-10-06,10,금요일,1,저학년,1교시,09:40,강당·체육관,구기·라켓스포츠,넘어짐
SAMPLE-00926,합성 예시 데이터,2022,2022-08-10,8,수요일,3,고학년,방과후,15:17,운동장,기타 체육,넘어짐
SAMPLE-00927,합성 예시 데이터,2024,2024-09-16,9,월요일,4,고학년,5교시,13:43,강당·체육관,기타 체육,부딪힘·충돌
SAMPLE-00928,합성 예시 데이터,2021,2021-06-03,6,목요일,4,고학년,2교시,10:06,강당·체육관,구기·라켓스포츠,부딪힘·충돌
SAMPLE-00929,합성 예시 데이터,2021,2021-03-23,3,화요일,1,저학년,쉬는시간,14:05,계단·복도,놀이·휴식,넘어짐
SAMPLE-00930,합성 예시 데이터,2023,2023-03-15,3,수요일,1,저학년,3교시,10:50,강당·체육관,기타 체육,추락
SAMPLE-00931,합성 예시 데이터,2025,2025-08-14,8,목요일,4,고학년,6교시,13:58,운동장,기타 체육,추락
SAMPLE-00932,합성 예시 데이터,2023,2023-09-07,9,목요일,5,고학년,점심시간,12:10,급식·위생공간,식사·위생,넘어짐
SAMPLE-00933,합성 예시 데이터,2023,2023-09-07,9,목요일,2,저학년,점심시간,12:41,계단·복도,이동·보행,추락
SAMPLE-00934,합성 예시 데이터,2025,2025-03-19,3,수요일,3,고학년,점심시간,12:26,계단·복도,이동·보행,넘어짐
SAMPLE-00935,합성 예시 데이터,2022,2022-11-18,11,금요일,5,고학년,점심시간,12:17,계단·복도,놀이·휴식,부딪힘·충돌
SAMPLE-00936,합성 예시 데이터,2025,2025-07-09,7,수요일,5,고학년,5교시,13:36,강당·체육관,이동·보행,미끄러짐
SAMPLE-00937,합성 예시 데이터,2025,2025-08-06,8,수요일,3,고학년,쉬는시간,12:25,교실·학습공간,수업·실습,넘어짐
SAMPLE-00938,합성 예시 데이터,2021,2021-04-26,4,월요일,6,고학년,등교 전,08:16,계단·복도,놀이·휴식,넘어짐
SAMPLE-00939,합성 예시 데이터,2023,2023-05-12,5,금요일,5,고학년,점심시간,12:13,교실·학습공간,수업·실습,넘어짐
SAMPLE-00940,합성 예시 데이터,2022,2022-03-04,3,금요일,2,저학년,점심시간,12:58,계단·복도,기타,부딪힘·충돌
SAMPLE-00941,합성 예시 데이터,2022,2022-12-06,12,화요일,3,고학년,3교시,11:14,운동장,구기·라켓스포츠,부딪힘·충돌
SAMPLE-00942,합성 예시 데이터,2023,2023-11-23,11,목요일,5,고학년,3교시,11:13,교실·학습공간,놀이·휴식,부딪힘·충돌
SAMPLE-00943,합성 예시 데이터,2021,2021-07-16,7,금요일,2,저학년,점심시간,12:32,교실·학습공간,놀이·휴식,미끄러짐
SAMPLE-00944,합성 예시 데이터,2025,2025-07-11,7,금요일,5,고학년,등교 전,07:42,교문·외부동선,교통·탑승,넘어짐
SAMPLE-00945,합성 예시 데이터,2025,2025-09-01,9,월요일,6,고학년,하교,17:10,계단·복도,이동·보행,부딪힘·충돌
SAMPLE-00946,합성 예시 데이터,2025,2025-05-23,5,금요일,3,고학년,점심시간,12:52,급식·위생공간,식사·위생,미끄러짐
SAMPLE-00947,합성 예시 데이터,2024,2024-11-12,11,화요일,1,저학년,5교시,13:26,교실·학습공간,수업·실습,기타
SAMPLE-00948,합성 예시 데이터,2023,2023-05-18,5,목요일,3,고학년,하교,15:37,교실·학습공간,이동·보행,부딪힘·충돌
SAMPLE-00949,합성 예시 데이터,2023,2023-08-09,8,수요일,2,저학년,쉬는시간,14:15,교실·학습공간,수업·실습,기타
SAMPLE-00950,합성 예시 데이터,2023,2023-09-05,9,화요일,1,저학년,쉬는시간,12:21,교실·학습공간,놀이·휴식,부딪힘·충돌
SAMPLE-00951,합성 예시 데이터,2022,2022-06-08,6,수요일,4,고학년,3교시,11:07,운동장,구기·라켓스포츠,물체에 맞음
SAMPLE-00952,합성 예시 데이터,2022,2022-09-01,9,목요일,1,저학년,3교시,10:55,강당·체육관,구기·라켓스포츠,부딪힘·충돌
SAMPLE-00953,합성 예시 데이터,2024,2024-06-28,6,금요일,1,저학년,3교시,10:45,강당·체육관,기타 체육,부딪힘·충돌
SAMPLE-00954,합성 예시 데이터,2025,2025-08-27,8,수요일,2,저학년,5교시,13:01,강당·체육관,이동·보행,부딪힘·충돌
SAMPLE-00955,합성 예시 데이터,2022,2022-05-16,5,월요일,1,저학년,1교시,09:49,교실·학습공간,수업·실습,물체에 맞음
SAMPLE-00956,합성 예시 데이터,2023,2023-03-02,3,목요일,5,고학년,6교시,14:20,강당·체육관,이동·보행,미끄러짐
SAMPLE-00957,합성 예시 데이터,2023,2023-10-16,10,월요일,2,저학년,방과후,16:30,운동장,놀이·휴식,부딪힘·충돌
SAMPLE-00958,합성 예시 데이터,2022,2022-06-03,6,금요일,5,고학년,점심시간,12:15,교실·학습공간,놀이·휴식,넘어짐
SAMPLE-00959,합성 예시 데이터,2025,2025-08-25,8,월요일,6,고학년,1교시,09:04,교실·학습공간,놀이·휴식,기타
SAMPLE-00960,합성 예시 데이터,2022,2022-03-30,3,수요일,6,고학년,5교시,13:09,교실·학습공간,이동·보행,넘어짐
SAMPLE-00961,합성 예시 데이터,2025,2025-09-12,9,금요일,2,저학년,2교시,10:14,운동장,구기·라켓스포츠,넘어짐
SAMPLE-00962,합성 예시 데이터,2022,2022-09-19,9,월요일,2,저학년,쉬는시간,12:58,교실·학습공간,놀이·휴식,미끄러짐
SAMPLE-00963,합성 예시 데이터,2024,2024-11-12,11,화요일,3,고학년,하교,16:14,교실·학습공간,수업·실습,넘어짐
SAMPLE-00964,합성 예시 데이터,2021,2021-05-19,5,수요일,4,고학년,6교시,14:04,강당·체육관,기타 체육,추락
SAMPLE-00965,합성 예시 데이터,2021,2021-11-01,11,월요일,4,고학년,점심시간,12:32,운동장,놀이·휴식,넘어짐
SAMPLE-00966,합성 예시 데이터,2023,2023-03-10,3,금요일,3,고학년,3교시,10:48,교실·학습공간,이동·보행,부딪힘·충돌
SAMPLE-00967,합성 예시 데이터,2024,2024-12-17,12,화요일,2,저학년,쉬는시간,13:29,화장실·위생공간,식사·위생,미끄러짐
SAMPLE-00968,합성 예시 데이터,2025,2025-07-07,7,월요일,4,고학년,쉬는시간,12:16,운동장,구기·라켓스포츠,기타
SAMPLE-00969,합성 예시 데이터,2023,2023-10-24,10,화요일,5,고학년,4교시,11:59,계단·복도,놀이·휴식,부딪힘·충돌
SAMPLE-00970,합성 예시 데이터,2021,2021-04-29,4,목요일,1,저학년,방과후,16:22,강당·체육관,이동·보행,부딪힘·충돌
SAMPLE-00971,합성 예시 데이터,2023,2023-10-26,10,목요일,5,고학년,5교시,13:09,강당·체육관,기타 체육,넘어짐
SAMPLE-00972,합성 예시 데이터,2025,2025-10-14,10,화요일,5,고학년,쉬는시간,11:20,화장실·위생공간,놀이·휴식,부딪힘·충돌
SAMPLE-00973,합성 예시 데이터,2024,2024-05-01,5,수요일,3,고학년,방과후,16:57,계단·복도,이동·보행,부딪힘·충돌
SAMPLE-00974,합성 예시 데이터,2023,2023-05-15,5,월요일,5,고학년,방과후,16:36,교실·학습공간,수업·실습,부딪힘·충돌
SAMPLE-00975,합성 예시 데이터,2023,2023-08-10,8,목요일,1,저학년,점심시간,12:13,급식·위생공간,놀이·휴식,부딪힘·충돌
SAMPLE-00976,합성 예시 데이터,2022,2022-11-28,11,월요일,5,고학년,5교시,13:12,강당·체육관,기타 체육,넘어짐
SAMPLE-00977,합성 예시 데이터,2022,2022-11-24,11,목요일,1,저학년,3교시,10:44,강당·체육관,기타 체육,추락
SAMPLE-00978,합성 예시 데이터,2022,2022-04-14,4,목요일,6,고학년,3교시,10:56,운동장,구기·라켓스포츠,물체에 맞음
SAMPLE-00979,합성 예시 데이터,2021,2021-11-01,11,월요일,6,고학년,6교시,14:13,강당·체육관,구기·라켓스포츠,넘어짐
SAMPLE-00980,합성 예시 데이터,2021,2021-09-28,9,화요일,3,고학년,쉬는시간,10:46,교실·학습공간,이동·보행,넘어짐
SAMPLE-00981,합성 예시 데이터,2022,2022-09-05,9,월요일,2,저학년,점심시간,12:42,급식·위생공간,식사·위생,화상
SAMPLE-00982,합성 예시 데이터,2023,2023-05-15,5,월요일,4,고학년,4교시,11:49,교실·학습공간,수업·실습,부딪힘·충돌
SAMPLE-00983,합성 예시 데이터,2021,2021-09-01,9,수요일,4,고학년,방과후,15:33,강당·체육관,구기·라켓스포츠,넘어짐
SAMPLE-00984,합성 예시 데이터,2022,2022-03-28,3,월요일,5,고학년,6교시,14:26,강당·체육관,구기·라켓스포츠,부딪힘·충돌
SAMPLE-00985,합성 예시 데이터,2024,2024-07-26,7,금요일,1,저학년,하교,15:50,교문·외부동선,놀이·휴식,부딪힘·충돌
SAMPLE-00986,합성 예시 데이터,2023,2023-07-21,7,금요일,3,고학년,쉬는시간,11:10,계단·복도,이동·보행,부딪힘·충돌
SAMPLE-00987,합성 예시 데이터,2023,2023-12-18,12,월요일,2,저학년,쉬는시간,10:37,계단·복도,놀이·휴식,미끄러짐
SAMPLE-00988,합성 예시 데이터,2021,2021-09-23,9,목요일,6,고학년,점심시간,12:35,계단·복도,놀이·휴식,넘어짐
SAMPLE-00989,합성 예시 데이터,2024,2024-09-24,9,화요일,5,고학년,4교시,11:34,강당·체육관,기타 체육,부딪힘·충돌
SAMPLE-00990,합성 예시 데이터,2024,2024-03-14,3,목요일,4,고학년,하교,15:40,교문·외부동선,이동·보행,부딪힘·충돌
SAMPLE-00991,합성 예시 데이터,2022,2022-04-01,4,금요일,6,고학년,4교시,12:05,강당·체육관,기타 체육,부딪힘·충돌
SAMPLE-00992,합성 예시 데이터,2023,2023-07-14,7,금요일,1,저학년,하교,15:06,교실·학습공간,놀이·휴식,부딪힘·충돌
SAMPLE-00993,합성 예시 데이터,2023,2023-07-24,7,월요일,1,저학년,4교시,11:35,강당·체육관,구기·라켓스포츠,넘어짐
SAMPLE-00994,합성 예시 데이터,2023,2023-08-29,8,화요일,6,고학년,점심시간,12:34,계단·복도,놀이·휴식,넘어짐
SAMPLE-00995,합성 예시 데이터,2022,2022-12-16,12,금요일,2,저학년,하교,16:51,교문·외부동선,교통·탑승,넘어짐
SAMPLE-00996,합성 예시 데이터,2021,2021-09-06,9,월요일,6,고학년,등교 전,08:40,교문·외부동선,교통·탑승,부딪힘·충돌
SAMPLE-00997,합성 예시 데이터,2021,2021-10-11,10,월요일,6,고학년,점심시간,12:34,계단·복도,이동·보행,부딪힘·충돌
SAMPLE-00998,합성 예시 데이터,2023,2023-06-23,6,금요일,5,고학년,1교시,09:41,운동장,기타 체육,추락
SAMPLE-00999,합성 예시 데이터,2025,2025-04-16,4,수요일,6,고학년,1교시,09:20,교실·학습공간,수업·실습,넘어짐
SAMPLE-01000,합성 예시 데이터,2024,2024-09-03,9,화요일,3,고학년,방과후,15:25,강당·체육관,구기·라켓스포츠,부딪힘·충돌
SAMPLE-01001,합성 예시 데이터,2021,2021-03-16,3,화요일,4,고학년,5교시,13:10,강당·체육관,구기·라켓스포츠,물체에 맞음
SAMPLE-01002,합성 예시 데이터,2025,2025-12-05,12,금요일,1,저학년,하교,17:16,교문·외부동선,이동·보행,미끄러짐
SAMPLE-01003,합성 예시 데이터,2024,2024-03-22,3,금요일,3,고학년,방과후,15:37,교실·학습공간,수업·실습,물체에 맞음
SAMPLE-01004,합성 예시 데이터,2025,2025-09-08,9,월요일,6,고학년,2교시,10:35,교실·학습공간,이동·보행,넘어짐
SAMPLE-01005,합성 예시 데이터,2021,2021-09-07,9,화요일,1,저학년,1교시,09:48,교실·학습공간,놀이·휴식,미끄러짐
SAMPLE-01006,합성 예시 데이터,2025,2025-04-10,4,목요일,4,고학년,쉬는시간,11:06,교실·학습공간,놀이·휴식,기타
SAMPLE-01007,합성 예시 데이터,2024,2024-10-03,10,목요일,5,고학년,쉬는시간,11:21,교실·학습공간,이동·보행,미끄러짐
SAMPLE-01008,합성 예시 데이터,2022,2022-12-15,12,목요일,5,고학년,2교시,10:10,계단·복도,놀이·휴식,부딪힘·충돌
SAMPLE-01009,합성 예시 데이터,2025,2025-05-27,5,화요일,4,고학년,방과후,16:45,강당·체육관,구기·라켓스포츠,부딪힘·충돌
SAMPLE-01010,합성 예시 데이터,2022,2022-04-15,4,금요일,5,고학년,점심시간,12:47,급식·위생공간,이동·보행,부딪힘·충돌
SAMPLE-01011,합성 예시 데이터,2025,2025-07-25,7,금요일,1,저학년,쉬는시간,11:48,화장실·위생공간,식사·위생,넘어짐
SAMPLE-01012,합성 예시 데이터,2023,2023-09-27,9,수요일,3,고학년,쉬는시간,12:06,운동장,구기·라켓스포츠,물체에 맞음
SAMPLE-01013,합성 예시 데이터,2022,2022-11-28,11,월요일,1,저학년,1교시,09:02,교실·학습공간,수업·실습,넘어짐
SAMPLE-01014,합성 예시 데이터,2022,2022-03-30,3,수요일,4,고학년,점심시간,12:46,운동장,기타 체육,추락
SAMPLE-01015,합성 예시 데이터,2022,2022-11-07,11,월요일,3,고학년,3교시,11:29,운동장,기타 체육,넘어짐
SAMPLE-01016,합성 예시 데이터,2021,2021-08-16,8,월요일,5,고학년,등교 전,08:47,계단·복도,이동·보행,추락
SAMPLE-01017,합성 예시 데이터,2023,2023-06-27,6,화요일,5,고학년,쉬는시간,12:38,교실·학습공간,수업·실습,기타
SAMPLE-01018,합성 예시 데이터,2024,2024-10-17,10,목요일,5,고학년,점심시간,12:22,교실·학습공간,수업·실습,넘어짐
SAMPLE-01019,합성 예시 데이터,2021,2021-08-03,8,화요일,2,저학년,점심시간,12:17,급식·위생공간,식사·위생,화상
SAMPLE-01020,합성 예시 데이터,2024,2024-07-01,7,월요일,6,고학년,6교시,14:03,강당·체육관,구기·라켓스포츠,물체에 맞음
SAMPLE-01021,합성 예시 데이터,2021,2021-10-20,10,수요일,4,고학년,3교시,11:18,계단·복도,이동·보행,넘어짐
SAMPLE-01022,합성 예시 데이터,2025,2025-04-17,4,목요일,5,고학년,쉬는시간,13:58,화장실·위생공간,식사·위생,넘어짐
SAMPLE-01023,합성 예시 데이터,2025,2025-08-05,8,화요일,6,고학년,6교시,14:15,운동장,놀이·휴식,부딪힘·충돌
SAMPLE-01024,합성 예시 데이터,2025,2025-03-06,3,목요일,3,고학년,쉬는시간,10:18,계단·복도,이동·보행,넘어짐
SAMPLE-01025,합성 예시 데이터,2024,2024-07-08,7,월요일,5,고학년,4교시,12:02,운동장,이동·보행,넘어짐
SAMPLE-01026,합성 예시 데이터,2022,2022-03-30,3,수요일,6,고학년,3교시,11:20,강당·체육관,기타 체육,부딪힘·충돌
SAMPLE-01027,합성 예시 데이터,2024,2024-08-02,8,금요일,2,저학년,점심시간,12:22,계단·복도,이동·보행,넘어짐
SAMPLE-01028,합성 예시 데이터,2024,2024-10-18,10,금요일,6,고학년,6교시,13:59,교실·학습공간,이동·보행,넘어짐
SAMPLE-01029,합성 예시 데이터,2021,2021-05-10,5,월요일,5,고학년,방과후,16:03,강당·체육관,이동·보행,미끄러짐
SAMPLE-01030,합성 예시 데이터,2025,2025-11-21,11,금요일,6,고학년,6교시,14:22,계단·복도,이동·보행,넘어짐
SAMPLE-01031,합성 예시 데이터,2022,2022-08-08,8,월요일,5,고학년,1교시,09:38,교실·학습공간,놀이·휴식,넘어짐
SAMPLE-01032,합성 예시 데이터,2025,2025-03-07,3,금요일,3,고학년,쉬는시간,12:45,계단·복도,이동·보행,넘어짐
SAMPLE-01033,합성 예시 데이터,2023,2023-07-18,7,화요일,4,고학년,쉬는시간,11:26,화장실·위생공간,식사·위생,화상
SAMPLE-01034,합성 예시 데이터,2023,2023-08-16,8,수요일,1,저학년,점심시간,12:15,급식·위생공간,이동·보행,부딪힘·충돌
SAMPLE-01035,합성 예시 데이터,2021,2021-11-29,11,월요일,6,고학년,쉬는시간,13:46,계단·복도,이동·보행,넘어짐
SAMPLE-01036,합성 예시 데이터,2025,2025-08-13,8,수요일,4,고학년,점심시간,12:25,운동장,구기·라켓스포츠,넘어짐
SAMPLE-01037,합성 예시 데이터,2024,2024-05-21,5,화요일,2,저학년,5교시,13:34,운동장,구기·라켓스포츠,기타
SAMPLE-01038,합성 예시 데이터,2022,2022-12-08,12,목요일,2,저학년,1교시,09:03,교실·학습공간,수업·실습,물체에 맞음
SAMPLE-01039,합성 예시 데이터,2025,2025-08-18,8,월요일,2,저학년,3교시,10:40,계단·복도,이동·보행,부딪힘·충돌
SAMPLE-01040,합성 예시 데이터,2022,2022-11-29,11,화요일,6,고학년,6교시,13:56,교실·학습공간,놀이·휴식,넘어짐
SAMPLE-01041,합성 예시 데이터,2022,2022-08-11,8,목요일,1,저학년,2교시,10:34,교실·학습공간,놀이·휴식,기타
SAMPLE-01042,합성 예시 데이터,2022,2022-09-02,9,금요일,1,저학년,쉬는시간,13:37,계단·복도,이동·보행,미끄러짐
SAMPLE-01043,합성 예시 데이터,2023,2023-09-27,9,수요일,5,고학년,방과후,14:55,교실·학습공간,놀이·휴식,넘어짐
SAMPLE-01044,합성 예시 데이터,2025,2025-07-10,7,목요일,3,고학년,방과후,14:44,교실·학습공간,수업·실습,부딪힘·충돌
SAMPLE-01045,합성 예시 데이터,2023,2023-03-22,3,수요일,1,저학년,4교시,11:46,운동장,놀이·휴식,부딪힘·충돌
SAMPLE-01046,합성 예시 데이터,2025,2025-09-08,9,월요일,4,고학년,점심시간,12:45,급식·위생공간,식사·위생,미끄러짐
SAMPLE-01047,합성 예시 데이터,2021,2021-07-20,7,화요일,1,저학년,쉬는시간,10:28,운동장,구기·라켓스포츠,기타
SAMPLE-01048,합성 예시 데이터,2023,2023-05-22,5,월요일,2,저학년,쉬는시간,10:29,계단·복도,기타,넘어짐
SAMPLE-01049,합성 예시 데이터,2025,2025-07-28,7,월요일,3,고학년,방과후,15:27,강당·체육관,기타 체육,넘어짐
SAMPLE-01050,합성 예시 데이터,2025,2025-06-09,6,월요일,4,고학년,6교시,13:58,운동장,구기·라켓스포츠,넘어짐
SAMPLE-01051,합성 예시 데이터,2024,2024-06-26,6,수요일,1,저학년,하교,15:20,계단·복도,놀이·휴식,넘어짐
SAMPLE-01052,합성 예시 데이터,2023,2023-05-19,5,금요일,1,저학년,쉬는시간,11:22,교실·학습공간,수업·실습,기타
SAMPLE-01053,합성 예시 데이터,2024,2024-05-28,5,화요일,1,저학년,방과후,15:08,강당·체육관,이동·보행,미끄러짐
SAMPLE-01054,합성 예시 데이터,2023,2023-07-10,7,월요일,1,저학년,1교시,09:25,강당·체육관,기타 체육,기타
SAMPLE-01055,합성 예시 데이터,2023,2023-03-20,3,월요일,4,고학년,점심시간,12:29,운동장,구기·라켓스포츠,기타
SAMPLE-01056,합성 예시 데이터,2025,2025-06-11,6,수요일,2,저학년,점심시간,12:37,운동장,이동·보행,넘어짐
SAMPLE-01057,합성 예시 데이터,2024,2024-12-03,12,화요일,4,고학년,4교시,11:33,계단·복도,이동·보행,넘어짐
SAMPLE-01058,합성 예시 데이터,2024,2024-11-04,11,월요일,6,고학년,5교시,13:49,강당·체육관,이동·보행,넘어짐
SAMPLE-01059,합성 예시 데이터,2021,2021-05-13,5,목요일,4,고학년,방과후,16:30,강당·체육관,이동·보행,넘어짐
SAMPLE-01060,합성 예시 데이터,2024,2024-10-01,10,화요일,6,고학년,쉬는시간,10:08,화장실·위생공간,이동·보행,넘어짐
SAMPLE-01061,합성 예시 데이터,2025,2025-08-20,8,수요일,1,저학년,3교시,11:09,교실·학습공간,수업·실습,물체에 맞음
SAMPLE-01062,합성 예시 데이터,2021,2021-04-14,4,수요일,2,저학년,쉬는시간,10:37,교실·학습공간,수업·실습,부딪힘·충돌
SAMPLE-01063,합성 예시 데이터,2024,2024-05-07,5,화요일,2,저학년,점심시간,12:52,계단·복도,이동·보행,넘어짐
SAMPLE-01064,합성 예시 데이터,2024,2024-06-11,6,화요일,3,고학년,쉬는시간,11:41,계단·복도,놀이·휴식,부딪힘·충돌
SAMPLE-01065,합성 예시 데이터,2023,2023-05-19,5,금요일,4,고학년,5교시,13:41,계단·복도,이동·보행,미끄러짐
SAMPLE-01066,합성 예시 데이터,2025,2025-07-03,7,목요일,6,고학년,방과후,17:12,강당·체육관,기타 체육,부딪힘·충돌
SAMPLE-01067,합성 예시 데이터,2023,2023-03-14,3,화요일,5,고학년,6교시,14:06,운동장,기타 체육,기타
SAMPLE-01068,합성 예시 데이터,2025,2025-08-19,8,화요일,5,고학년,하교,16:47,교문·외부동선,이동·보행,넘어짐
SAMPLE-01069,합성 예시 데이터,2025,2025-06-23,6,월요일,6,고학년,방과후,15:16,강당·체육관,기타 체육,기타
SAMPLE-01070,합성 예시 데이터,2024,2024-04-23,4,화요일,2,저학년,쉬는시간,13:21,교실·학습공간,놀이·휴식,기타
SAMPLE-01071,합성 예시 데이터,2025,2025-09-03,9,수요일,6,고학년,점심시간,12:14,교실·학습공간,수업·실습,물체에 맞음
SAMPLE-01072,합성 예시 데이터,2023,2023-09-25,9,월요일,6,고학년,6교시,14:29,강당·체육관,구기·라켓스포츠,부딪힘·충돌
SAMPLE-01073,합성 예시 데이터,2023,2023-12-15,12,금요일,6,고학년,쉬는시간,10:11,화장실·위생공간,식사·위생,미끄러짐
SAMPLE-01074,합성 예시 데이터,2023,2023-08-23,8,수요일,3,고학년,6교시,14:29,교실·학습공간,수업·실습,기타
SAMPLE-01075,합성 예시 데이터,2025,2025-09-08,9,월요일,1,저학년,쉬는시간,09:57,교실·학습공간,이동·보행,추락
SAMPLE-01076,합성 예시 데이터,2023,2023-06-19,6,월요일,3,고학년,쉬는시간,13:32,계단·복도,놀이·휴식,넘어짐
SAMPLE-01077,합성 예시 데이터,2022,2022-06-07,6,화요일,6,고학년,방과후,17:12,강당·체육관,구기·라켓스포츠,부딪힘·충돌
SAMPLE-01078,합성 예시 데이터,2024,2024-08-01,8,목요일,3,고학년,3교시,11:05,강당·체육관,기타 체육,기타
SAMPLE-01079,합성 예시 데이터,2021,2021-03-08,3,월요일,3,고학년,5교시,13:18,강당·체육관,구기·라켓스포츠,물체에 맞음
SAMPLE-01080,합성 예시 데이터,2024,2024-04-11,4,목요일,4,고학년,점심시간,12:35,교실·학습공간,수업·실습,부딪힘·충돌
SAMPLE-01081,합성 예시 데이터,2024,2024-12-11,12,수요일,2,저학년,쉬는시간,13:25,교실·학습공간,이동·보행,부딪힘·충돌
SAMPLE-01082,합성 예시 데이터,2024,2024-04-17,4,수요일,1,저학년,1교시,09:46,교실·학습공간,놀이·휴식,넘어짐
SAMPLE-01083,합성 예시 데이터,2023,2023-11-29,11,수요일,2,저학년,쉬는시간,10:45,계단·복도,이동·보행,추락
SAMPLE-01084,합성 예시 데이터,2022,2022-11-21,11,월요일,1,저학년,쉬는시간,11:02,교실·학습공간,수업·실습,물체에 맞음
SAMPLE-01085,합성 예시 데이터,2025,2025-07-28,7,월요일,6,고학년,하교,17:03,교실·학습공간,이동·보행,넘어짐
SAMPLE-01086,합성 예시 데이터,2023,2023-12-20,12,수요일,4,고학년,쉬는시간,11:38,계단·복도,이동·보행,미끄러짐
SAMPLE-01087,합성 예시 데이터,2021,2021-07-12,7,월요일,4,고학년,쉬는시간,13:07,운동장,구기·라켓스포츠,넘어짐
SAMPLE-01088,합성 예시 데이터,2025,2025-09-10,9,수요일,1,저학년,하교,15:53,교문·외부동선,이동·보행,부딪힘·충돌
SAMPLE-01089,합성 예시 데이터,2024,2024-04-03,4,수요일,3,고학년,2교시,10:31,운동장,놀이·휴식,기타
SAMPLE-01090,합성 예시 데이터,2021,2021-05-20,5,목요일,6,고학년,쉬는시간,11:37,교실·학습공간,수업·실습,부딪힘·충돌
SAMPLE-01091,합성 예시 데이터,2021,2021-10-12,10,화요일,2,저학년,점심시간,12:48,급식·위생공간,식사·위생,넘어짐
SAMPLE-01092,합성 예시 데이터,2021,2021-03-18,3,목요일,5,고학년,점심시간,12:36,계단·복도,이동·보행,부딪힘·충돌
SAMPLE-01093,합성 예시 데이터,2021,2021-06-07,6,월요일,1,저학년,쉬는시간,10:15,운동장,기타 체육,넘어짐
SAMPLE-01094,합성 예시 데이터,2022,2022-06-24,6,금요일,3,고학년,쉬는시간,13:15,계단·복도,이동·보행,넘어짐
SAMPLE-01095,합성 예시 데이터,2022,2022-12-15,12,목요일,5,고학년,점심시간,12:26,계단·복도,이동·보행,미끄러짐
SAMPLE-01096,합성 예시 데이터,2022,2022-05-25,5,수요일,6,고학년,방과후,14:54,계단·복도,이동·보행,미끄러짐
SAMPLE-01097,합성 예시 데이터,2022,2022-03-22,3,화요일,3,고학년,쉬는시간,12:19,교실·학습공간,수업·실습,넘어짐
SAMPLE-01098,합성 예시 데이터,2024,2024-03-01,3,금요일,1,저학년,쉬는시간,13:51,계단·복도,이동·보행,넘어짐
SAMPLE-01099,합성 예시 데이터,2025,2025-05-01,5,목요일,4,고학년,쉬는시간,12:23,화장실·위생공간,식사·위생,미끄러짐
SAMPLE-01100,합성 예시 데이터,2025,2025-06-19,6,목요일,5,고학년,3교시,10:45,교실·학습공간,놀이·휴식,넘어짐
SAMPLE-01101,합성 예시 데이터,2025,2025-06-05,6,목요일,6,고학년,점심시간,12:58,교실·학습공간,수업·실습,부딪힘·충돌
SAMPLE-01102,합성 예시 데이터,2022,2022-08-04,8,목요일,2,저학년,방과후,16:29,교실·학습공간,이동·보행,미끄러짐
SAMPLE-01103,합성 예시 데이터,2024,2024-03-01,3,금요일,3,고학년,방과후,16:43,강당·체육관,이동·보행,넘어짐
SAMPLE-01104,합성 예시 데이터,2021,2021-06-17,6,목요일,3,고학년,하교,16:48,교실·학습공간,놀이·휴식,넘어짐
SAMPLE-01105,합성 예시 데이터,2023,2023-10-13,10,금요일,1,저학년,점심시간,12:42,급식·위생공간,식사·위생,넘어짐
SAMPLE-01106,합성 예시 데이터,2021,2021-11-17,11,수요일,1,저학년,방과후,16:37,강당·체육관,이동·보행,부딪힘·충돌
SAMPLE-01107,합성 예시 데이터,2021,2021-11-22,11,월요일,2,저학년,쉬는시간,11:13,계단·복도,이동·보행,미끄러짐
SAMPLE-01108,합성 예시 데이터,2025,2025-12-09,12,화요일,1,저학년,쉬는시간,10:00,교실·학습공간,놀이·휴식,넘어짐
SAMPLE-01109,합성 예시 데이터,2023,2023-11-06,11,월요일,4,고학년,등교 전,07:41,교문·외부동선,교통·탑승,기타
SAMPLE-01110,합성 예시 데이터,2024,2024-11-05,11,화요일,5,고학년,3교시,11:18,운동장,구기·라켓스포츠,부딪힘·충돌
SAMPLE-01111,합성 예시 데이터,2025,2025-12-11,12,목요일,3,고학년,쉬는시간,11:40,운동장,이동·보행,부딪힘·충돌
SAMPLE-01112,합성 예시 데이터,2023,2023-11-27,11,월요일,6,고학년,점심시간,12:43,급식·위생공간,놀이·휴식,미끄러짐
SAMPLE-01113,합성 예시 데이터,2021,2021-05-20,5,목요일,2,저학년,4교시,11:36,교실·학습공간,놀이·휴식,넘어짐
SAMPLE-01114,합성 예시 데이터,2022,2022-07-07,7,목요일,2,저학년,쉬는시간,12:34,화장실·위생공간,이동·보행,넘어짐
SAMPLE-01115,합성 예시 데이터,2024,2024-12-02,12,월요일,4,고학년,방과후,14:56,교실·학습공간,수업·실습,기타
SAMPLE-01116,합성 예시 데이터,2025,2025-03-14,3,금요일,4,고학년,4교시,12:07,강당·체육관,구기·라켓스포츠,물체에 맞음
SAMPLE-01117,합성 예시 데이터,2023,2023-06-20,6,화요일,3,고학년,3교시,11:28,운동장,이동·보행,넘어짐
SAMPLE-01118,합성 예시 데이터,2021,2021-08-23,8,월요일,2,저학년,5교시,13:16,운동장,놀이·휴식,넘어짐
SAMPLE-01119,합성 예시 데이터,2025,2025-05-06,5,화요일,6,고학년,5교시,13:13,강당·체육관,구기·라켓스포츠,넘어짐
SAMPLE-01120,합성 예시 데이터,2023,2023-12-11,12,월요일,1,저학년,4교시,11:38,교실·학습공간,수업·실습,부딪힘·충돌
SAMPLE-01121,합성 예시 데이터,2023,2023-07-28,7,금요일,4,고학년,쉬는시간,12:29,계단·복도,이동·보행,미끄러짐
SAMPLE-01122,합성 예시 데이터,2021,2021-05-21,5,금요일,1,저학년,2교시,10:25,교실·학습공간,수업·실습,물체에 맞음
SAMPLE-01123,합성 예시 데이터,2024,2024-10-25,10,금요일,2,저학년,하교,17:15,교문·외부동선,이동·보행,미끄러짐
SAMPLE-01124,합성 예시 데이터,2022,2022-11-22,11,화요일,6,고학년,2교시,10:03,강당·체육관,기타 체육,추락
SAMPLE-01125,합성 예시 데이터,2025,2025-08-26,8,화요일,2,저학년,하교,15:57,교실·학습공간,수업·실습,넘어짐
SAMPLE-01126,합성 예시 데이터,2022,2022-03-23,3,수요일,3,고학년,4교시,11:47,운동장,이동·보행,미끄러짐
SAMPLE-01127,합성 예시 데이터,2022,2022-06-13,6,월요일,4,고학년,방과후,17:00,운동장,놀이·휴식,미끄러짐
SAMPLE-01128,합성 예시 데이터,2021,2021-07-14,7,수요일,4,고학년,방과후,16:34,교실·학습공간,놀이·휴식,부딪힘·충돌
SAMPLE-01129,합성 예시 데이터,2023,2023-03-20,3,월요일,3,고학년,5교시,13:32,교실·학습공간,이동·보행,미끄러짐
SAMPLE-01130,합성 예시 데이터,2021,2021-03-26,3,금요일,3,고학년,4교시,12:00,교실·학습공간,수업·실습,넘어짐
SAMPLE-01131,합성 예시 데이터,2022,2022-06-02,6,목요일,2,저학년,하교,15:17,계단·복도,이동·보행,추락
SAMPLE-01132,합성 예시 데이터,2021,2021-04-20,4,화요일,6,고학년,3교시,11:28,강당·체육관,구기·라켓스포츠,물체에 맞음
SAMPLE-01133,합성 예시 데이터,2024,2024-05-09,5,목요일,2,저학년,2교시,10:30,강당·체육관,구기·라켓스포츠,기타
SAMPLE-01134,합성 예시 데이터,2023,2023-08-08,8,화요일,2,저학년,방과후,14:59,운동장,구기·라켓스포츠,물체에 맞음
SAMPLE-01135,합성 예시 데이터,2023,2023-03-31,3,금요일,3,고학년,2교시,10:13,강당·체육관,기타 체육,부딪힘·충돌
SAMPLE-01136,합성 예시 데이터,2024,2024-10-04,10,금요일,5,고학년,4교시,11:38,운동장,구기·라켓스포츠,물체에 맞음
SAMPLE-01137,합성 예시 데이터,2021,2021-11-11,11,목요일,4,고학년,쉬는시간,10:09,계단·복도,이동·보행,부딪힘·충돌
SAMPLE-01138,합성 예시 데이터,2024,2024-08-14,8,수요일,3,고학년,3교시,11:24,교실·학습공간,이동·보행,부딪힘·충돌
SAMPLE-01139,합성 예시 데이터,2021,2021-12-03,12,금요일,6,고학년,점심시간,12:44,계단·복도,이동·보행,추락
SAMPLE-01140,합성 예시 데이터,2024,2024-09-05,9,목요일,3,고학년,1교시,09:43,강당·체육관,이동·보행,넘어짐
SAMPLE-01141,합성 예시 데이터,2023,2023-09-12,9,화요일,4,고학년,1교시,09:05,교실·학습공간,이동·보행,부딪힘·충돌
SAMPLE-01142,합성 예시 데이터,2024,2024-09-12,9,목요일,6,고학년,하교,15:46,교문·외부동선,놀이·휴식,넘어짐
SAMPLE-01143,합성 예시 데이터,2024,2024-11-26,11,화요일,5,고학년,6교시,14:23,교실·학습공간,수업·실습,넘어짐
SAMPLE-01144,합성 예시 데이터,2024,2024-10-23,10,수요일,3,고학년,점심시간,12:59,급식·위생공간,식사·위생,넘어짐
SAMPLE-01145,합성 예시 데이터,2023,2023-08-14,8,월요일,2,저학년,3교시,11:12,강당·체육관,기타 체육,기타
SAMPLE-01146,합성 예시 데이터,2024,2024-11-25,11,월요일,5,고학년,쉬는시간,12:00,계단·복도,놀이·휴식,부딪힘·충돌
SAMPLE-01147,합성 예시 데이터,2023,2023-09-22,9,금요일,4,고학년,4교시,11:51,강당·체육관,기타 체육,추락
SAMPLE-01148,합성 예시 데이터,2025,2025-09-19,9,금요일,5,고학년,방과후,15:59,강당·체육관,구기·라켓스포츠,넘어짐
SAMPLE-01149,합성 예시 데이터,2021,2021-08-13,8,금요일,2,저학년,점심시간,12:27,급식·위생공간,이동·보행,부딪힘·충돌
SAMPLE-01150,합성 예시 데이터,2023,2023-08-14,8,월요일,2,저학년,점심시간,12:17,급식·위생공간,놀이·휴식,부딪힘·충돌
SAMPLE-01151,합성 예시 데이터,2022,2022-11-17,11,목요일,6,고학년,방과후,17:19,강당·체육관,구기·라켓스포츠,부딪힘·충돌
SAMPLE-01152,합성 예시 데이터,2025,2025-10-10,10,금요일,6,고학년,쉬는시간,11:57,교실·학습공간,놀이·휴식,부딪힘·충돌
SAMPLE-01153,합성 예시 데이터,2021,2021-06-15,6,화요일,2,저학년,방과후,16:53,강당·체육관,구기·라켓스포츠,물체에 맞음
SAMPLE-01154,합성 예시 데이터,2022,2022-08-25,8,목요일,4,고학년,방과후,16:03,계단·복도,이동·보행,미끄러짐
SAMPLE-01155,합성 예시 데이터,2024,2024-07-09,7,화요일,2,저학년,3교시,11:19,교실·학습공간,놀이·휴식,넘어짐
SAMPLE-01156,합성 예시 데이터,2023,2023-10-16,10,월요일,4,고학년,3교시,10:50,교실·학습공간,놀이·휴식,부딪힘·충돌
SAMPLE-01157,합성 예시 데이터,2023,2023-11-08,11,수요일,3,고학년,4교시,11:34,교실·학습공간,놀이·휴식,넘어짐
SAMPLE-01158,합성 예시 데이터,2023,2023-09-14,9,목요일,3,고학년,5교시,13:32,교실·학습공간,놀이·휴식,부딪힘·충돌
SAMPLE-01159,합성 예시 데이터,2022,2022-03-14,3,월요일,3,고학년,하교,15:53,계단·복도,놀이·휴식,넘어짐
SAMPLE-01160,합성 예시 데이터,2025,2025-03-12,3,수요일,3,고학년,방과후,15:29,운동장,구기·라켓스포츠,넘어짐
SAMPLE-01161,합성 예시 데이터,2025,2025-09-23,9,화요일,2,저학년,점심시간,12:10,급식·위생공간,식사·위생,미끄러짐
SAMPLE-01162,합성 예시 데이터,2025,2025-05-23,5,금요일,5,고학년,4교시,11:56,운동장,이동·보행,넘어짐
SAMPLE-01163,합성 예시 데이터,2025,2025-04-28,4,월요일,4,고학년,3교시,10:57,교실·학습공간,이동·보행,부딪힘·충돌
SAMPLE-01164,합성 예시 데이터,2025,2025-08-19,8,화요일,1,저학년,쉬는시간,11:52,계단·복도,이동·보행,부딪힘·충돌
SAMPLE-01165,합성 예시 데이터,2022,2022-09-22,9,목요일,3,고학년,하교,15:45,교문·외부동선,놀이·휴식,부딪힘·충돌
SAMPLE-01166,합성 예시 데이터,2022,2022-10-25,10,화요일,3,고학년,1교시,09:38,교실·학습공간,수업·실습,기타
SAMPLE-01167,합성 예시 데이터,2024,2024-04-10,4,수요일,1,저학년,점심시간,12:27,급식·위생공간,놀이·휴식,부딪힘·충돌
SAMPLE-01168,합성 예시 데이터,2025,2025-06-06,6,금요일,3,고학년,쉬는시간,12:55,계단·복도,놀이·휴식,넘어짐
SAMPLE-01169,합성 예시 데이터,2021,2021-05-06,5,목요일,5,고학년,쉬는시간,13:01,계단·복도,이동·보행,넘어짐
SAMPLE-01170,합성 예시 데이터,2024,2024-07-18,7,목요일,3,고학년,5교시,13:27,강당·체육관,구기·라켓스포츠,물체에 맞음
SAMPLE-01171,합성 예시 데이터,2023,2023-12-18,12,월요일,4,고학년,방과후,15:44,운동장,기타 체육,추락
SAMPLE-01172,합성 예시 데이터,2021,2021-09-20,9,월요일,1,저학년,점심시간,12:43,운동장,기타 체육,넘어짐
SAMPLE-01173,합성 예시 데이터,2024,2024-05-09,5,목요일,2,저학년,하교,14:59,운동장,구기·라켓스포츠,부딪힘·충돌
SAMPLE-01174,합성 예시 데이터,2023,2023-10-03,10,화요일,3,고학년,1교시,09:15,강당·체육관,이동·보행,미끄러짐
SAMPLE-01175,합성 예시 데이터,2025,2025-03-18,3,화요일,5,고학년,6교시,14:19,강당·체육관,기타 체육,기타
SAMPLE-01176,합성 예시 데이터,2022,2022-05-17,5,화요일,5,고학년,하교,15:55,운동장,구기·라켓스포츠,부딪힘·충돌
SAMPLE-01177,합성 예시 데이터,2023,2023-12-18,12,월요일,5,고학년,점심시간,12:28,교실·학습공간,수업·실습,넘어짐
SAMPLE-01178,합성 예시 데이터,2023,2023-12-06,12,수요일,3,고학년,하교,16:26,계단·복도,이동·보행,추락
SAMPLE-01179,합성 예시 데이터,2022,2022-12-20,12,화요일,5,고학년,1교시,09:28,계단·복도,이동·보행,부딪힘·충돌
SAMPLE-01180,합성 예시 데이터,2025,2025-09-18,9,목요일,1,저학년,쉬는시간,10:34,화장실·위생공간,이동·보행,부딪힘·충돌
SAMPLE-01181,합성 예시 데이터,2022,2022-04-20,4,수요일,3,고학년,등교 전,08:07,계단·복도,놀이·휴식,기타
SAMPLE-01182,합성 예시 데이터,2025,2025-04-11,4,금요일,1,저학년,점심시간,12:57,급식·위생공간,식사·위생,화상
SAMPLE-01183,합성 예시 데이터,2025,2025-08-29,8,금요일,5,고학년,쉬는시간,13:09,계단·복도,놀이·휴식,넘어짐
SAMPLE-01184,합성 예시 데이터,2024,2024-04-23,4,화요일,3,고학년,3교시,11:21,계단·복도,이동·보행,추락
SAMPLE-01185,합성 예시 데이터,2024,2024-12-05,12,목요일,1,저학년,2교시,10:08,강당·체육관,구기·라켓스포츠,부딪힘·충돌
SAMPLE-01186,합성 예시 데이터,2024,2024-03-28,3,목요일,4,고학년,5교시,13:24,계단·복도,놀이·휴식,부딪힘·충돌
SAMPLE-01187,합성 예시 데이터,2021,2021-08-18,8,수요일,2,저학년,쉬는시간,09:47,화장실·위생공간,이동·보행,부딪힘·충돌
SAMPLE-01188,합성 예시 데이터,2022,2022-07-19,7,화요일,3,고학년,6교시,14:29,운동장,기타 체육,부딪힘·충돌
SAMPLE-01189,합성 예시 데이터,2021,2021-11-19,11,금요일,3,고학년,4교시,11:46,교실·학습공간,놀이·휴식,넘어짐
SAMPLE-01190,합성 예시 데이터,2024,2024-09-05,9,목요일,5,고학년,점심시간,12:23,계단·복도,이동·보행,넘어짐
SAMPLE-01191,합성 예시 데이터,2023,2023-04-10,4,월요일,6,고학년,쉬는시간,12:59,교실·학습공간,수업·실습,넘어짐
SAMPLE-01192,합성 예시 데이터,2021,2021-12-10,12,금요일,5,고학년,하교,14:01,계단·복도,이동·보행,부딪힘·충돌
SAMPLE-01193,합성 예시 데이터,2023,2023-10-10,10,화요일,4,고학년,점심시간,12:49,급식·위생공간,이동·보행,넘어짐
SAMPLE-01194,합성 예시 데이터,2025,2025-10-21,10,화요일,2,저학년,3교시,11:02,교실·학습공간,수업·실습,넘어짐
SAMPLE-01195,합성 예시 데이터,2025,2025-04-24,4,목요일,6,고학년,점심시간,12:16,급식·위생공간,이동·보행,미끄러짐
SAMPLE-01196,합성 예시 데이터,2025,2025-06-20,6,금요일,1,저학년,1교시,09:45,교실·학습공간,놀이·휴식,기타
SAMPLE-01197,합성 예시 데이터,2025,2025-07-14,7,월요일,3,고학년,등교 전,08:27,교문·외부동선,이동·보행,넘어짐
SAMPLE-01198,합성 예시 데이터,2023,2023-05-15,5,월요일,6,고학년,6교시,14:03,운동장,구기·라켓스포츠,부딪힘·충돌
SAMPLE-01199,합성 예시 데이터,2023,2023-05-15,5,월요일,6,고학년,2교시,10:07,계단·복도,놀이·휴식,부딪힘·충돌
SAMPLE-01200,합성 예시 데이터,2022,2022-05-06,5,금요일,2,저학년,점심시간,12:49,급식·위생공간,이동·보행,넘어짐
SAMPLE-01201,합성 예시 데이터,2022,2022-05-31,5,화요일,6,고학년,6교시,14:05,교실·학습공간,놀이·휴식,미끄러짐
SAMPLE-01202,합성 예시 데이터,2024,2024-10-30,10,수요일,3,고학년,점심시간,12:23,운동장,구기·라켓스포츠,넘어짐
SAMPLE-01203,합성 예시 데이터,2021,2021-11-11,11,목요일,5,고학년,하교,16:12,계단·복도,이동·보행,미끄러짐
SAMPLE-01204,합성 예시 데이터,2022,2022-11-15,11,화요일,5,고학년,쉬는시간,11:28,운동장,기타 체육,넘어짐
SAMPLE-01205,합성 예시 데이터,2023,2023-03-02,3,목요일,6,고학년,6교시,14:12,강당·체육관,기타 체육,넘어짐
SAMPLE-01206,합성 예시 데이터,2024,2024-12-10,12,화요일,4,고학년,4교시,12:06,강당·체육관,구기·라켓스포츠,물체에 맞음
SAMPLE-01207,합성 예시 데이터,2023,2023-05-19,5,금요일,1,저학년,하교,16:17,계단·복도,이동·보행,넘어짐
SAMPLE-01208,합성 예시 데이터,2022,2022-09-01,9,목요일,5,고학년,6교시,14:14,운동장,구기·라켓스포츠,물체에 맞음
SAMPLE-01209,합성 예시 데이터,2025,2025-06-24,6,화요일,1,저학년,방과후,14:43,강당·체육관,구기·라켓스포츠,물체에 맞음
SAMPLE-01210,합성 예시 데이터,2022,2022-03-16,3,수요일,4,고학년,점심시간,12:55,운동장,구기·라켓스포츠,부딪힘·충돌
SAMPLE-01211,합성 예시 데이터,2023,2023-09-21,9,목요일,1,저학년,점심시간,12:51,급식·위생공간,식사·위생,넘어짐
SAMPLE-01212,합성 예시 데이터,2025,2025-11-03,11,월요일,3,고학년,5교시,13:00,교실·학습공간,놀이·휴식,넘어짐
SAMPLE-01213,합성 예시 데이터,2023,2023-05-31,5,수요일,1,저학년,1교시,09:22,운동장,구기·라켓스포츠,기타
SAMPLE-01214,합성 예시 데이터,2021,2021-12-07,12,화요일,5,고학년,방과후,16:27,운동장,구기·라켓스포츠,기타
SAMPLE-01215,합성 예시 데이터,2023,2023-05-15,5,월요일,1,저학년,쉬는시간,13:31,교실·학습공간,놀이·휴식,기타
SAMPLE-01216,합성 예시 데이터,2021,2021-07-21,7,수요일,4,고학년,쉬는시간,11:56,교실·학습공간,놀이·휴식,넘어짐
SAMPLE-01217,합성 예시 데이터,2025,2025-03-28,3,금요일,1,저학년,1교시,09:46,운동장,구기·라켓스포츠,넘어짐
SAMPLE-01218,합성 예시 데이터,2025,2025-12-03,12,수요일,3,고학년,점심시간,12:53,교실·학습공간,이동·보행,넘어짐
SAMPLE-01219,합성 예시 데이터,2025,2025-03-18,3,화요일,1,저학년,등교 전,08:06,교실·학습공간,수업·실습,물체에 맞음
SAMPLE-01220,합성 예시 데이터,2025,2025-07-25,7,금요일,3,고학년,쉬는시간,09:44,교실·학습공간,이동·보행,부딪힘·충돌
SAMPLE-01221,합성 예시 데이터,2023,2023-10-09,10,월요일,6,고학년,쉬는시간,10:52,화장실·위생공간,식사·위생,미끄러짐
SAMPLE-01222,합성 예시 데이터,2025,2025-07-21,7,월요일,2,저학년,하교,16:10,교문·외부동선,교통·탑승,기타
SAMPLE-01223,합성 예시 데이터,2025,2025-07-23,7,수요일,6,고학년,6교시,14:25,계단·복도,이동·보행,추락
SAMPLE-01224,합성 예시 데이터,2021,2021-05-03,5,월요일,6,고학년,점심시간,12:37,운동장,구기·라켓스포츠,넘어짐
SAMPLE-01225,합성 예시 데이터,2023,2023-11-21,11,화요일,4,고학년,쉬는시간,10:14,교실·학습공간,수업·실습,기타
SAMPLE-01226,합성 예시 데이터,2025,2025-10-21,10,화요일,6,고학년,쉬는시간,11:22,계단·복도,놀이·휴식,미끄러짐
SAMPLE-01227,합성 예시 데이터,2025,2025-03-04,3,화요일,2,저학년,2교시,10:11,교실·학습공간,수업·실습,부딪힘·충돌
SAMPLE-01228,합성 예시 데이터,2025,2025-06-13,6,금요일,6,고학년,1교시,09:03,계단·복도,이동·보행,추락
SAMPLE-01229,합성 예시 데이터,2024,2024-03-27,3,수요일,5,고학년,4교시,11:40,계단·복도,이동·보행,미끄러짐
SAMPLE-01230,합성 예시 데이터,2025,2025-09-29,9,월요일,5,고학년,3교시,10:44,교실·학습공간,수업·실습,물체에 맞음
SAMPLE-01231,합성 예시 데이터,2022,2022-09-20,9,화요일,6,고학년,방과후,16:37,계단·복도,이동·보행,넘어짐
SAMPLE-01232,합성 예시 데이터,2022,2022-05-03,5,화요일,1,저학년,6교시,14:26,강당·체육관,구기·라켓스포츠,부딪힘·충돌
SAMPLE-01233,합성 예시 데이터,2024,2024-10-09,10,수요일,1,저학년,5교시,13:27,강당·체육관,기타 체육,부딪힘·충돌
SAMPLE-01234,합성 예시 데이터,2021,2021-06-08,6,화요일,4,고학년,3교시,11:26,교실·학습공간,수업·실습,넘어짐
SAMPLE-01235,합성 예시 데이터,2022,2022-05-05,5,목요일,6,고학년,4교시,11:45,강당·체육관,구기·라켓스포츠,물체에 맞음
SAMPLE-01236,합성 예시 데이터,2024,2024-10-11,10,금요일,6,고학년,5교시,13:47,계단·복도,놀이·휴식,부딪힘·충돌
SAMPLE-01237,합성 예시 데이터,2022,2022-12-13,12,화요일,6,고학년,점심시간,12:24,계단·복도,이동·보행,부딪힘·충돌
SAMPLE-01238,합성 예시 데이터,2022,2022-08-10,8,수요일,5,고학년,하교,16:25,교실·학습공간,수업·실습,넘어짐
SAMPLE-01239,합성 예시 데이터,2022,2022-11-09,11,수요일,3,고학년,3교시,11:14,운동장,구기·라켓스포츠,물체에 맞음
SAMPLE-01240,합성 예시 데이터,2024,2024-12-19,12,목요일,6,고학년,쉬는시간,11:24,계단·복도,이동·보행,넘어짐
SAMPLE-01241,합성 예시 데이터,2022,2022-11-25,11,금요일,2,저학년,4교시,11:50,교실·학습공간,놀이·휴식,넘어짐
SAMPLE-01242,합성 예시 데이터,2022,2022-04-26,4,화요일,5,고학년,6교시,14:11,강당·체육관,기타 체육,넘어짐
SAMPLE-01243,합성 예시 데이터,2023,2023-03-03,3,금요일,2,저학년,6교시,14:11,교실·학습공간,수업·실습,기타
SAMPLE-01244,합성 예시 데이터,2021,2021-08-04,8,수요일,4,고학년,6교시,14:19,교실·학습공간,수업·실습,물체에 맞음
SAMPLE-01245,합성 예시 데이터,2025,2025-05-06,5,화요일,2,저학년,점심시간,12:30,운동장,구기·라켓스포츠,넘어짐
SAMPLE-01246,합성 예시 데이터,2024,2024-08-12,8,월요일,2,저학년,하교,14:08,교실·학습공간,수업·실습,물체에 맞음
SAMPLE-01247,합성 예시 데이터,2024,2024-03-19,3,화요일,5,고학년,하교,14:59,교문·외부동선,교통·탑승,부딪힘·충돌
SAMPLE-01248,합성 예시 데이터,2024,2024-03-13,3,수요일,1,저학년,쉬는시간,12:42,운동장,기타 체육,기타
SAMPLE-01249,합성 예시 데이터,2021,2021-07-07,7,수요일,6,고학년,점심시간,12:33,급식·위생공간,식사·위생,넘어짐
SAMPLE-01250,합성 예시 데이터,2024,2024-06-18,6,화요일,1,저학년,1교시,09:14,운동장,기타 체육,넘어짐
SAMPLE-01251,합성 예시 데이터,2025,2025-07-24,7,목요일,6,고학년,쉬는시간,11:10,계단·복도,놀이·휴식,넘어짐
SAMPLE-01252,합성 예시 데이터,2023,2023-09-15,9,금요일,6,고학년,쉬는시간,11:14,화장실·위생공간,이동·보행,넘어짐
SAMPLE-01253,합성 예시 데이터,2024,2024-11-04,11,월요일,1,저학년,6교시,14:04,운동장,놀이·휴식,넘어짐
SAMPLE-01254,합성 예시 데이터,2024,2024-04-29,4,월요일,4,고학년,하교,14:42,계단·복도,이동·보행,넘어짐
SAMPLE-01255,합성 예시 데이터,2023,2023-09-14,9,목요일,2,저학년,4교시,11:54,교실·학습공간,수업·실습,물체에 맞음
SAMPLE-01256,합성 예시 데이터,2024,2024-05-09,5,목요일,6,고학년,쉬는시간,10:48,운동장,구기·라켓스포츠,물체에 맞음
SAMPLE-01257,합성 예시 데이터,2023,2023-03-02,3,목요일,2,저학년,3교시,11:08,계단·복도,이동·보행,넘어짐
SAMPLE-01258,합성 예시 데이터,2025,2025-05-21,5,수요일,3,고학년,점심시간,12:14,운동장,구기·라켓스포츠,부딪힘·충돌
SAMPLE-01259,합성 예시 데이터,2023,2023-07-11,7,화요일,1,저학년,3교시,11:21,계단·복도,이동·보행,부딪힘·충돌
SAMPLE-01260,합성 예시 데이터,2022,2022-05-26,5,목요일,2,저학년,1교시,09:12,교실·학습공간,수업·실습,넘어짐
SAMPLE-01261,합성 예시 데이터,2025,2025-09-03,9,수요일,2,저학년,쉬는시간,13:54,교실·학습공간,수업·실습,넘어짐
SAMPLE-01262,합성 예시 데이터,2022,2022-09-28,9,수요일,3,고학년,5교시,13:12,운동장,구기·라켓스포츠,물체에 맞음
SAMPLE-01263,합성 예시 데이터,2021,2021-07-26,7,월요일,5,고학년,쉬는시간,11:59,교실·학습공간,놀이·휴식,미끄러짐
SAMPLE-01264,합성 예시 데이터,2021,2021-07-21,7,수요일,3,고학년,1교시,09:44,교실·학습공간,놀이·휴식,넘어짐
SAMPLE-01265,합성 예시 데이터,2023,2023-09-26,9,화요일,5,고학년,쉬는시간,12:33,교실·학습공간,수업·실습,부딪힘·충돌
SAMPLE-01266,합성 예시 데이터,2023,2023-07-14,7,금요일,4,고학년,3교시,10:49,교실·학습공간,놀이·휴식,부딪힘·충돌
SAMPLE-01267,합성 예시 데이터,2021,2021-07-21,7,수요일,4,고학년,점심시간,12:22,운동장,구기·라켓스포츠,넘어짐
SAMPLE-01268,합성 예시 데이터,2023,2023-03-06,3,월요일,1,저학년,쉬는시간,13:22,화장실·위생공간,놀이·휴식,넘어짐
SAMPLE-01269,합성 예시 데이터,2021,2021-09-29,9,수요일,5,고학년,방과후,14:40,강당·체육관,구기·라켓스포츠,부딪힘·충돌
SAMPLE-01270,합성 예시 데이터,2025,2025-07-18,7,금요일,1,저학년,점심시간,12:22,급식·위생공간,식사·위생,넘어짐
SAMPLE-01271,합성 예시 데이터,2024,2024-08-28,8,수요일,3,고학년,5교시,13:10,교실·학습공간,수업·실습,기타
SAMPLE-01272,합성 예시 데이터,2024,2024-06-28,6,금요일,3,고학년,5교시,13:49,교실·학습공간,수업·실습,넘어짐
SAMPLE-01273,합성 예시 데이터,2022,2022-11-09,11,수요일,2,저학년,4교시,11:55,교실·학습공간,수업·실습,물체에 맞음
SAMPLE-01274,합성 예시 데이터,2021,2021-11-01,11,월요일,1,저학년,쉬는시간,13:21,화장실·위생공간,식사·위생,미끄러짐
SAMPLE-01275,합성 예시 데이터,2022,2022-11-28,11,월요일,4,고학년,6교시,14:13,교실·학습공간,이동·보행,부딪힘·충돌
SAMPLE-01276,합성 예시 데이터,2022,2022-06-09,6,목요일,6,고학년,점심시간,12:14,운동장,구기·라켓스포츠,부딪힘·충돌
SAMPLE-01277,합성 예시 데이터,2024,2024-08-27,8,화요일,1,저학년,2교시,10:17,운동장,놀이·휴식,부딪힘·충돌
SAMPLE-01278,합성 예시 데이터,2024,2024-05-13,5,월요일,1,저학년,점심시간,12:20,운동장,구기·라켓스포츠,부딪힘·충돌
SAMPLE-01279,합성 예시 데이터,2024,2024-08-15,8,목요일,3,고학년,3교시,11:06,교실·학습공간,수업·실습,부딪힘·충돌
SAMPLE-01280,합성 예시 데이터,2022,2022-10-31,10,월요일,3,고학년,3교시,10:41,강당·체육관,구기·라켓스포츠,넘어짐
SAMPLE-01281,합성 예시 데이터,2022,2022-06-22,6,수요일,5,고학년,쉬는시간,12:28,교실·학습공간,놀이·휴식,기타
SAMPLE-01282,합성 예시 데이터,2025,2025-03-17,3,월요일,3,고학년,점심시간,12:57,운동장,구기·라켓스포츠,부딪힘·충돌
SAMPLE-01283,합성 예시 데이터,2024,2024-04-09,4,화요일,4,고학년,방과후,14:32,교실·학습공간,수업·실습,물체에 맞음
SAMPLE-01284,합성 예시 데이터,2025,2025-05-09,5,금요일,1,저학년,점심시간,12:11,급식·위생공간,식사·위생,넘어짐
SAMPLE-01285,합성 예시 데이터,2024,2024-07-04,7,목요일,3,고학년,방과후,17:06,강당·체육관,구기·라켓스포츠,기타
SAMPLE-01286,합성 예시 데이터,2023,2023-06-27,6,화요일,6,고학년,3교시,11:24,강당·체육관,구기·라켓스포츠,부딪힘·충돌
SAMPLE-01287,합성 예시 데이터,2025,2025-09-19,9,금요일,2,저학년,쉬는시간,11:20,교실·학습공간,수업·실습,기타
SAMPLE-01288,합성 예시 데이터,2023,2023-06-21,6,수요일,6,고학년,등교 전,08:03,교문·외부동선,이동·보행,넘어짐
SAMPLE-01289,합성 예시 데이터,2022,2022-11-10,11,목요일,3,고학년,방과후,17:13,강당·체육관,구기·라켓스포츠,물체에 맞음
SAMPLE-01290,합성 예시 데이터,2022,2022-05-24,5,화요일,5,고학년,6교시,13:55,운동장,구기·라켓스포츠,부딪힘·충돌
SAMPLE-01291,합성 예시 데이터,2024,2024-05-15,5,수요일,3,고학년,점심시간,12:47,교실·학습공간,수업·실습,부딪힘·충돌
SAMPLE-01292,합성 예시 데이터,2023,2023-09-12,9,화요일,2,저학년,방과후,16:39,교실·학습공간,놀이·휴식,넘어짐
SAMPLE-01293,합성 예시 데이터,2021,2021-11-01,11,월요일,4,고학년,방과후,16:16,교실·학습공간,놀이·휴식,넘어짐
SAMPLE-01294,합성 예시 데이터,2021,2021-03-30,3,화요일,2,저학년,2교시,10:14,교실·학습공간,수업·실습,넘어짐
SAMPLE-01295,합성 예시 데이터,2023,2023-08-15,8,화요일,6,고학년,방과후,17:15,강당·체육관,이동·보행,넘어짐
SAMPLE-01296,합성 예시 데이터,2025,2025-05-23,5,금요일,3,고학년,6교시,14:28,교실·학습공간,수업·실습,부딪힘·충돌
SAMPLE-01297,합성 예시 데이터,2025,2025-05-14,5,수요일,5,고학년,6교시,14:15,운동장,구기·라켓스포츠,물체에 맞음
SAMPLE-01298,합성 예시 데이터,2025,2025-06-16,6,월요일,3,고학년,쉬는시간,10:35,교실·학습공간,수업·실습,물체에 맞음
SAMPLE-01299,합성 예시 데이터,2023,2023-09-25,9,월요일,1,저학년,5교시,13:45,교실·학습공간,수업·실습,부딪힘·충돌
SAMPLE-01300,합성 예시 데이터,2022,2022-10-25,10,화요일,4,고학년,4교시,12:09,강당·체육관,구기·라켓스포츠,부딪힘·충돌
SAMPLE-01301,합성 예시 데이터,2025,2025-05-02,5,금요일,5,고학년,등교 전,08:25,교실·학습공간,놀이·휴식,미끄러짐
SAMPLE-01302,합성 예시 데이터,2023,2023-11-21,11,화요일,6,고학년,6교시,13:53,강당·체육관,구기·라켓스포츠,물체에 맞음
SAMPLE-01303,합성 예시 데이터,2022,2022-04-27,4,수요일,3,고학년,점심시간,12:24,교실·학습공간,놀이·휴식,넘어짐
SAMPLE-01304,합성 예시 데이터,2025,2025-09-19,9,금요일,6,고학년,6교시,14:02,교실·학습공간,이동·보행,넘어짐
SAMPLE-01305,합성 예시 데이터,2023,2023-11-24,11,금요일,4,고학년,쉬는시간,10:48,교실·학습공간,이동·보행,넘어짐
SAMPLE-01306,합성 예시 데이터,2021,2021-08-19,8,목요일,6,고학년,하교,16:24,교실·학습공간,수업·실습,기타
SAMPLE-01307,합성 예시 데이터,2024,2024-06-11,6,화요일,1,저학년,점심시간,12:34,계단·복도,이동·보행,넘어짐
SAMPLE-01308,합성 예시 데이터,2023,2023-12-14,12,목요일,3,고학년,3교시,11:06,계단·복도,이동·보행,부딪힘·충돌
SAMPLE-01309,합성 예시 데이터,2022,2022-10-21,10,금요일,6,고학년,쉬는시간,14:13,화장실·위생공간,식사·위생,넘어짐
SAMPLE-01310,합성 예시 데이터,2021,2021-07-05,7,월요일,4,고학년,점심시간,12:58,급식·위생공간,식사·위생,기타
SAMPLE-01311,합성 예시 데이터,2023,2023-11-24,11,금요일,6,고학년,2교시,10:22,운동장,놀이·휴식,부딪힘·충돌
SAMPLE-01312,합성 예시 데이터,2025,2025-11-19,11,수요일,2,저학년,점심시간,12:18,계단·복도,이동·보행,부딪힘·충돌
SAMPLE-01313,합성 예시 데이터,2024,2024-06-28,6,금요일,4,고학년,3교시,10:58,교실·학습공간,수업·실습,물체에 맞음
SAMPLE-01314,합성 예시 데이터,2022,2022-06-16,6,목요일,3,고학년,1교시,09:32,강당·체육관,이동·보행,부딪힘·충돌
SAMPLE-01315,합성 예시 데이터,2022,2022-03-30,3,수요일,3,고학년,3교시,11:18,교실·학습공간,수업·실습,기타
SAMPLE-01316,합성 예시 데이터,2025,2025-08-05,8,화요일,3,고학년,4교시,11:30,강당·체육관,기타 체육,부딪힘·충돌
SAMPLE-01317,합성 예시 데이터,2025,2025-04-14,4,월요일,3,고학년,6교시,14:01,계단·복도,놀이·휴식,미끄러짐
SAMPLE-01318,합성 예시 데이터,2023,2023-11-07,11,화요일,4,고학년,5교시,13:18,운동장,이동·보행,넘어짐
SAMPLE-01319,합성 예시 데이터,2025,2025-05-22,5,목요일,1,저학년,점심시간,12:45,계단·복도,기타,부딪힘·충돌
SAMPLE-01320,합성 예시 데이터,2024,2024-03-14,3,목요일,4,고학년,쉬는시간,11:18,교실·학습공간,수업·실습,부딪힘·충돌
SAMPLE-01321,합성 예시 데이터,2024,2024-05-01,5,수요일,4,고학년,방과후,15:36,계단·복도,이동·보행,부딪힘·충돌
SAMPLE-01322,합성 예시 데이터,2022,2022-03-29,3,화요일,5,고학년,쉬는시간,13:23,화장실·위생공간,식사·위생,미끄러짐
SAMPLE-01323,합성 예시 데이터,2025,2025-04-23,4,수요일,4,고학년,쉬는시간,12:14,교실·학습공간,수업·실습,넘어짐
SAMPLE-01324,합성 예시 데이터,2022,2022-06-13,6,월요일,6,고학년,1교시,09:33,교실·학습공간,수업·실습,넘어짐
SAMPLE-01325,합성 예시 데이터,2021,2021-03-09,3,화요일,6,고학년,방과후,15:42,운동장,기타 체육,부딪힘·충돌
SAMPLE-01326,합성 예시 데이터,2023,2023-12-20,12,수요일,4,고학년,쉬는시간,11:31,계단·복도,이동·보행,미끄러짐
SAMPLE-01327,합성 예시 데이터,2021,2021-11-05,11,금요일,1,저학년,쉬는시간,13:20,화장실·위생공간,놀이·휴식,넘어짐
SAMPLE-01328,합성 예시 데이터,2025,2025-10-24,10,금요일,4,고학년,3교시,10:56,운동장,놀이·휴식,부딪힘·충돌
SAMPLE-01329,합성 예시 데이터,2024,2024-05-09,5,목요일,4,고학년,쉬는시간,13:00,운동장,이동·보행,부딪힘·충돌
SAMPLE-01330,합성 예시 데이터,2022,2022-11-01,11,화요일,2,저학년,2교시,10:26,운동장,구기·라켓스포츠,부딪힘·충돌
SAMPLE-01331,합성 예시 데이터,2023,2023-06-23,6,금요일,4,고학년,쉬는시간,13:48,운동장,놀이·휴식,부딪힘·충돌
SAMPLE-01332,합성 예시 데이터,2024,2024-03-29,3,금요일,4,고학년,점심시간,12:45,계단·복도,이동·보행,미끄러짐
SAMPLE-01333,합성 예시 데이터,2021,2021-07-27,7,화요일,5,고학년,쉬는시간,13:06,교실·학습공간,이동·보행,부딪힘·충돌
SAMPLE-01334,합성 예시 데이터,2025,2025-06-12,6,목요일,2,저학년,6교시,14:05,교실·학습공간,수업·실습,넘어짐
SAMPLE-01335,합성 예시 데이터,2022,2022-06-22,6,수요일,4,고학년,점심시간,12:22,운동장,이동·보행,미끄러짐
SAMPLE-01336,합성 예시 데이터,2025,2025-07-09,7,수요일,3,고학년,방과후,16:19,운동장,기타 체육,부딪힘·충돌
SAMPLE-01337,합성 예시 데이터,2025,2025-03-10,3,월요일,4,고학년,1교시,09:34,교실·학습공간,놀이·휴식,미끄러짐
SAMPLE-01338,합성 예시 데이터,2024,2024-11-13,11,수요일,1,저학년,점심시간,12:18,급식·위생공간,이동·보행,미끄러짐
SAMPLE-01339,합성 예시 데이터,2022,2022-11-04,11,금요일,6,고학년,점심시간,12:23,계단·복도,이동·보행,넘어짐
SAMPLE-01340,합성 예시 데이터,2022,2022-05-25,5,수요일,1,저학년,2교시,10:18,운동장,구기·라켓스포츠,기타
SAMPLE-01341,합성 예시 데이터,2023,2023-11-29,11,수요일,5,고학년,쉬는시간,09:53,운동장,구기·라켓스포츠,넘어짐
SAMPLE-01342,합성 예시 데이터,2025,2025-04-28,4,월요일,4,고학년,하교,14:22,교문·외부동선,교통·탑승,부딪힘·충돌
SAMPLE-01343,합성 예시 데이터,2025,2025-07-01,7,화요일,1,저학년,방과후,14:38,운동장,놀이·휴식,부딪힘·충돌
SAMPLE-01344,합성 예시 데이터,2023,2023-07-07,7,금요일,5,고학년,4교시,12:06,교실·학습공간,놀이·휴식,미끄러짐
SAMPLE-01345,합성 예시 데이터,2022,2022-10-03,10,월요일,4,고학년,1교시,09:18,교실·학습공간,수업·실습,넘어짐
SAMPLE-01346,합성 예시 데이터,2021,2021-09-27,9,월요일,2,저학년,방과후,15:49,운동장,구기·라켓스포츠,넘어짐
SAMPLE-01347,합성 예시 데이터,2024,2024-07-12,7,금요일,4,고학년,하교,15:56,교실·학습공간,놀이·휴식,기타
SAMPLE-01348,합성 예시 데이터,2023,2023-08-10,8,목요일,2,저학년,3교시,11:05,계단·복도,이동·보행,미끄러짐
SAMPLE-01349,합성 예시 데이터,2021,2021-06-01,6,화요일,6,고학년,1교시,09:34,계단·복도,이동·보행,미끄러짐
SAMPLE-01350,합성 예시 데이터,2023,2023-09-29,9,금요일,3,고학년,5교시,13:49,계단·복도,이동·보행,추락
SAMPLE-01351,합성 예시 데이터,2025,2025-04-03,4,목요일,2,저학년,쉬는시간,11:21,화장실·위생공간,식사·위생,기타
SAMPLE-01352,합성 예시 데이터,2024,2024-05-03,5,금요일,1,저학년,쉬는시간,10:03,운동장,구기·라켓스포츠,부딪힘·충돌
SAMPLE-01353,합성 예시 데이터,2023,2023-05-24,5,수요일,2,저학년,쉬는시간,11:38,운동장,기타 체육,부딪힘·충돌
SAMPLE-01354,합성 예시 데이터,2021,2021-04-15,4,목요일,4,고학년,점심시간,12:16,계단·복도,이동·보행,부딪힘·충돌
SAMPLE-01355,합성 예시 데이터,2021,2021-11-03,11,수요일,1,저학년,쉬는시간,14:19,운동장,기타 체육,추락
SAMPLE-01356,합성 예시 데이터,2023,2023-10-09,10,월요일,1,저학년,방과후,17:08,강당·체육관,기타 체육,추락
SAMPLE-01357,합성 예시 데이터,2025,2025-10-01,10,수요일,4,고학년,2교시,10:34,교실·학습공간,수업·실습,부딪힘·충돌
SAMPLE-01358,합성 예시 데이터,2021,2021-06-23,6,수요일,5,고학년,6교시,14:09,교실·학습공간,이동·보행,미끄러짐
SAMPLE-01359,합성 예시 데이터,2021,2021-12-15,12,수요일,1,저학년,점심시간,12:38,급식·위생공간,식사·위생,미끄러짐
SAMPLE-01360,합성 예시 데이터,2025,2025-05-19,5,월요일,6,고학년,6교시,14:23,계단·복도,이동·보행,부딪힘·충돌
SAMPLE-01361,합성 예시 데이터,2024,2024-04-22,4,월요일,5,고학년,2교시,10:31,계단·복도,놀이·휴식,부딪힘·충돌
SAMPLE-01362,합성 예시 데이터,2023,2023-09-26,9,화요일,1,저학년,4교시,11:45,운동장,구기·라켓스포츠,물체에 맞음
SAMPLE-01363,합성 예시 데이터,2023,2023-11-16,11,목요일,1,저학년,2교시,10:19,계단·복도,이동·보행,넘어짐
SAMPLE-01364,합성 예시 데이터,2021,2021-11-03,11,수요일,6,고학년,5교시,13:15,교실·학습공간,놀이·휴식,넘어짐
SAMPLE-01365,합성 예시 데이터,2023,2023-09-11,9,월요일,6,고학년,방과후,15:34,강당·체육관,구기·라켓스포츠,물체에 맞음
SAMPLE-01366,합성 예시 데이터,2025,2025-10-23,10,목요일,6,고학년,쉬는시간,10:09,운동장,놀이·휴식,넘어짐
SAMPLE-01367,합성 예시 데이터,2021,2021-11-11,11,목요일,1,저학년,쉬는시간,11:06,화장실·위생공간,이동·보행,부딪힘·충돌
SAMPLE-01368,합성 예시 데이터,2023,2023-06-27,6,화요일,6,고학년,방과후,14:50,계단·복도,이동·보행,넘어짐
SAMPLE-01369,합성 예시 데이터,2021,2021-06-22,6,화요일,4,고학년,6교시,14:10,운동장,구기·라켓스포츠,기타
SAMPLE-01370,합성 예시 데이터,2024,2024-05-03,5,금요일,1,저학년,쉬는시간,13:13,운동장,놀이·휴식,미끄러짐
SAMPLE-01371,합성 예시 데이터,2025,2025-04-11,4,금요일,4,고학년,4교시,12:01,강당·체육관,이동·보행,미끄러짐
SAMPLE-01372,합성 예시 데이터,2023,2023-07-27,7,목요일,2,저학년,점심시간,12:10,교실·학습공간,수업·실습,넘어짐
SAMPLE-01373,합성 예시 데이터,2024,2024-07-30,7,화요일,3,고학년,쉬는시간,11:21,계단·복도,이동·보행,부딪힘·충돌
SAMPLE-01374,합성 예시 데이터,2023,2023-07-20,7,목요일,3,고학년,점심시간,12:20,교실·학습공간,수업·실습,넘어짐
SAMPLE-01375,합성 예시 데이터,2021,2021-08-13,8,금요일,3,고학년,쉬는시간,11:28,운동장,구기·라켓스포츠,물체에 맞음
SAMPLE-01376,합성 예시 데이터,2023,2023-11-10,11,금요일,2,저학년,4교시,12:09,교실·학습공간,수업·실습,부딪힘·충돌
SAMPLE-01377,합성 예시 데이터,2024,2024-08-08,8,목요일,6,고학년,점심시간,12:27,계단·복도,이동·보행,넘어짐
SAMPLE-01378,합성 예시 데이터,2023,2023-06-01,6,목요일,3,고학년,점심시간,12:51,계단·복도,놀이·휴식,넘어짐
SAMPLE-01379,합성 예시 데이터,2025,2025-08-01,8,금요일,2,저학년,1교시,09:11,교실·학습공간,수업·실습,물체에 맞음
SAMPLE-01380,합성 예시 데이터,2023,2023-07-05,7,수요일,4,고학년,쉬는시간,12:24,계단·복도,이동·보행,넘어짐
SAMPLE-01381,합성 예시 데이터,2022,2022-07-07,7,목요일,3,고학년,점심시간,12:39,급식·위생공간,식사·위생,미끄러짐
SAMPLE-01382,합성 예시 데이터,2025,2025-08-28,8,목요일,3,고학년,점심시간,12:37,교실·학습공간,놀이·휴식,넘어짐
SAMPLE-01383,합성 예시 데이터,2025,2025-05-14,5,수요일,6,고학년,점심시간,12:44,급식·위생공간,식사·위생,미끄러짐
SAMPLE-01384,합성 예시 데이터,2025,2025-03-07,3,금요일,5,고학년,6교시,14:13,강당·체육관,구기·라켓스포츠,부딪힘·충돌
SAMPLE-01385,합성 예시 데이터,2025,2025-06-06,6,금요일,3,고학년,쉬는시간,12:23,운동장,기타 체육,추락
SAMPLE-01386,합성 예시 데이터,2025,2025-12-10,12,수요일,4,고학년,4교시,12:02,운동장,놀이·휴식,넘어짐
SAMPLE-01387,합성 예시 데이터,2024,2024-11-04,11,월요일,5,고학년,6교시,14:20,운동장,기타 체육,넘어짐
SAMPLE-01388,합성 예시 데이터,2022,2022-11-02,11,수요일,4,고학년,6교시,14:04,운동장,구기·라켓스포츠,물체에 맞음
SAMPLE-01389,합성 예시 데이터,2022,2022-03-16,3,수요일,5,고학년,5교시,13:07,강당·체육관,기타 체육,추락
SAMPLE-01390,합성 예시 데이터,2025,2025-12-09,12,화요일,1,저학년,2교시,10:36,계단·복도,이동·보행,넘어짐
SAMPLE-01391,합성 예시 데이터,2021,2021-05-31,5,월요일,3,고학년,방과후,17:04,강당·체육관,구기·라켓스포츠,부딪힘·충돌
SAMPLE-01392,합성 예시 데이터,2024,2024-07-08,7,월요일,6,고학년,4교시,12:06,계단·복도,놀이·휴식,미끄러짐
SAMPLE-01393,합성 예시 데이터,2025,2025-04-18,4,금요일,5,고학년,5교시,13:14,교실·학습공간,이동·보행,부딪힘·충돌
SAMPLE-01394,합성 예시 데이터,2021,2021-03-12,3,금요일,4,고학년,방과후,14:53,운동장,구기·라켓스포츠,부딪힘·충돌
SAMPLE-01395,합성 예시 데이터,2025,2025-06-16,6,월요일,6,고학년,2교시,10:29,강당·체육관,기타 체육,넘어짐
SAMPLE-01396,합성 예시 데이터,2025,2025-03-18,3,화요일,2,저학년,점심시간,12:52,급식·위생공간,식사·위생,넘어짐
SAMPLE-01397,합성 예시 데이터,2023,2023-05-05,5,금요일,4,고학년,점심시간,12:47,급식·위생공간,식사·위생,미끄러짐
SAMPLE-01398,합성 예시 데이터,2025,2025-04-01,4,화요일,6,고학년,2교시,09:53,교실·학습공간,수업·실습,부딪힘·충돌
SAMPLE-01399,합성 예시 데이터,2024,2024-03-28,3,목요일,3,고학년,쉬는시간,10:38,계단·복도,이동·보행,넘어짐
SAMPLE-01400,합성 예시 데이터,2022,2022-04-18,4,월요일,1,저학년,방과후,17:04,강당·체육관,이동·보행,미끄러짐
SAMPLE-01401,합성 예시 데이터,2022,2022-03-30,3,수요일,3,고학년,점심시간,12:48,교실·학습공간,놀이·휴식,넘어짐
SAMPLE-01402,합성 예시 데이터,2021,2021-04-13,4,화요일,5,고학년,쉬는시간,10:38,화장실·위생공간,이동·보행,넘어짐
SAMPLE-01403,합성 예시 데이터,2025,2025-10-06,10,월요일,1,저학년,쉬는시간,13:12,운동장,놀이·휴식,부딪힘·충돌
SAMPLE-01404,합성 예시 데이터,2022,2022-05-20,5,금요일,4,고학년,방과후,15:30,운동장,기타 체육,추락
SAMPLE-01405,합성 예시 데이터,2021,2021-08-23,8,월요일,2,저학년,방과후,15:04,교실·학습공간,수업·실습,물체에 맞음
SAMPLE-01406,합성 예시 데이터,2022,2022-10-24,10,월요일,3,고학년,하교,16:22,교실·학습공간,수업·실습,물체에 맞음
SAMPLE-01407,합성 예시 데이터,2022,2022-09-14,9,수요일,3,고학년,6교시,14:09,강당·체육관,구기·라켓스포츠,부딪힘·충돌
SAMPLE-01408,합성 예시 데이터,2024,2024-04-17,4,수요일,2,저학년,쉬는시간,12:59,계단·복도,이동·보행,부딪힘·충돌
SAMPLE-01409,합성 예시 데이터,2022,2022-06-22,6,수요일,2,저학년,방과후,16:36,계단·복도,놀이·휴식,미끄러짐
SAMPLE-01410,합성 예시 데이터,2022,2022-10-10,10,월요일,2,저학년,5교시,13:01,교실·학습공간,이동·보행,미끄러짐
SAMPLE-01411,합성 예시 데이터,2023,2023-07-27,7,목요일,4,고학년,5교시,13:08,강당·체육관,구기·라켓스포츠,기타
SAMPLE-01412,합성 예시 데이터,2025,2025-04-24,4,목요일,4,고학년,4교시,11:40,계단·복도,이동·보행,부딪힘·충돌
SAMPLE-01413,합성 예시 데이터,2021,2021-11-17,11,수요일,4,고학년,6교시,14:14,운동장,기타 체육,넘어짐
SAMPLE-01414,합성 예시 데이터,2024,2024-07-04,7,목요일,6,고학년,쉬는시간,13:40,운동장,구기·라켓스포츠,부딪힘·충돌
SAMPLE-01415,합성 예시 데이터,2025,2025-07-03,7,목요일,6,고학년,하교,16:23,교실·학습공간,수업·실습,부딪힘·충돌
SAMPLE-01416,합성 예시 데이터,2024,2024-06-18,6,화요일,6,고학년,5교시,13:25,교실·학습공간,놀이·휴식,넘어짐
SAMPLE-01417,합성 예시 데이터,2023,2023-09-14,9,목요일,5,고학년,점심시간,12:50,계단·복도,이동·보행,넘어짐
SAMPLE-01418,합성 예시 데이터,2025,2025-05-15,5,목요일,2,저학년,쉬는시간,10:23,운동장,기타 체육,넘어짐
SAMPLE-01419,합성 예시 데이터,2023,2023-07-21,7,금요일,5,고학년,4교시,11:56,강당·체육관,구기·라켓스포츠,물체에 맞음
SAMPLE-01420,합성 예시 데이터,2024,2024-09-26,9,목요일,1,저학년,쉬는시간,10:49,계단·복도,이동·보행,미끄러짐
SAMPLE-01421,합성 예시 데이터,2025,2025-09-25,9,목요일,3,고학년,6교시,14:18,교실·학습공간,수업·실습,넘어짐
SAMPLE-01422,합성 예시 데이터,2021,2021-12-10,12,금요일,6,고학년,점심시간,12:30,운동장,구기·라켓스포츠,물체에 맞음
SAMPLE-01423,합성 예시 데이터,2022,2022-05-24,5,화요일,3,고학년,6교시,14:19,강당·체육관,구기·라켓스포츠,물체에 맞음
SAMPLE-01424,합성 예시 데이터,2024,2024-06-20,6,목요일,3,고학년,2교시,10:25,운동장,놀이·휴식,부딪힘·충돌
SAMPLE-01425,합성 예시 데이터,2025,2025-04-10,4,목요일,1,저학년,3교시,11:24,운동장,구기·라켓스포츠,넘어짐
SAMPLE-01426,합성 예시 데이터,2024,2024-05-13,5,월요일,6,고학년,쉬는시간,11:28,계단·복도,이동·보행,미끄러짐
SAMPLE-01427,합성 예시 데이터,2025,2025-05-30,5,금요일,2,저학년,하교,15:07,교문·외부동선,이동·보행,추락
SAMPLE-01428,합성 예시 데이터,2024,2024-08-29,8,목요일,4,고학년,3교시,11:12,강당·체육관,구기·라켓스포츠,물체에 맞음
SAMPLE-01429,합성 예시 데이터,2023,2023-10-06,10,금요일,4,고학년,쉬는시간,14:05,계단·복도,놀이·휴식,넘어짐
SAMPLE-01430,합성 예시 데이터,2025,2025-10-09,10,목요일,4,고학년,5교시,13:11,운동장,구기·라켓스포츠,넘어짐
SAMPLE-01431,합성 예시 데이터,2024,2024-03-19,3,화요일,3,고학년,하교,16:44,교문·외부동선,교통·탑승,부딪힘·충돌
SAMPLE-01432,합성 예시 데이터,2022,2022-07-28,7,목요일,4,고학년,쉬는시간,13:57,계단·복도,놀이·휴식,부딪힘·충돌
SAMPLE-01433,합성 예시 데이터,2025,2025-03-19,3,수요일,5,고학년,5교시,13:34,강당·체육관,구기·라켓스포츠,넘어짐
SAMPLE-01434,합성 예시 데이터,2023,2023-07-20,7,목요일,3,고학년,하교,14:13,운동장,놀이·휴식,넘어짐
SAMPLE-01435,합성 예시 데이터,2025,2025-03-10,3,월요일,6,고학년,5교시,13:47,계단·복도,놀이·휴식,미끄러짐
SAMPLE-01436,합성 예시 데이터,2021,2021-10-13,10,수요일,5,고학년,2교시,09:51,운동장,놀이·휴식,기타
SAMPLE-01437,합성 예시 데이터,2023,2023-06-30,6,금요일,3,고학년,3교시,10:57,계단·복도,놀이·휴식,부딪힘·충돌
SAMPLE-01438,합성 예시 데이터,2021,2021-03-30,3,화요일,3,고학년,점심시간,12:34,운동장,놀이·휴식,넘어짐
SAMPLE-01439,합성 예시 데이터,2024,2024-06-14,6,금요일,6,고학년,하교,14:39,계단·복도,이동·보행,추락
SAMPLE-01440,합성 예시 데이터,2023,2023-04-24,4,월요일,5,고학년,4교시,11:50,교실·학습공간,이동·보행,부딪힘·충돌
SAMPLE-01441,합성 예시 데이터,2023,2023-12-20,12,수요일,1,저학년,하교,15:29,계단·복도,이동·보행,미끄러짐
SAMPLE-01442,합성 예시 데이터,2025,2025-07-11,7,금요일,1,저학년,방과후,15:05,교실·학습공간,수업·실습,부딪힘·충돌
SAMPLE-01443,합성 예시 데이터,2023,2023-07-18,7,화요일,1,저학년,5교시,13:17,교실·학습공간,수업·실습,넘어짐
SAMPLE-01444,합성 예시 데이터,2023,2023-05-22,5,월요일,1,저학년,하교,15:03,교문·외부동선,이동·보행,넘어짐
SAMPLE-01445,합성 예시 데이터,2025,2025-04-10,4,목요일,3,고학년,등교 전,08:44,교문·외부동선,교통·탑승,부딪힘·충돌
SAMPLE-01446,합성 예시 데이터,2024,2024-11-05,11,화요일,3,고학년,6교시,14:10,운동장,구기·라켓스포츠,넘어짐
SAMPLE-01447,합성 예시 데이터,2025,2025-07-10,7,목요일,3,고학년,방과후,14:42,운동장,기타 체육,넘어짐
SAMPLE-01448,합성 예시 데이터,2022,2022-04-08,4,금요일,5,고학년,6교시,14:22,운동장,놀이·휴식,부딪힘·충돌
SAMPLE-01449,합성 예시 데이터,2023,2023-03-28,3,화요일,6,고학년,4교시,11:50,강당·체육관,기타 체육,넘어짐
SAMPLE-01450,합성 예시 데이터,2025,2025-09-11,9,목요일,4,고학년,2교시,09:59,교실·학습공간,놀이·휴식,미끄러짐
SAMPLE-01451,합성 예시 데이터,2022,2022-06-02,6,목요일,3,고학년,쉬는시간,12:43,계단·복도,이동·보행,넘어짐
SAMPLE-01452,합성 예시 데이터,2024,2024-10-08,10,화요일,3,고학년,5교시,13:12,강당·체육관,구기·라켓스포츠,넘어짐
SAMPLE-01453,합성 예시 데이터,2021,2021-09-21,9,화요일,4,고학년,5교시,13:27,운동장,기타 체육,넘어짐
SAMPLE-01454,합성 예시 데이터,2023,2023-11-07,11,화요일,1,저학년,점심시간,12:27,계단·복도,이동·보행,넘어짐
SAMPLE-01455,합성 예시 데이터,2025,2025-07-25,7,금요일,6,고학년,5교시,13:37,강당·체육관,구기·라켓스포츠,넘어짐
SAMPLE-01456,합성 예시 데이터,2023,2023-09-21,9,목요일,5,고학년,방과후,15:08,계단·복도,이동·보행,넘어짐
SAMPLE-01457,합성 예시 데이터,2023,2023-06-19,6,월요일,5,고학년,방과후,15:35,강당·체육관,구기·라켓스포츠,기타
SAMPLE-01458,합성 예시 데이터,2023,2023-05-22,5,월요일,2,저학년,2교시,10:36,교실·학습공간,수업·실습,넘어짐
SAMPLE-01459,합성 예시 데이터,2023,2023-08-02,8,수요일,1,저학년,3교시,11:05,강당·체육관,구기·라켓스포츠,부딪힘·충돌
SAMPLE-01460,합성 예시 데이터,2025,2025-05-02,5,금요일,1,저학년,방과후,16:27,강당·체육관,기타 체육,부딪힘·충돌
SAMPLE-01461,합성 예시 데이터,2023,2023-06-07,6,수요일,6,고학년,점심시간,12:12,계단·복도,이동·보행,부딪힘·충돌
SAMPLE-01462,합성 예시 데이터,2024,2024-12-12,12,목요일,4,고학년,6교시,13:57,강당·체육관,구기·라켓스포츠,부딪힘·충돌
SAMPLE-01463,합성 예시 데이터,2021,2021-07-29,7,목요일,5,고학년,5교시,13:20,교실·학습공간,이동·보행,미끄러짐
SAMPLE-01464,합성 예시 데이터,2021,2021-11-15,11,월요일,5,고학년,1교시,09:20,교실·학습공간,수업·실습,넘어짐
SAMPLE-01465,합성 예시 데이터,2025,2025-04-10,4,목요일,4,고학년,쉬는시간,12:22,계단·복도,이동·보행,넘어짐
SAMPLE-01466,합성 예시 데이터,2024,2024-10-08,10,화요일,4,고학년,5교시,13:21,강당·체육관,기타 체육,부딪힘·충돌
SAMPLE-01467,합성 예시 데이터,2024,2024-05-14,5,화요일,1,저학년,2교시,10:11,교실·학습공간,놀이·휴식,넘어짐
SAMPLE-01468,합성 예시 데이터,2023,2023-08-24,8,목요일,2,저학년,방과후,15:10,계단·복도,이동·보행,넘어짐
SAMPLE-01469,합성 예시 데이터,2025,2025-04-07,4,월요일,4,고학년,쉬는시간,12:45,계단·복도,이동·보행,넘어짐
SAMPLE-01470,합성 예시 데이터,2023,2023-09-15,9,금요일,6,고학년,쉬는시간,10:27,계단·복도,놀이·휴식,부딪힘·충돌
SAMPLE-01471,합성 예시 데이터,2023,2023-07-03,7,월요일,1,저학년,쉬는시간,11:03,교실·학습공간,수업·실습,부딪힘·충돌
SAMPLE-01472,합성 예시 데이터,2022,2022-09-07,9,수요일,3,고학년,방과후,16:36,운동장,기타 체육,넘어짐
SAMPLE-01473,합성 예시 데이터,2024,2024-04-18,4,목요일,6,고학년,등교 전,07:37,계단·복도,놀이·휴식,기타
SAMPLE-01474,합성 예시 데이터,2025,2025-07-16,7,수요일,3,고학년,방과후,17:16,운동장,이동·보행,부딪힘·충돌
SAMPLE-01475,합성 예시 데이터,2023,2023-07-12,7,수요일,4,고학년,3교시,11:05,교실·학습공간,놀이·휴식,부딪힘·충돌
SAMPLE-01476,합성 예시 데이터,2024,2024-04-10,4,수요일,2,저학년,4교시,11:35,교실·학습공간,놀이·휴식,넘어짐
SAMPLE-01477,합성 예시 데이터,2022,2022-11-29,11,화요일,4,고학년,3교시,11:10,교실·학습공간,수업·실습,넘어짐
SAMPLE-01478,합성 예시 데이터,2022,2022-08-05,8,금요일,6,고학년,쉬는시간,11:00,운동장,이동·보행,넘어짐
SAMPLE-01479,합성 예시 데이터,2022,2022-11-17,11,목요일,5,고학년,쉬는시간,11:40,운동장,구기·라켓스포츠,부딪힘·충돌
SAMPLE-01480,합성 예시 데이터,2022,2022-05-30,5,월요일,3,고학년,1교시,09:22,교실·학습공간,놀이·휴식,넘어짐
SAMPLE-01481,합성 예시 데이터,2022,2022-07-19,7,화요일,4,고학년,쉬는시간,13:06,계단·복도,이동·보행,넘어짐
SAMPLE-01482,합성 예시 데이터,2022,2022-09-22,9,목요일,3,고학년,5교시,13:01,운동장,구기·라켓스포츠,기타
SAMPLE-01483,합성 예시 데이터,2021,2021-09-02,9,목요일,5,고학년,4교시,12:00,계단·복도,이동·보행,넘어짐
SAMPLE-01484,합성 예시 데이터,2021,2021-11-24,11,수요일,6,고학년,점심시간,12:28,급식·위생공간,식사·위생,넘어짐
SAMPLE-01485,합성 예시 데이터,2025,2025-04-15,4,화요일,1,저학년,5교시,13:48,교실·학습공간,놀이·휴식,부딪힘·충돌
SAMPLE-01486,합성 예시 데이터,2023,2023-07-21,7,금요일,4,고학년,쉬는시간,11:27,화장실·위생공간,식사·위생,넘어짐
SAMPLE-01487,합성 예시 데이터,2021,2021-07-27,7,화요일,6,고학년,하교,15:31,교문·외부동선,이동·보행,넘어짐
SAMPLE-01488,합성 예시 데이터,2022,2022-05-16,5,월요일,2,저학년,4교시,11:48,강당·체육관,구기·라켓스포츠,부딪힘·충돌
SAMPLE-01489,합성 예시 데이터,2024,2024-04-11,4,목요일,6,고학년,쉬는시간,12:05,계단·복도,놀이·휴식,부딪힘·충돌
SAMPLE-01490,합성 예시 데이터,2024,2024-04-12,4,금요일,3,고학년,5교시,13:02,교실·학습공간,놀이·휴식,미끄러짐
SAMPLE-01491,합성 예시 데이터,2024,2024-11-19,11,화요일,4,고학년,하교,15:00,계단·복도,놀이·휴식,미끄러짐
SAMPLE-01492,합성 예시 데이터,2021,2021-03-22,3,월요일,4,고학년,방과후,15:55,강당·체육관,기타 체육,넘어짐
SAMPLE-01493,합성 예시 데이터,2025,2025-06-25,6,수요일,3,고학년,점심시간,12:30,계단·복도,놀이·휴식,부딪힘·충돌
SAMPLE-01494,합성 예시 데이터,2023,2023-05-17,5,수요일,3,고학년,쉬는시간,09:49,교실·학습공간,이동·보행,넘어짐
SAMPLE-01495,합성 예시 데이터,2024,2024-05-06,5,월요일,5,고학년,방과후,17:11,강당·체육관,구기·라켓스포츠,물체에 맞음
SAMPLE-01496,합성 예시 데이터,2025,2025-06-25,6,수요일,4,고학년,하교,14:31,교문·외부동선,이동·보행,넘어짐
SAMPLE-01497,합성 예시 데이터,2021,2021-08-16,8,월요일,3,고학년,방과후,14:54,운동장,이동·보행,넘어짐
SAMPLE-01498,합성 예시 데이터,2025,2025-09-09,9,화요일,3,고학년,쉬는시간,09:40,화장실·위생공간,이동·보행,넘어짐
SAMPLE-01499,합성 예시 데이터,2025,2025-06-25,6,수요일,2,저학년,쉬는시간,12:18,화장실·위생공간,이동·보행,부딪힘·충돌
SAMPLE-01500,합성 예시 데이터,2024,2024-06-24,6,월요일,1,저학년,등교 전,08:10,운동장,구기·라켓스포츠,기타
SAMPLE-01501,합성 예시 데이터,2025,2025-04-04,4,금요일,6,고학년,6교시,14:25,강당·체육관,구기·라켓스포츠,부딪힘·충돌
SAMPLE-01502,합성 예시 데이터,2024,2024-08-26,8,월요일,5,고학년,6교시,14:12,운동장,기타 체육,부딪힘·충돌
SAMPLE-01503,합성 예시 데이터,2025,2025-06-03,6,화요일,1,저학년,점심시간,12:15,교실·학습공간,수업·실습,물체에 맞음
SAMPLE-01504,합성 예시 데이터,2024,2024-06-07,6,금요일,4,고학년,하교,14:09,교실·학습공간,수업·실습,부딪힘·충돌
SAMPLE-01505,합성 예시 데이터,2021,2021-03-11,3,목요일,6,고학년,방과후,16:04,계단·복도,기타,부딪힘·충돌
SAMPLE-01506,합성 예시 데이터,2022,2022-06-29,6,수요일,6,고학년,5교시,13:08,교실·학습공간,수업·실습,넘어짐
SAMPLE-01507,합성 예시 데이터,2022,2022-09-15,9,목요일,5,고학년,쉬는시간,12:07,계단·복도,이동·보행,부딪힘·충돌
SAMPLE-01508,합성 예시 데이터,2022,2022-09-13,9,화요일,1,저학년,쉬는시간,10:27,계단·복도,기타,넘어짐
SAMPLE-01509,합성 예시 데이터,2025,2025-08-11,8,월요일,5,고학년,등교 전,08:50,교실·학습공간,수업·실습,물체에 맞음
SAMPLE-01510,합성 예시 데이터,2023,2023-10-25,10,수요일,1,저학년,쉬는시간,12:14,계단·복도,이동·보행,미끄러짐
SAMPLE-01511,합성 예시 데이터,2023,2023-08-08,8,화요일,6,고학년,하교,15:50,교실·학습공간,수업·실습,부딪힘·충돌
SAMPLE-01512,합성 예시 데이터,2025,2025-09-19,9,금요일,4,고학년,방과후,14:54,강당·체육관,구기·라켓스포츠,부딪힘·충돌
SAMPLE-01513,합성 예시 데이터,2023,2023-09-08,9,금요일,6,고학년,2교시,10:14,계단·복도,이동·보행,넘어짐
SAMPLE-01514,합성 예시 데이터,2025,2025-05-29,5,목요일,3,고학년,쉬는시간,13:03,교실·학습공간,놀이·휴식,기타
SAMPLE-01515,합성 예시 데이터,2023,2023-05-09,5,화요일,6,고학년,5교시,13:23,계단·복도,이동·보행,넘어짐
SAMPLE-01516,합성 예시 데이터,2023,2023-11-28,11,화요일,4,고학년,점심시간,12:33,급식·위생공간,식사·위생,미끄러짐
SAMPLE-01517,합성 예시 데이터,2025,2025-09-16,9,화요일,5,고학년,6교시,13:52,교실·학습공간,이동·보행,넘어짐
SAMPLE-01518,합성 예시 데이터,2022,2022-08-10,8,수요일,4,고학년,등교 전,08:43,교실·학습공간,놀이·휴식,미끄러짐
SAMPLE-01519,합성 예시 데이터,2025,2025-06-18,6,수요일,6,고학년,방과후,16:10,강당·체육관,구기·라켓스포츠,넘어짐
SAMPLE-01520,합성 예시 데이터,2025,2025-05-29,5,목요일,4,고학년,6교시,14:19,계단·복도,놀이·휴식,미끄러짐
SAMPLE-01521,합성 예시 데이터,2021,2021-07-06,7,화요일,2,저학년,1교시,09:14,계단·복도,이동·보행,미끄러짐
SAMPLE-01522,합성 예시 데이터,2023,2023-04-24,4,월요일,3,고학년,2교시,10:15,교실·학습공간,수업·실습,넘어짐
SAMPLE-01523,합성 예시 데이터,2022,2022-12-20,12,화요일,3,고학년,5교시,13:32,운동장,놀이·휴식,미끄러짐
SAMPLE-01524,합성 예시 데이터,2023,2023-05-01,5,월요일,2,저학년,6교시,13:58,교실·학습공간,수업·실습,넘어짐
SAMPLE-01525,합성 예시 데이터,2023,2023-05-05,5,금요일,3,고학년,점심시간,12:46,계단·복도,이동·보행,미끄러짐
SAMPLE-01526,합성 예시 데이터,2021,2021-06-25,6,금요일,4,고학년,방과후,15:28,교실·학습공간,놀이·휴식,넘어짐
SAMPLE-01527,합성 예시 데이터,2022,2022-07-05,7,화요일,1,저학년,쉬는시간,12:13,계단·복도,이동·보행,넘어짐
SAMPLE-01528,합성 예시 데이터,2022,2022-03-15,3,화요일,6,고학년,점심시간,12:18,급식·위생공간,이동·보행,부딪힘·충돌
SAMPLE-01529,합성 예시 데이터,2023,2023-06-19,6,월요일,6,고학년,점심시간,12:47,교실·학습공간,수업·실습,넘어짐
SAMPLE-01530,합성 예시 데이터,2025,2025-11-03,11,월요일,6,고학년,2교시,09:52,운동장,기타 체육,부딪힘·충돌
SAMPLE-01531,합성 예시 데이터,2023,2023-12-19,12,화요일,1,저학년,3교시,11:24,계단·복도,이동·보행,넘어짐
SAMPLE-01532,합성 예시 데이터,2022,2022-11-15,11,화요일,3,고학년,6교시,14:10,강당·체육관,기타 체육,부딪힘·충돌
SAMPLE-01533,합성 예시 데이터,2025,2025-08-25,8,월요일,2,저학년,쉬는시간,10:45,교실·학습공간,놀이·휴식,부딪힘·충돌
SAMPLE-01534,합성 예시 데이터,2025,2025-07-02,7,수요일,2,저학년,3교시,11:10,강당·체육관,구기·라켓스포츠,기타
SAMPLE-01535,합성 예시 데이터,2022,2022-12-07,12,수요일,2,저학년,하교,16:15,운동장,구기·라켓스포츠,넘어짐
SAMPLE-01536,합성 예시 데이터,2022,2022-10-04,10,화요일,2,저학년,3교시,11:21,교실·학습공간,수업·실습,넘어짐
SAMPLE-01537,합성 예시 데이터,2021,2021-06-02,6,수요일,5,고학년,방과후,16:36,강당·체육관,구기·라켓스포츠,넘어짐
SAMPLE-01538,합성 예시 데이터,2022,2022-05-13,5,금요일,3,고학년,5교시,13:14,강당·체육관,구기·라켓스포츠,부딪힘·충돌
SAMPLE-01539,합성 예시 데이터,2022,2022-11-18,11,금요일,4,고학년,2교시,10:16,운동장,기타 체육,부딪힘·충돌
SAMPLE-01540,합성 예시 데이터,2025,2025-12-02,12,화요일,4,고학년,3교시,11:22,강당·체육관,이동·보행,넘어짐
SAMPLE-01541,합성 예시 데이터,2024,2024-08-01,8,목요일,6,고학년,6교시,14:08,교실·학습공간,수업·실습,넘어짐
SAMPLE-01542,합성 예시 데이터,2021,2021-11-30,11,화요일,4,고학년,방과후,16:33,교실·학습공간,수업·실습,넘어짐
SAMPLE-01543,합성 예시 데이터,2024,2024-03-15,3,금요일,3,고학년,하교,16:02,교문·외부동선,이동·보행,넘어짐
SAMPLE-01544,합성 예시 데이터,2023,2023-03-24,3,금요일,1,저학년,쉬는시간,11:06,교실·학습공간,수업·실습,기타
SAMPLE-01545,합성 예시 데이터,2021,2021-11-29,11,월요일,4,고학년,쉬는시간,11:39,계단·복도,놀이·휴식,넘어짐
SAMPLE-01546,합성 예시 데이터,2024,2024-05-27,5,월요일,5,고학년,5교시,13:18,계단·복도,이동·보행,넘어짐
SAMPLE-01547,합성 예시 데이터,2023,2023-09-28,9,목요일,5,고학년,하교,15:29,교문·외부동선,놀이·휴식,기타
SAMPLE-01548,합성 예시 데이터,2023,2023-06-20,6,화요일,6,고학년,3교시,10:53,강당·체육관,구기·라켓스포츠,기타
SAMPLE-01549,합성 예시 데이터,2021,2021-10-07,10,목요일,4,고학년,쉬는시간,13:08,화장실·위생공간,놀이·휴식,부딪힘·충돌
SAMPLE-01550,합성 예시 데이터,2023,2023-08-24,8,목요일,3,고학년,쉬는시간,10:48,계단·복도,놀이·휴식,넘어짐
SAMPLE-01551,합성 예시 데이터,2025,2025-11-03,11,월요일,5,고학년,방과후,15:09,운동장,구기·라켓스포츠,부딪힘·충돌
SAMPLE-01552,합성 예시 데이터,2024,2024-11-28,11,목요일,3,고학년,점심시간,12:55,급식·위생공간,이동·보행,넘어짐
SAMPLE-01553,합성 예시 데이터,2025,2025-08-28,8,목요일,5,고학년,하교,15:39,교문·외부동선,교통·탑승,넘어짐
SAMPLE-01554,합성 예시 데이터,2024,2024-07-22,7,월요일,2,저학년,쉬는시간,10:37,교실·학습공간,놀이·휴식,넘어짐
SAMPLE-01555,합성 예시 데이터,2023,2023-07-17,7,월요일,6,고학년,쉬는시간,13:57,교실·학습공간,수업·실습,기타
SAMPLE-01556,합성 예시 데이터,2025,2025-11-21,11,금요일,4,고학년,점심시간,12:32,교실·학습공간,놀이·휴식,넘어짐
SAMPLE-01557,합성 예시 데이터,2025,2025-05-21,5,수요일,2,저학년,4교시,11:43,계단·복도,이동·보행,추락
SAMPLE-01558,합성 예시 데이터,2022,2022-05-05,5,목요일,1,저학년,방과후,15:38,운동장,구기·라켓스포츠,부딪힘·충돌
SAMPLE-01559,합성 예시 데이터,2023,2023-05-09,5,화요일,5,고학년,점심시간,12:23,교실·학습공간,이동·보행,넘어짐
SAMPLE-01560,합성 예시 데이터,2024,2024-11-18,11,월요일,5,고학년,4교시,11:35,강당·체육관,기타 체육,넘어짐
SAMPLE-01561,합성 예시 데이터,2022,2022-09-06,9,화요일,6,고학년,2교시,10:18,강당·체육관,기타 체육,추락
SAMPLE-01562,합성 예시 데이터,2023,2023-09-11,9,월요일,5,고학년,점심시간,12:15,계단·복도,이동·보행,부딪힘·충돌
SAMPLE-01563,합성 예시 데이터,2022,2022-08-31,8,수요일,5,고학년,등교 전,08:09,계단·복도,놀이·휴식,부딪힘·충돌
SAMPLE-01564,합성 예시 데이터,2024,2024-09-16,9,월요일,6,고학년,4교시,12:01,교실·학습공간,놀이·휴식,넘어짐
SAMPLE-01565,합성 예시 데이터,2023,2023-11-21,11,화요일,4,고학년,점심시간,12:15,교실·학습공간,수업·실습,부딪힘·충돌
SAMPLE-01566,합성 예시 데이터,2025,2025-09-04,9,목요일,6,고학년,3교시,11:21,강당·체육관,구기·라켓스포츠,부딪힘·충돌
SAMPLE-01567,합성 예시 데이터,2024,2024-05-01,5,수요일,5,고학년,등교 전,08:42,운동장,기타 체육,넘어짐
SAMPLE-01568,합성 예시 데이터,2025,2025-04-22,4,화요일,1,저학년,4교시,11:52,운동장,구기·라켓스포츠,넘어짐
SAMPLE-01569,합성 예시 데이터,2024,2024-08-15,8,목요일,5,고학년,4교시,12:03,계단·복도,이동·보행,넘어짐
SAMPLE-01570,합성 예시 데이터,2021,2021-04-26,4,월요일,2,저학년,쉬는시간,13:30,교실·학습공간,이동·보행,넘어짐
SAMPLE-01571,합성 예시 데이터,2025,2025-11-17,11,월요일,2,저학년,점심시간,12:31,운동장,기타 체육,추락
SAMPLE-01572,합성 예시 데이터,2024,2024-06-14,6,금요일,2,저학년,5교시,13:24,강당·체육관,이동·보행,넘어짐
SAMPLE-01573,합성 예시 데이터,2022,2022-07-28,7,목요일,2,저학년,점심시간,12:32,교실·학습공간,놀이·휴식,넘어짐
SAMPLE-01574,합성 예시 데이터,2022,2022-04-04,4,월요일,3,고학년,5교시,13:07,강당·체육관,구기·라켓스포츠,부딪힘·충돌
SAMPLE-01575,합성 예시 데이터,2025,2025-09-12,9,금요일,1,저학년,3교시,11:14,강당·체육관,구기·라켓스포츠,부딪힘·충돌
SAMPLE-01576,합성 예시 데이터,2022,2022-05-09,5,월요일,2,저학년,등교 전,08:35,교실·학습공간,이동·보행,넘어짐
SAMPLE-01577,합성 예시 데이터,2025,2025-08-15,8,금요일,1,저학년,점심시간,12:16,교실·학습공간,이동·보행,미끄러짐
SAMPLE-01578,합성 예시 데이터,2023,2023-07-06,7,목요일,6,고학년,점심시간,12:32,급식·위생공간,식사·위생,넘어짐
SAMPLE-01579,합성 예시 데이터,2021,2021-11-19,11,금요일,1,저학년,2교시,10:35,운동장,기타 체육,추락
SAMPLE-01580,합성 예시 데이터,2022,2022-07-22,7,금요일,5,고학년,방과후,15:25,운동장,기타 체육,기타
SAMPLE-01581,합성 예시 데이터,2024,2024-09-09,9,월요일,3,고학년,5교시,13:09,강당·체육관,구기·라켓스포츠,물체에 맞음
SAMPLE-01582,합성 예시 데이터,2022,2022-08-29,8,월요일,5,고학년,1교시,09:17,교실·학습공간,놀이·휴식,넘어짐
SAMPLE-01583,합성 예시 데이터,2022,2022-04-01,4,금요일,6,고학년,1교시,09:03,교실·학습공간,놀이·휴식,부딪힘·충돌
SAMPLE-01584,합성 예시 데이터,2022,2022-04-21,4,목요일,5,고학년,등교 전,08:25,교실·학습공간,놀이·휴식,부딪힘·충돌
SAMPLE-01585,합성 예시 데이터,2024,2024-04-03,4,수요일,1,저학년,쉬는시간,10:34,교실·학습공간,이동·보행,넘어짐
SAMPLE-01586,합성 예시 데이터,2023,2023-10-16,10,월요일,2,저학년,쉬는시간,10:07,교실·학습공간,이동·보행,추락
SAMPLE-01587,합성 예시 데이터,2025,2025-11-26,11,수요일,5,고학년,4교시,11:32,계단·복도,이동·보행,넘어짐
SAMPLE-01588,합성 예시 데이터,2023,2023-08-07,8,월요일,6,고학년,쉬는시간,12:50,운동장,기타 체육,넘어짐
SAMPLE-01589,합성 예시 데이터,2022,2022-12-02,12,금요일,4,고학년,2교시,10:26,교실·학습공간,수업·실습,넘어짐
SAMPLE-01590,합성 예시 데이터,2022,2022-12-20,12,화요일,4,고학년,하교,14:03,계단·복도,이동·보행,넘어짐
SAMPLE-01591,합성 예시 데이터,2024,2024-06-13,6,목요일,6,고학년,점심시간,12:50,급식·위생공간,식사·위생,화상
SAMPLE-01592,합성 예시 데이터,2022,2022-10-14,10,금요일,6,고학년,쉬는시간,10:43,화장실·위생공간,식사·위생,넘어짐
SAMPLE-01593,합성 예시 데이터,2021,2021-09-28,9,화요일,3,고학년,6교시,14:14,교실·학습공간,수업·실습,부딪힘·충돌
SAMPLE-01594,합성 예시 데이터,2021,2021-03-05,3,금요일,5,고학년,점심시간,12:24,급식·위생공간,놀이·휴식,부딪힘·충돌
SAMPLE-01595,합성 예시 데이터,2021,2021-04-16,4,금요일,5,고학년,2교시,09:53,교실·학습공간,수업·실습,부딪힘·충돌
SAMPLE-01596,합성 예시 데이터,2024,2024-06-05,6,수요일,4,고학년,2교시,10:29,교실·학습공간,놀이·휴식,넘어짐
SAMPLE-01597,합성 예시 데이터,2021,2021-07-07,7,수요일,5,고학년,1교시,09:40,교실·학습공간,수업·실습,물체에 맞음
SAMPLE-01598,합성 예시 데이터,2022,2022-06-22,6,수요일,2,저학년,1교시,09:47,교실·학습공간,이동·보행,부딪힘·충돌
SAMPLE-01599,합성 예시 데이터,2025,2025-04-10,4,목요일,3,고학년,1교시,09:06,운동장,놀이·휴식,미끄러짐
SAMPLE-01600,합성 예시 데이터,2024,2024-06-25,6,화요일,4,고학년,등교 전,08:01,계단·복도,이동·보행,미끄러짐
SAMPLE-01601,합성 예시 데이터,2025,2025-04-16,4,수요일,4,고학년,점심시간,12:24,계단·복도,이동·보행,넘어짐
SAMPLE-01602,합성 예시 데이터,2025,2025-04-24,4,목요일,4,고학년,하교,14:57,교문·외부동선,이동·보행,미끄러짐
SAMPLE-01603,합성 예시 데이터,2023,2023-03-08,3,수요일,2,저학년,하교,16:27,교문·외부동선,교통·탑승,부딪힘·충돌
SAMPLE-01604,합성 예시 데이터,2024,2024-04-03,4,수요일,3,고학년,방과후,16:09,강당·체육관,구기·라켓스포츠,물체에 맞음
SAMPLE-01605,합성 예시 데이터,2024,2024-06-19,6,수요일,6,고학년,5교시,13:22,교실·학습공간,수업·실습,부딪힘·충돌
SAMPLE-01606,합성 예시 데이터,2021,2021-11-12,11,금요일,6,고학년,6교시,14:05,운동장,기타 체육,부딪힘·충돌
SAMPLE-01607,합성 예시 데이터,2024,2024-06-07,6,금요일,3,고학년,점심시간,12:59,급식·위생공간,식사·위생,넘어짐
SAMPLE-01608,합성 예시 데이터,2025,2025-10-03,10,금요일,4,고학년,5교시,13:06,교실·학습공간,놀이·휴식,넘어짐
SAMPLE-01609,합성 예시 데이터,2024,2024-03-12,3,화요일,6,고학년,2교시,09:51,운동장,놀이·휴식,넘어짐
SAMPLE-01610,합성 예시 데이터,2024,2024-10-07,10,월요일,1,저학년,등교 전,08:16,교실·학습공간,놀이·휴식,넘어짐
SAMPLE-01611,합성 예시 데이터,2022,2022-09-30,9,금요일,3,고학년,쉬는시간,12:39,화장실·위생공간,이동·보행,미끄러짐
SAMPLE-01612,합성 예시 데이터,2025,2025-05-27,5,화요일,6,고학년,4교시,11:52,운동장,이동·보행,넘어짐
SAMPLE-01613,합성 예시 데이터,2022,2022-04-28,4,목요일,4,고학년,2교시,10:21,계단·복도,놀이·휴식,미끄러짐
SAMPLE-01614,합성 예시 데이터,2023,2023-04-03,4,월요일,2,저학년,점심시간,12:46,계단·복도,이동·보행,넘어짐
SAMPLE-01615,합성 예시 데이터,2025,2025-08-05,8,화요일,4,고학년,3교시,10:59,교실·학습공간,놀이·휴식,부딪힘·충돌
SAMPLE-01616,합성 예시 데이터,2025,2025-05-23,5,금요일,4,고학년,점심시간,12:56,급식·위생공간,식사·위생,넘어짐
SAMPLE-01617,합성 예시 데이터,2023,2023-07-05,7,수요일,4,고학년,방과후,14:48,운동장,구기·라켓스포츠,기타
SAMPLE-01618,합성 예시 데이터,2021,2021-04-21,4,수요일,4,고학년,하교,14:13,교실·학습공간,수업·실습,넘어짐
SAMPLE-01619,합성 예시 데이터,2024,2024-04-17,4,수요일,6,고학년,쉬는시간,11:04,계단·복도,이동·보행,미끄러짐
SAMPLE-01620,합성 예시 데이터,2022,2022-12-08,12,목요일,2,저학년,방과후,15:34,운동장,놀이·휴식,넘어짐
SAMPLE-01621,합성 예시 데이터,2025,2025-05-15,5,목요일,3,고학년,쉬는시간,11:06,운동장,구기·라켓스포츠,부딪힘·충돌
SAMPLE-01622,합성 예시 데이터,2025,2025-05-01,5,목요일,1,저학년,하교,15:10,교실·학습공간,수업·실습,물체에 맞음
SAMPLE-01623,합성 예시 데이터,2021,2021-11-25,11,목요일,2,저학년,5교시,13:00,교실·학습공간,수업·실습,기타
SAMPLE-01624,합성 예시 데이터,2021,2021-05-19,5,수요일,1,저학년,2교시,10:26,교실·학습공간,수업·실습,넘어짐
SAMPLE-01625,합성 예시 데이터,2023,2023-10-05,10,목요일,3,고학년,쉬는시간,13:32,계단·복도,이동·보행,미끄러짐
SAMPLE-01626,합성 예시 데이터,2021,2021-08-06,8,금요일,6,고학년,5교시,13:18,강당·체육관,구기·라켓스포츠,물체에 맞음
SAMPLE-01627,합성 예시 데이터,2022,2022-10-14,10,금요일,5,고학년,쉬는시간,11:13,화장실·위생공간,식사·위생,넘어짐
SAMPLE-01628,합성 예시 데이터,2025,2025-08-21,8,목요일,5,고학년,5교시,13:12,강당·체육관,구기·라켓스포츠,넘어짐
SAMPLE-01629,합성 예시 데이터,2023,2023-10-23,10,월요일,1,저학년,2교시,10:34,교실·학습공간,수업·실습,부딪힘·충돌
SAMPLE-01630,합성 예시 데이터,2025,2025-08-01,8,금요일,3,고학년,점심시간,12:47,계단·복도,이동·보행,미끄러짐
SAMPLE-01631,합성 예시 데이터,2022,2022-05-24,5,화요일,2,저학년,쉬는시간,10:38,교실·학습공간,수업·실습,기타
SAMPLE-01632,합성 예시 데이터,2021,2021-11-25,11,목요일,2,저학년,방과후,16:50,운동장,구기·라켓스포츠,물체에 맞음
SAMPLE-01633,합성 예시 데이터,2023,2023-11-29,11,수요일,5,고학년,방과후,15:10,강당·체육관,이동·보행,넘어짐
SAMPLE-01634,합성 예시 데이터,2025,2025-08-08,8,금요일,3,고학년,방과후,17:07,교실·학습공간,수업·실습,넘어짐
SAMPLE-01635,합성 예시 데이터,2021,2021-03-11,3,목요일,4,고학년,6교시,13:57,계단·복도,이동·보행,미끄러짐
SAMPLE-01636,합성 예시 데이터,2023,2023-08-23,8,수요일,4,고학년,6교시,13:50,강당·체육관,구기·라켓스포츠,기타
SAMPLE-01637,합성 예시 데이터,2022,2022-04-06,4,수요일,6,고학년,1교시,09:26,교실·학습공간,이동·보행,부딪힘·충돌
SAMPLE-01638,합성 예시 데이터,2023,2023-04-07,4,금요일,1,저학년,방과후,15:06,강당·체육관,이동·보행,넘어짐
SAMPLE-01639,합성 예시 데이터,2022,2022-07-22,7,금요일,6,고학년,4교시,11:53,운동장,기타 체육,기타
SAMPLE-01640,합성 예시 데이터,2021,2021-04-12,4,월요일,5,고학년,쉬는시간,12:18,계단·복도,이동·보행,부딪힘·충돌
SAMPLE-01641,합성 예시 데이터,2021,2021-09-01,9,수요일,6,고학년,6교시,14:18,교실·학습공간,수업·실습,물체에 맞음
SAMPLE-01642,합성 예시 데이터,2022,2022-10-06,10,목요일,3,고학년,5교시,13:02,강당·체육관,구기·라켓스포츠,부딪힘·충돌
SAMPLE-01643,합성 예시 데이터,2025,2025-06-26,6,목요일,5,고학년,5교시,13:18,교실·학습공간,수업·실습,넘어짐
SAMPLE-01644,합성 예시 데이터,2023,2023-10-09,10,월요일,2,저학년,6교시,14:29,교실·학습공간,놀이·휴식,부딪힘·충돌
SAMPLE-01645,합성 예시 데이터,2024,2024-04-08,4,월요일,6,고학년,1교시,09:41,교실·학습공간,놀이·휴식,부딪힘·충돌
SAMPLE-01646,합성 예시 데이터,2023,2023-05-05,5,금요일,6,고학년,3교시,11:04,교실·학습공간,이동·보행,넘어짐
SAMPLE-01647,합성 예시 데이터,2024,2024-08-07,8,수요일,1,저학년,2교시,09:52,운동장,구기·라켓스포츠,부딪힘·충돌
SAMPLE-01648,합성 예시 데이터,2022,2022-04-19,4,화요일,3,고학년,점심시간,12:25,급식·위생공간,식사·위생,넘어짐
SAMPLE-01649,합성 예시 데이터,2024,2024-07-23,7,화요일,5,고학년,쉬는시간,10:23,교실·학습공간,놀이·휴식,미끄러짐
SAMPLE-01650,합성 예시 데이터,2024,2024-10-21,10,월요일,3,고학년,점심시간,12:46,급식·위생공간,식사·위생,화상
SAMPLE-01651,합성 예시 데이터,2022,2022-09-26,9,월요일,4,고학년,3교시,10:52,강당·체육관,구기·라켓스포츠,물체에 맞음
SAMPLE-01652,합성 예시 데이터,2024,2024-10-02,10,수요일,3,고학년,쉬는시간,11:15,교실·학습공간,이동·보행,추락
SAMPLE-01653,합성 예시 데이터,2024,2024-12-16,12,월요일,3,고학년,3교시,11:05,교실·학습공간,이동·보행,추락
SAMPLE-01654,합성 예시 데이터,2023,2023-09-21,9,목요일,3,고학년,점심시간,12:57,계단·복도,놀이·휴식,미끄러짐
SAMPLE-01655,합성 예시 데이터,2023,2023-06-16,6,금요일,5,고학년,쉬는시간,09:46,운동장,기타 체육,기타
SAMPLE-01656,합성 예시 데이터,2024,2024-03-13,3,수요일,4,고학년,방과후,16:39,강당·체육관,이동·보행,부딪힘·충돌
SAMPLE-01657,합성 예시 데이터,2021,2021-08-06,8,금요일,1,저학년,방과후,16:43,교실·학습공간,수업·실습,물체에 맞음
SAMPLE-01658,합성 예시 데이터,2024,2024-10-21,10,월요일,4,고학년,4교시,12:06,강당·체육관,이동·보행,넘어짐
SAMPLE-01659,합성 예시 데이터,2021,2021-05-28,5,금요일,6,고학년,4교시,11:48,운동장,이동·보행,미끄러짐
SAMPLE-01660,합성 예시 데이터,2024,2024-11-20,11,수요일,2,저학년,방과후,17:09,강당·체육관,기타 체육,기타
SAMPLE-01661,합성 예시 데이터,2023,2023-08-17,8,목요일,4,고학년,쉬는시간,10:31,교실·학습공간,놀이·휴식,부딪힘·충돌
SAMPLE-01662,합성 예시 데이터,2024,2024-08-27,8,화요일,3,고학년,4교시,11:34,교실·학습공간,수업·실습,넘어짐
SAMPLE-01663,합성 예시 데이터,2025,2025-09-02,9,화요일,2,저학년,3교시,11:19,교실·학습공간,수업·실습,넘어짐
SAMPLE-01664,합성 예시 데이터,2022,2022-10-31,10,월요일,1,저학년,1교시,09:47,계단·복도,이동·보행,미끄러짐
SAMPLE-01665,합성 예시 데이터,2023,2023-05-17,5,수요일,2,저학년,등교 전,07:46,교실·학습공간,수업·실습,넘어짐
SAMPLE-01666,합성 예시 데이터,2023,2023-06-08,6,목요일,1,저학년,방과후,15:07,운동장,구기·라켓스포츠,부딪힘·충돌
SAMPLE-01667,합성 예시 데이터,2023,2023-03-03,3,금요일,3,고학년,5교시,13:47,교실·학습공간,수업·실습,기타
SAMPLE-01668,합성 예시 데이터,2024,2024-09-20,9,금요일,3,고학년,5교시,13:19,교실·학습공간,수업·실습,기타
SAMPLE-01669,합성 예시 데이터,2022,2022-03-08,3,화요일,3,고학년,쉬는시간,11:49,화장실·위생공간,이동·보행,미끄러짐
SAMPLE-01670,합성 예시 데이터,2021,2021-06-04,6,금요일,3,고학년,등교 전,08:10,교실·학습공간,수업·실습,넘어짐
SAMPLE-01671,합성 예시 데이터,2024,2024-08-15,8,목요일,5,고학년,하교,14:18,교문·외부동선,이동·보행,넘어짐
SAMPLE-01672,합성 예시 데이터,2024,2024-09-19,9,목요일,3,고학년,쉬는시간,13:34,화장실·위생공간,이동·보행,미끄러짐
SAMPLE-01673,합성 예시 데이터,2023,2023-07-19,7,수요일,2,저학년,점심시간,12:34,계단·복도,기타,부딪힘·충돌
SAMPLE-01674,합성 예시 데이터,2025,2025-05-21,5,수요일,3,고학년,2교시,10:12,운동장,구기·라켓스포츠,기타
SAMPLE-01675,합성 예시 데이터,2024,2024-10-21,10,월요일,3,고학년,4교시,11:57,계단·복도,이동·보행,넘어짐
SAMPLE-01676,합성 예시 데이터,2023,2023-12-12,12,화요일,4,고학년,5교시,13:21,교실·학습공간,이동·보행,미끄러짐
SAMPLE-01677,합성 예시 데이터,2024,2024-07-10,7,수요일,2,저학년,점심시간,12:38,급식·위생공간,이동·보행,부딪힘·충돌
SAMPLE-01678,합성 예시 데이터,2022,2022-08-09,8,화요일,2,저학년,3교시,11:11,계단·복도,놀이·휴식,부딪힘·충돌
SAMPLE-01679,합성 예시 데이터,2023,2023-03-07,3,화요일,5,고학년,6교시,14:07,교실·학습공간,놀이·휴식,부딪힘·충돌
SAMPLE-01680,합성 예시 데이터,2022,2022-06-09,6,목요일,5,고학년,점심시간,12:21,급식·위생공간,놀이·휴식,넘어짐
SAMPLE-01681,합성 예시 데이터,2025,2025-12-10,12,수요일,5,고학년,쉬는시간,12:29,계단·복도,이동·보행,부딪힘·충돌
SAMPLE-01682,합성 예시 데이터,2021,2021-08-27,8,금요일,3,고학년,쉬는시간,10:28,교실·학습공간,놀이·휴식,미끄러짐
SAMPLE-01683,합성 예시 데이터,2025,2025-07-28,7,월요일,5,고학년,점심시간,12:38,운동장,놀이·휴식,부딪힘·충돌
SAMPLE-01684,합성 예시 데이터,2022,2022-05-03,5,화요일,3,고학년,3교시,10:59,강당·체육관,구기·라켓스포츠,넘어짐
SAMPLE-01685,합성 예시 데이터,2022,2022-03-17,3,목요일,6,고학년,쉬는시간,11:36,교실·학습공간,놀이·휴식,넘어짐
SAMPLE-01686,합성 예시 데이터,2022,2022-10-24,10,월요일,4,고학년,쉬는시간,10:53,계단·복도,이동·보행,넘어짐
SAMPLE-01687,합성 예시 데이터,2023,2023-10-10,10,화요일,6,고학년,4교시,11:39,강당·체육관,기타 체육,넘어짐
SAMPLE-01688,합성 예시 데이터,2022,2022-08-11,8,목요일,2,저학년,5교시,13:39,교실·학습공간,놀이·휴식,넘어짐
SAMPLE-01689,합성 예시 데이터,2024,2024-08-20,8,화요일,5,고학년,점심시간,12:46,교실·학습공간,수업·실습,넘어짐
SAMPLE-01690,합성 예시 데이터,2021,2021-05-10,5,월요일,4,고학년,하교,15:07,교문·외부동선,교통·탑승,부딪힘·충돌
SAMPLE-01691,합성 예시 데이터,2021,2021-06-28,6,월요일,2,저학년,1교시,09:00,강당·체육관,구기·라켓스포츠,넘어짐
SAMPLE-01692,합성 예시 데이터,2023,2023-03-30,3,목요일,2,저학년,쉬는시간,09:50,운동장,놀이·휴식,부딪힘·충돌
SAMPLE-01693,합성 예시 데이터,2024,2024-04-24,4,수요일,2,저학년,쉬는시간,10:05,계단·복도,이동·보행,넘어짐
SAMPLE-01694,합성 예시 데이터,2022,2022-11-17,11,목요일,2,저학년,1교시,09:35,강당·체육관,구기·라켓스포츠,부딪힘·충돌
SAMPLE-01695,합성 예시 데이터,2021,2021-05-20,5,목요일,5,고학년,하교,14:12,계단·복도,이동·보행,넘어짐
SAMPLE-01696,합성 예시 데이터,2024,2024-07-01,7,월요일,6,고학년,6교시,14:05,교실·학습공간,이동·보행,넘어짐
SAMPLE-01697,합성 예시 데이터,2024,2024-07-30,7,화요일,3,고학년,쉬는시간,12:53,화장실·위생공간,이동·보행,넘어짐
SAMPLE-01698,합성 예시 데이터,2021,2021-04-05,4,월요일,4,고학년,쉬는시간,14:18,운동장,기타 체육,넘어짐
SAMPLE-01699,합성 예시 데이터,2021,2021-12-14,12,화요일,3,고학년,방과후,15:40,운동장,구기·라켓스포츠,넘어짐
SAMPLE-01700,합성 예시 데이터,2025,2025-03-28,3,금요일,5,고학년,등교 전,07:55,교문·외부동선,이동·보행,넘어짐
SAMPLE-01701,합성 예시 데이터,2021,2021-07-06,7,화요일,1,저학년,점심시간,12:56,급식·위생공간,이동·보행,미끄러짐
SAMPLE-01702,합성 예시 데이터,2023,2023-04-13,4,목요일,4,고학년,4교시,12:02,강당·체육관,구기·라켓스포츠,물체에 맞음
SAMPLE-01703,합성 예시 데이터,2024,2024-11-26,11,화요일,5,고학년,1교시,09:46,교실·학습공간,수업·실습,넘어짐
SAMPLE-01704,합성 예시 데이터,2022,2022-05-23,5,월요일,6,고학년,쉬는시간,09:44,운동장,구기·라켓스포츠,물체에 맞음
SAMPLE-01705,합성 예시 데이터,2025,2025-09-15,9,월요일,2,저학년,하교,14:54,운동장,구기·라켓스포츠,부딪힘·충돌
SAMPLE-01706,합성 예시 데이터,2021,2021-07-20,7,화요일,2,저학년,쉬는시간,11:56,운동장,놀이·휴식,부딪힘·충돌
SAMPLE-01707,합성 예시 데이터,2022,2022-05-02,5,월요일,3,고학년,3교시,10:48,강당·체육관,이동·보행,미끄러짐
SAMPLE-01708,합성 예시 데이터,2022,2022-11-07,11,월요일,5,고학년,쉬는시간,13:38,교실·학습공간,이동·보행,미끄러짐
SAMPLE-01709,합성 예시 데이터,2024,2024-04-24,4,수요일,3,고학년,3교시,11:17,강당·체육관,기타 체육,넘어짐
SAMPLE-01710,합성 예시 데이터,2024,2024-09-09,9,월요일,6,고학년,점심시간,12:42,운동장,놀이·휴식,넘어짐
SAMPLE-01711,합성 예시 데이터,2021,2021-06-28,6,월요일,6,고학년,쉬는시간,14:10,계단·복도,이동·보행,넘어짐
SAMPLE-01712,합성 예시 데이터,2023,2023-06-06,6,화요일,3,고학년,쉬는시간,13:14,화장실·위생공간,식사·위생,넘어짐
SAMPLE-01713,합성 예시 데이터,2023,2023-03-23,3,목요일,5,고학년,4교시,11:33,교실·학습공간,이동·보행,부딪힘·충돌
SAMPLE-01714,합성 예시 데이터,2024,2024-10-08,10,화요일,6,고학년,점심시간,12:56,급식·위생공간,식사·위생,미끄러짐
SAMPLE-01715,합성 예시 데이터,2025,2025-09-22,9,월요일,2,저학년,5교시,13:39,강당·체육관,구기·라켓스포츠,물체에 맞음
SAMPLE-01716,합성 예시 데이터,2025,2025-12-01,12,월요일,5,고학년,하교,14:17,교문·외부동선,놀이·휴식,부딪힘·충돌
SAMPLE-01717,합성 예시 데이터,2021,2021-05-03,5,월요일,1,저학년,1교시,09:16,교실·학습공간,수업·실습,넘어짐
SAMPLE-01718,합성 예시 데이터,2024,2024-05-09,5,목요일,6,고학년,2교시,09:54,교실·학습공간,이동·보행,넘어짐
SAMPLE-01719,합성 예시 데이터,2024,2024-09-27,9,금요일,3,고학년,하교,17:26,교문·외부동선,이동·보행,넘어짐
SAMPLE-01720,합성 예시 데이터,2025,2025-10-06,10,월요일,6,고학년,점심시간,12:33,계단·복도,이동·보행,넘어짐
SAMPLE-01721,합성 예시 데이터,2021,2021-06-23,6,수요일,4,고학년,쉬는시간,13:26,교실·학습공간,놀이·휴식,넘어짐
SAMPLE-01722,합성 예시 데이터,2025,2025-08-06,8,수요일,3,고학년,쉬는시간,10:05,계단·복도,이동·보행,넘어짐
SAMPLE-01723,합성 예시 데이터,2025,2025-11-27,11,목요일,6,고학년,방과후,16:08,강당·체육관,구기·라켓스포츠,물체에 맞음
SAMPLE-01724,합성 예시 데이터,2021,2021-03-25,3,목요일,2,저학년,5교시,13:33,운동장,기타 체육,추락
SAMPLE-01725,합성 예시 데이터,2024,2024-03-14,3,목요일,1,저학년,5교시,13:36,계단·복도,이동·보행,추락
SAMPLE-01726,합성 예시 데이터,2021,2021-12-08,12,수요일,4,고학년,4교시,12:04,계단·복도,이동·보행,미끄러짐
SAMPLE-01727,합성 예시 데이터,2025,2025-04-01,4,화요일,1,저학년,쉬는시간,13:53,화장실·위생공간,이동·보행,넘어짐
SAMPLE-01728,합성 예시 데이터,2022,2022-10-27,10,목요일,4,고학년,3교시,10:55,강당·체육관,구기·라켓스포츠,기타
SAMPLE-01729,합성 예시 데이터,2025,2025-07-30,7,수요일,6,고학년,점심시간,12:46,급식·위생공간,식사·위생,화상
SAMPLE-01730,합성 예시 데이터,2024,2024-06-20,6,목요일,6,고학년,쉬는시간,11:54,운동장,놀이·휴식,부딪힘·충돌
SAMPLE-01731,합성 예시 데이터,2023,2023-06-22,6,목요일,4,고학년,점심시간,12:57,급식·위생공간,식사·위생,미끄러짐
SAMPLE-01732,합성 예시 데이터,2025,2025-04-01,4,화요일,2,저학년,3교시,10:42,계단·복도,놀이·휴식,미끄러짐
SAMPLE-01733,합성 예시 데이터,2024,2024-09-12,9,목요일,5,고학년,5교시,13:15,계단·복도,이동·보행,부딪힘·충돌
SAMPLE-01734,합성 예시 데이터,2021,2021-04-20,4,화요일,6,고학년,등교 전,07:37,교문·외부동선,이동·보행,넘어짐
SAMPLE-01735,합성 예시 데이터,2021,2021-07-22,7,목요일,6,고학년,하교,14:48,계단·복도,이동·보행,부딪힘·충돌
SAMPLE-01736,합성 예시 데이터,2023,2023-04-12,4,수요일,4,고학년,쉬는시간,10:53,운동장,놀이·휴식,넘어짐
SAMPLE-01737,합성 예시 데이터,2021,2021-10-19,10,화요일,4,고학년,쉬는시간,09:55,운동장,기타 체육,넘어짐
SAMPLE-01738,합성 예시 데이터,2024,2024-04-09,4,화요일,6,고학년,방과후,16:33,계단·복도,이동·보행,넘어짐
SAMPLE-01739,합성 예시 데이터,2022,2022-03-09,3,수요일,4,고학년,쉬는시간,12:09,교실·학습공간,수업·실습,넘어짐
SAMPLE-01740,합성 예시 데이터,2022,2022-05-11,5,수요일,3,고학년,5교시,13:14,교실·학습공간,수업·실습,물체에 맞음
SAMPLE-01741,합성 예시 데이터,2023,2023-04-25,4,화요일,6,고학년,3교시,11:24,강당·체육관,기타 체육,넘어짐
SAMPLE-01742,합성 예시 데이터,2025,2025-07-09,7,수요일,5,고학년,3교시,10:53,교실·학습공간,이동·보행,미끄러짐
SAMPLE-01743,합성 예시 데이터,2025,2025-04-29,4,화요일,4,고학년,5교시,13:32,교실·학습공간,놀이·휴식,넘어짐
SAMPLE-01744,합성 예시 데이터,2021,2021-10-15,10,금요일,1,저학년,쉬는시간,11:30,계단·복도,이동·보행,넘어짐
SAMPLE-01745,합성 예시 데이터,2021,2021-07-12,7,월요일,5,고학년,하교,14:20,교문·외부동선,이동·보행,부딪힘·충돌
SAMPLE-01746,합성 예시 데이터,2021,2021-07-20,7,화요일,2,저학년,쉬는시간,11:57,화장실·위생공간,이동·보행,부딪힘·충돌
SAMPLE-01747,합성 예시 데이터,2024,2024-12-04,12,수요일,1,저학년,방과후,16:03,강당·체육관,기타 체육,부딪힘·충돌
SAMPLE-01748,합성 예시 데이터,2023,2023-11-01,11,수요일,2,저학년,쉬는시간,13:20,계단·복도,이동·보행,부딪힘·충돌
SAMPLE-01749,합성 예시 데이터,2025,2025-09-03,9,수요일,3,고학년,1교시,09:31,계단·복도,이동·보행,추락
SAMPLE-01750,합성 예시 데이터,2022,2022-08-17,8,수요일,3,고학년,점심시간,12:16,급식·위생공간,식사·위생,미끄러짐
SAMPLE-01751,합성 예시 데이터,2023,2023-10-25,10,수요일,2,저학년,6교시,13:59,운동장,이동·보행,부딪힘·충돌
SAMPLE-01752,합성 예시 데이터,2024,2024-06-10,6,월요일,6,고학년,점심시간,12:16,급식·위생공간,식사·위생,넘어짐
SAMPLE-01753,합성 예시 데이터,2025,2025-10-08,10,수요일,6,고학년,방과후,14:37,운동장,놀이·휴식,넘어짐
SAMPLE-01754,합성 예시 데이터,2021,2021-11-16,11,화요일,6,고학년,방과후,16:51,강당·체육관,구기·라켓스포츠,기타
SAMPLE-01755,합성 예시 데이터,2024,2024-12-10,12,화요일,2,저학년,하교,16:49,운동장,기타 체육,부딪힘·충돌
SAMPLE-01756,합성 예시 데이터,2022,2022-06-01,6,수요일,1,저학년,등교 전,07:50,계단·복도,기타,넘어짐
SAMPLE-01757,합성 예시 데이터,2023,2023-03-30,3,목요일,5,고학년,점심시간,12:55,급식·위생공간,식사·위생,기타
SAMPLE-01758,합성 예시 데이터,2021,2021-04-08,4,목요일,5,고학년,6교시,14:17,강당·체육관,구기·라켓스포츠,기타
SAMPLE-01759,합성 예시 데이터,2022,2022-11-23,11,수요일,3,고학년,쉬는시간,10:10,계단·복도,이동·보행,넘어짐
SAMPLE-01760,합성 예시 데이터,2024,2024-11-13,11,수요일,2,저학년,6교시,14:14,교실·학습공간,수업·실습,넘어짐
SAMPLE-01761,합성 예시 데이터,2024,2024-05-06,5,월요일,6,고학년,4교시,11:46,운동장,이동·보행,부딪힘·충돌
SAMPLE-01762,합성 예시 데이터,2025,2025-09-01,9,월요일,2,저학년,쉬는시간,13:39,계단·복도,놀이·휴식,넘어짐
SAMPLE-01763,합성 예시 데이터,2023,2023-07-17,7,월요일,4,고학년,쉬는시간,10:21,교실·학습공간,놀이·휴식,부딪힘·충돌
SAMPLE-01764,합성 예시 데이터,2022,2022-06-03,6,금요일,6,고학년,6교시,13:58,강당·체육관,구기·라켓스포츠,부딪힘·충돌
SAMPLE-01765,합성 예시 데이터,2025,2025-08-18,8,월요일,3,고학년,점심시간,12:40,교실·학습공간,수업·실습,넘어짐
SAMPLE-01766,합성 예시 데이터,2022,2022-07-18,7,월요일,4,고학년,2교시,10:37,교실·학습공간,수업·실습,넘어짐
SAMPLE-01767,합성 예시 데이터,2025,2025-12-08,12,월요일,5,고학년,4교시,11:51,운동장,기타 체육,부딪힘·충돌
SAMPLE-01768,합성 예시 데이터,2021,2021-09-23,9,목요일,5,고학년,3교시,10:47,운동장,이동·보행,미끄러짐
SAMPLE-01769,합성 예시 데이터,2025,2025-12-01,12,월요일,1,저학년,쉬는시간,10:28,계단·복도,이동·보행,추락
SAMPLE-01770,합성 예시 데이터,2025,2025-03-04,3,화요일,3,고학년,쉬는시간,09:44,계단·복도,이동·보행,넘어짐
SAMPLE-01771,합성 예시 데이터,2023,2023-12-07,12,목요일,1,저학년,5교시,13:26,운동장,구기·라켓스포츠,넘어짐
SAMPLE-01772,합성 예시 데이터,2024,2024-04-01,4,월요일,1,저학년,점심시간,12:45,교실·학습공간,수업·실습,물체에 맞음
SAMPLE-01773,합성 예시 데이터,2022,2022-06-27,6,월요일,6,고학년,쉬는시간,09:41,교실·학습공간,수업·실습,넘어짐
SAMPLE-01774,합성 예시 데이터,2023,2023-03-17,3,금요일,5,고학년,하교,14:03,운동장,기타 체육,부딪힘·충돌
SAMPLE-01775,합성 예시 데이터,2022,2022-06-08,6,수요일,6,고학년,점심시간,12:25,계단·복도,이동·보행,부딪힘·충돌
SAMPLE-01776,합성 예시 데이터,2021,2021-08-16,8,월요일,3,고학년,1교시,09:06,강당·체육관,기타 체육,넘어짐
SAMPLE-01777,합성 예시 데이터,2024,2024-03-25,3,월요일,4,고학년,6교시,14:06,강당·체육관,구기·라켓스포츠,넘어짐
SAMPLE-01778,합성 예시 데이터,2025,2025-09-12,9,금요일,6,고학년,점심시간,12:13,계단·복도,이동·보행,미끄러짐
SAMPLE-01779,합성 예시 데이터,2025,2025-11-03,11,월요일,1,저학년,쉬는시간,13:31,운동장,이동·보행,넘어짐
SAMPLE-01780,합성 예시 데이터,2022,2022-05-11,5,수요일,4,고학년,등교 전,08:28,교실·학습공간,놀이·휴식,부딪힘·충돌
SAMPLE-01781,합성 예시 데이터,2023,2023-04-21,4,금요일,6,고학년,5교시,13:17,강당·체육관,구기·라켓스포츠,부딪힘·충돌
SAMPLE-01782,합성 예시 데이터,2023,2023-10-06,10,금요일,3,고학년,쉬는시간,13:32,계단·복도,이동·보행,추락
SAMPLE-01783,합성 예시 데이터,2024,2024-03-04,3,월요일,1,저학년,쉬는시간,10:40,운동장,구기·라켓스포츠,부딪힘·충돌
SAMPLE-01784,합성 예시 데이터,2022,2022-09-15,9,목요일,3,고학년,쉬는시간,13:50,교실·학습공간,놀이·휴식,미끄러짐
SAMPLE-01785,합성 예시 데이터,2022,2022-03-01,3,화요일,2,저학년,1교시,09:03,강당·체육관,기타 체육,부딪힘·충돌
SAMPLE-01786,합성 예시 데이터,2025,2025-12-15,12,월요일,6,고학년,5교시,13:02,운동장,놀이·휴식,미끄러짐
SAMPLE-01787,합성 예시 데이터,2021,2021-03-29,3,월요일,1,저학년,방과후,16:30,계단·복도,이동·보행,추락
SAMPLE-01788,합성 예시 데이터,2024,2024-03-20,3,수요일,1,저학년,방과후,16:00,계단·복도,이동·보행,부딪힘·충돌
SAMPLE-01789,합성 예시 데이터,2021,2021-10-07,10,목요일,1,저학년,3교시,11:01,계단·복도,이동·보행,부딪힘·충돌
SAMPLE-01790,합성 예시 데이터,2022,2022-12-13,12,화요일,1,저학년,쉬는시간,10:47,운동장,기타 체육,기타
SAMPLE-01791,합성 예시 데이터,2025,2025-05-30,5,금요일,6,고학년,5교시,13:34,강당·체육관,구기·라켓스포츠,넘어짐
SAMPLE-01792,합성 예시 데이터,2023,2023-09-29,9,금요일,4,고학년,4교시,11:42,계단·복도,이동·보행,부딪힘·충돌
SAMPLE-01793,합성 예시 데이터,2023,2023-03-14,3,화요일,6,고학년,4교시,12:05,운동장,놀이·휴식,미끄러짐
SAMPLE-01794,합성 예시 데이터,2025,2025-10-08,10,수요일,6,고학년,방과후,15:37,강당·체육관,구기·라켓스포츠,부딪힘·충돌
SAMPLE-01795,합성 예시 데이터,2024,2024-10-29,10,화요일,2,저학년,쉬는시간,14:15,계단·복도,이동·보행,추락
SAMPLE-01796,합성 예시 데이터,2025,2025-03-20,3,목요일,2,저학년,5교시,13:07,교실·학습공간,이동·보행,넘어짐
SAMPLE-01797,합성 예시 데이터,2021,2021-08-11,8,수요일,4,고학년,3교시,11:06,운동장,기타 체육,부딪힘·충돌
SAMPLE-01798,합성 예시 데이터,2025,2025-11-03,11,월요일,6,고학년,5교시,13:48,강당·체육관,이동·보행,부딪힘·충돌
SAMPLE-01799,합성 예시 데이터,2025,2025-10-07,10,화요일,5,고학년,5교시,13:08,운동장,구기·라켓스포츠,물체에 맞음
SAMPLE-01800,합성 예시 데이터,2025,2025-03-24,3,월요일,2,저학년,점심시간,12:36,계단·복도,이동·보행,부딪힘·충돌
SAMPLE-01801,합성 예시 데이터,2022,2022-07-05,7,화요일,3,고학년,점심시간,12:57,계단·복도,이동·보행,부딪힘·충돌
SAMPLE-01802,합성 예시 데이터,2025,2025-06-23,6,월요일,2,저학년,쉬는시간,13:17,교실·학습공간,수업·실습,물체에 맞음
SAMPLE-01803,합성 예시 데이터,2025,2025-08-07,8,목요일,4,고학년,6교시,14:20,강당·체육관,구기·라켓스포츠,부딪힘·충돌
SAMPLE-01804,합성 예시 데이터,2021,2021-10-06,10,수요일,4,고학년,방과후,14:50,강당·체육관,구기·라켓스포츠,물체에 맞음
SAMPLE-01805,합성 예시 데이터,2022,2022-06-27,6,월요일,2,저학년,하교,16:53,계단·복도,이동·보행,넘어짐
SAMPLE-01806,합성 예시 데이터,2021,2021-08-27,8,금요일,6,고학년,5교시,13:47,운동장,구기·라켓스포츠,부딪힘·충돌
SAMPLE-01807,합성 예시 데이터,2022,2022-11-02,11,수요일,1,저학년,6교시,14:28,교실·학습공간,놀이·휴식,넘어짐
SAMPLE-01808,합성 예시 데이터,2025,2025-07-15,7,화요일,5,고학년,하교,15:40,운동장,이동·보행,부딪힘·충돌
SAMPLE-01809,합성 예시 데이터,2021,2021-08-31,8,화요일,3,고학년,3교시,11:07,교실·학습공간,놀이·휴식,부딪힘·충돌
SAMPLE-01810,합성 예시 데이터,2022,2022-11-11,11,금요일,1,저학년,등교 전,08:10,교실·학습공간,이동·보행,넘어짐
SAMPLE-01811,합성 예시 데이터,2024,2024-11-12,11,화요일,5,고학년,1교시,09:27,교실·학습공간,놀이·휴식,넘어짐
SAMPLE-01812,합성 예시 데이터,2021,2021-09-17,9,금요일,1,저학년,3교시,11:18,계단·복도,놀이·휴식,부딪힘·충돌
SAMPLE-01813,합성 예시 데이터,2025,2025-12-05,12,금요일,6,고학년,3교시,11:02,운동장,구기·라켓스포츠,넘어짐
SAMPLE-01814,합성 예시 데이터,2025,2025-08-22,8,금요일,5,고학년,방과후,17:19,교실·학습공간,수업·실습,넘어짐
SAMPLE-01815,합성 예시 데이터,2025,2025-08-26,8,화요일,3,고학년,6교시,14:20,운동장,구기·라켓스포츠,기타
SAMPLE-01816,합성 예시 데이터,2024,2024-05-07,5,화요일,3,고학년,6교시,14:24,교실·학습공간,이동·보행,넘어짐
SAMPLE-01817,합성 예시 데이터,2025,2025-11-21,11,금요일,6,고학년,6교시,14:05,강당·체육관,기타 체육,부딪힘·충돌
SAMPLE-01818,합성 예시 데이터,2025,2025-05-28,5,수요일,6,고학년,점심시간,12:32,급식·위생공간,식사·위생,넘어짐
SAMPLE-01819,합성 예시 데이터,2023,2023-05-30,5,화요일,6,고학년,등교 전,07:41,계단·복도,이동·보행,미끄러짐
SAMPLE-01820,합성 예시 데이터,2021,2021-03-31,3,수요일,5,고학년,4교시,11:47,강당·체육관,구기·라켓스포츠,넘어짐
SAMPLE-01821,합성 예시 데이터,2023,2023-09-07,9,목요일,2,저학년,점심시간,12:37,교실·학습공간,수업·실습,넘어짐
SAMPLE-01822,합성 예시 데이터,2023,2023-04-19,4,수요일,4,고학년,5교시,13:13,운동장,구기·라켓스포츠,부딪힘·충돌
SAMPLE-01823,합성 예시 데이터,2021,2021-03-08,3,월요일,5,고학년,쉬는시간,12:46,계단·복도,놀이·휴식,넘어짐
SAMPLE-01824,합성 예시 데이터,2024,2024-08-26,8,월요일,3,고학년,방과후,17:13,운동장,이동·보행,넘어짐
SAMPLE-01825,합성 예시 데이터,2024,2024-12-05,12,목요일,4,고학년,하교,14:01,운동장,구기·라켓스포츠,물체에 맞음
SAMPLE-01826,합성 예시 데이터,2021,2021-06-22,6,화요일,4,고학년,쉬는시간,13:16,운동장,놀이·휴식,넘어짐
SAMPLE-01827,합성 예시 데이터,2025,2025-04-17,4,목요일,5,고학년,5교시,13:36,운동장,기타 체육,부딪힘·충돌
SAMPLE-01828,합성 예시 데이터,2021,2021-04-15,4,목요일,4,고학년,점심시간,12:32,교실·학습공간,수업·실습,부딪힘·충돌
SAMPLE-01829,합성 예시 데이터,2023,2023-05-29,5,월요일,3,고학년,1교시,09:24,교실·학습공간,놀이·휴식,부딪힘·충돌
SAMPLE-01830,합성 예시 데이터,2022,2022-07-07,7,목요일,2,저학년,점심시간,12:44,운동장,구기·라켓스포츠,부딪힘·충돌
SAMPLE-01831,합성 예시 데이터,2024,2024-07-19,7,금요일,5,고학년,점심시간,12:15,교실·학습공간,놀이·휴식,부딪힘·충돌
SAMPLE-01832,합성 예시 데이터,2024,2024-09-06,9,금요일,5,고학년,3교시,11:26,강당·체육관,구기·라켓스포츠,부딪힘·충돌
SAMPLE-01833,합성 예시 데이터,2024,2024-09-17,9,화요일,1,저학년,3교시,10:55,교실·학습공간,놀이·휴식,넘어짐
SAMPLE-01834,합성 예시 데이터,2024,2024-09-02,9,월요일,3,고학년,5교시,13:28,교실·학습공간,이동·보행,추락
SAMPLE-01835,합성 예시 데이터,2021,2021-06-22,6,화요일,3,고학년,하교,16:51,교문·외부동선,놀이·휴식,넘어짐
SAMPLE-01836,합성 예시 데이터,2025,2025-03-04,3,화요일,3,고학년,점심시간,12:31,교실·학습공간,수업·실습,부딪힘·충돌
SAMPLE-01837,합성 예시 데이터,2023,2023-05-01,5,월요일,1,저학년,하교,17:01,운동장,놀이·휴식,부딪힘·충돌
SAMPLE-01838,합성 예시 데이터,2024,2024-06-06,6,목요일,5,고학년,5교시,13:48,교실·학습공간,놀이·휴식,넘어짐
SAMPLE-01839,합성 예시 데이터,2021,2021-05-05,5,수요일,2,저학년,쉬는시간,10:23,계단·복도,이동·보행,넘어짐
SAMPLE-01840,합성 예시 데이터,2023,2023-09-18,9,월요일,6,고학년,3교시,11:06,교실·학습공간,놀이·휴식,부딪힘·충돌
SAMPLE-01841,합성 예시 데이터,2023,2023-03-08,3,수요일,3,고학년,쉬는시간,12:46,교실·학습공간,놀이·휴식,부딪힘·충돌
SAMPLE-01842,합성 예시 데이터,2024,2024-08-08,8,목요일,6,고학년,6교시,13:54,교실·학습공간,놀이·휴식,기타
SAMPLE-01843,합성 예시 데이터,2023,2023-08-08,8,화요일,1,저학년,3교시,10:57,교실·학습공간,수업·실습,부딪힘·충돌
SAMPLE-01844,합성 예시 데이터,2025,2025-11-17,11,월요일,4,고학년,2교시,09:58,교실·학습공간,이동·보행,추락
SAMPLE-01845,합성 예시 데이터,2021,2021-10-28,10,목요일,2,저학년,점심시간,12:53,급식·위생공간,식사·위생,넘어짐
SAMPLE-01846,합성 예시 데이터,2022,2022-10-27,10,목요일,1,저학년,1교시,09:17,교실·학습공간,수업·실습,넘어짐
SAMPLE-01847,합성 예시 데이터,2023,2023-04-05,4,수요일,3,고학년,방과후,16:08,운동장,구기·라켓스포츠,부딪힘·충돌
SAMPLE-01848,합성 예시 데이터,2021,2021-03-26,3,금요일,5,고학년,점심시간,12:19,계단·복도,이동·보행,넘어짐
SAMPLE-01849,합성 예시 데이터,2024,2024-09-16,9,월요일,4,고학년,쉬는시간,11:46,교실·학습공간,수업·실습,넘어짐
SAMPLE-01850,합성 예시 데이터,2022,2022-06-29,6,수요일,5,고학년,4교시,11:45,운동장,이동·보행,추락
SAMPLE-01851,합성 예시 데이터,2021,2021-09-09,9,목요일,4,고학년,4교시,11:57,교실·학습공간,이동·보행,부딪힘·충돌
SAMPLE-01852,합성 예시 데이터,2023,2023-09-12,9,화요일,6,고학년,4교시,11:33,교실·학습공간,이동·보행,미끄러짐
SAMPLE-01853,합성 예시 데이터,2021,2021-04-21,4,수요일,2,저학년,5교시,13:15,강당·체육관,이동·보행,부딪힘·충돌
SAMPLE-01854,합성 예시 데이터,2024,2024-11-18,11,월요일,2,저학년,쉬는시간,11:32,화장실·위생공간,식사·위생,미끄러짐
SAMPLE-01855,합성 예시 데이터,2024,2024-10-30,10,수요일,6,고학년,6교시,14:21,강당·체육관,기타 체육,넘어짐
SAMPLE-01856,합성 예시 데이터,2024,2024-11-21,11,목요일,3,고학년,6교시,14:08,강당·체육관,구기·라켓스포츠,넘어짐
SAMPLE-01857,합성 예시 데이터,2025,2025-04-14,4,월요일,6,고학년,쉬는시간,11:35,운동장,이동·보행,넘어짐
SAMPLE-01858,합성 예시 데이터,2023,2023-12-04,12,월요일,5,고학년,쉬는시간,12:59,교실·학습공간,수업·실습,기타
SAMPLE-01859,합성 예시 데이터,2025,2025-06-12,6,목요일,4,고학년,방과후,16:43,교실·학습공간,이동·보행,부딪힘·충돌
SAMPLE-01860,합성 예시 데이터,2023,2023-05-25,5,목요일,6,고학년,방과후,14:31,교실·학습공간,수업·실습,부딪힘·충돌
SAMPLE-01861,합성 예시 데이터,2024,2024-10-09,10,수요일,5,고학년,등교 전,08:10,계단·복도,이동·보행,미끄러짐
SAMPLE-01862,합성 예시 데이터,2024,2024-12-02,12,월요일,1,저학년,쉬는시간,10:20,화장실·위생공간,식사·위생,미끄러짐
SAMPLE-01863,합성 예시 데이터,2025,2025-11-27,11,목요일,1,저학년,쉬는시간,13:38,교실·학습공간,놀이·휴식,넘어짐
SAMPLE-01864,합성 예시 데이터,2025,2025-12-15,12,월요일,3,고학년,쉬는시간,11:37,교실·학습공간,수업·실습,넘어짐
SAMPLE-01865,합성 예시 데이터,2024,2024-06-14,6,금요일,5,고학년,1교시,09:20,계단·복도,기타,부딪힘·충돌
SAMPLE-01866,합성 예시 데이터,2022,2022-07-11,7,월요일,1,저학년,쉬는시간,10:33,계단·복도,기타,기타
SAMPLE-01867,합성 예시 데이터,2024,2024-08-27,8,화요일,2,저학년,점심시간,12:57,교실·학습공간,수업·실습,부딪힘·충돌
SAMPLE-01868,합성 예시 데이터,2024,2024-12-12,12,목요일,6,고학년,점심시간,12:44,교실·학습공간,수업·실습,넘어짐
SAMPLE-01869,합성 예시 데이터,2022,2022-09-02,9,금요일,4,고학년,3교시,10:42,교실·학습공간,놀이·휴식,부딪힘·충돌
SAMPLE-01870,합성 예시 데이터,2023,2023-05-31,5,수요일,4,고학년,쉬는시간,12:02,계단·복도,이동·보행,추락
SAMPLE-01871,합성 예시 데이터,2025,2025-09-24,9,수요일,6,고학년,점심시간,12:29,급식·위생공간,이동·보행,부딪힘·충돌
SAMPLE-01872,합성 예시 데이터,2025,2025-06-27,6,금요일,1,저학년,4교시,11:35,운동장,기타 체육,부딪힘·충돌
SAMPLE-01873,합성 예시 데이터,2023,2023-04-13,4,목요일,5,고학년,6교시,14:27,운동장,기타 체육,부딪힘·충돌
SAMPLE-01874,합성 예시 데이터,2025,2025-10-07,10,화요일,1,저학년,쉬는시간,10:54,계단·복도,이동·보행,넘어짐
SAMPLE-01875,합성 예시 데이터,2022,2022-10-13,10,목요일,3,고학년,6교시,14:02,운동장,놀이·휴식,미끄러짐
SAMPLE-01876,합성 예시 데이터,2025,2025-07-10,7,목요일,5,고학년,쉬는시간,12:14,교실·학습공간,수업·실습,부딪힘·충돌
SAMPLE-01877,합성 예시 데이터,2021,2021-12-15,12,수요일,4,고학년,하교,14:36,계단·복도,이동·보행,미끄러짐
SAMPLE-01878,합성 예시 데이터,2025,2025-08-28,8,목요일,2,저학년,점심시간,12:58,운동장,기타 체육,추락
SAMPLE-01879,합성 예시 데이터,2025,2025-12-02,12,화요일,6,고학년,방과후,14:43,강당·체육관,이동·보행,넘어짐
SAMPLE-01880,합성 예시 데이터,2025,2025-06-11,6,수요일,2,저학년,쉬는시간,10:24,교실·학습공간,수업·실습,부딪힘·충돌
SAMPLE-01881,합성 예시 데이터,2023,2023-05-22,5,월요일,4,고학년,점심시간,12:23,급식·위생공간,이동·보행,부딪힘·충돌
SAMPLE-01882,합성 예시 데이터,2023,2023-12-06,12,수요일,2,저학년,5교시,13:35,교실·학습공간,놀이·휴식,넘어짐
SAMPLE-01883,합성 예시 데이터,2023,2023-09-06,9,수요일,6,고학년,1교시,09:02,교실·학습공간,수업·실습,물체에 맞음
SAMPLE-01884,합성 예시 데이터,2023,2023-07-19,7,수요일,4,고학년,1교시,09:49,운동장,구기·라켓스포츠,부딪힘·충돌
SAMPLE-01885,합성 예시 데이터,2023,2023-05-30,5,화요일,3,고학년,1교시,09:40,교실·학습공간,수업·실습,넘어짐
SAMPLE-01886,합성 예시 데이터,2025,2025-04-25,4,금요일,4,고학년,하교,14:20,계단·복도,이동·보행,넘어짐
SAMPLE-01887,합성 예시 데이터,2021,2021-11-18,11,목요일,3,고학년,5교시,13:05,강당·체육관,구기·라켓스포츠,부딪힘·충돌
SAMPLE-01888,합성 예시 데이터,2025,2025-10-02,10,목요일,4,고학년,4교시,12:08,운동장,기타 체육,기타
SAMPLE-01889,합성 예시 데이터,2021,2021-10-26,10,화요일,3,고학년,2교시,10:38,계단·복도,놀이·휴식,부딪힘·충돌
SAMPLE-01890,합성 예시 데이터,2023,2023-03-06,3,월요일,2,저학년,점심시간,12:29,급식·위생공간,식사·위생,화상
SAMPLE-01891,합성 예시 데이터,2025,2025-07-25,7,금요일,4,고학년,6교시,14:25,교실·학습공간,놀이·휴식,넘어짐
SAMPLE-01892,합성 예시 데이터,2024,2024-11-25,11,월요일,5,고학년,점심시간,12:30,교실·학습공간,수업·실습,물체에 맞음
SAMPLE-01893,합성 예시 데이터,2024,2024-09-04,9,수요일,1,저학년,2교시,10:01,교실·학습공간,놀이·휴식,미끄러짐
SAMPLE-01894,합성 예시 데이터,2024,2024-06-24,6,월요일,2,저학년,5교시,13:14,교실·학습공간,놀이·휴식,넘어짐
SAMPLE-01895,합성 예시 데이터,2024,2024-09-09,9,월요일,2,저학년,2교시,09:56,계단·복도,이동·보행,부딪힘·충돌
SAMPLE-01896,합성 예시 데이터,2023,2023-09-13,9,수요일,5,고학년,쉬는시간,10:20,화장실·위생공간,놀이·휴식,넘어짐
SAMPLE-01897,합성 예시 데이터,2023,2023-07-14,7,금요일,5,고학년,3교시,11:23,운동장,놀이·휴식,넘어짐
SAMPLE-01898,합성 예시 데이터,2021,2021-04-19,4,월요일,4,고학년,점심시간,12:42,운동장,놀이·휴식,기타
SAMPLE-01899,합성 예시 데이터,2025,2025-03-17,3,월요일,2,저학년,3교시,11:10,강당·체육관,기타 체육,부딪힘·충돌
SAMPLE-01900,합성 예시 데이터,2024,2024-05-27,5,월요일,3,고학년,쉬는시간,09:54,운동장,구기·라켓스포츠,넘어짐
SAMPLE-01901,합성 예시 데이터,2025,2025-08-20,8,수요일,3,고학년,점심시간,12:14,급식·위생공간,식사·위생,미끄러짐
SAMPLE-01902,합성 예시 데이터,2025,2025-03-13,3,목요일,6,고학년,방과후,16:10,강당·체육관,구기·라켓스포츠,부딪힘·충돌
SAMPLE-01903,합성 예시 데이터,2025,2025-03-21,3,금요일,5,고학년,3교시,11:03,계단·복도,놀이·휴식,넘어짐
SAMPLE-01904,합성 예시 데이터,2021,2021-11-23,11,화요일,5,고학년,쉬는시간,09:49,교실·학습공간,수업·실습,물체에 맞음
SAMPLE-01905,합성 예시 데이터,2021,2021-08-16,8,월요일,3,고학년,방과후,15:59,강당·체육관,기타 체육,넘어짐
SAMPLE-01906,합성 예시 데이터,2023,2023-03-27,3,월요일,6,고학년,3교시,10:47,계단·복도,기타,기타
SAMPLE-01907,합성 예시 데이터,2022,2022-05-11,5,수요일,6,고학년,점심시간,12:13,급식·위생공간,식사·위생,넘어짐
SAMPLE-01908,합성 예시 데이터,2022,2022-06-09,6,목요일,6,고학년,4교시,12:02,교실·학습공간,이동·보행,부딪힘·충돌
SAMPLE-01909,합성 예시 데이터,2023,2023-05-03,5,수요일,5,고학년,점심시간,12:11,급식·위생공간,식사·위생,미끄러짐
SAMPLE-01910,합성 예시 데이터,2022,2022-10-04,10,화요일,1,저학년,하교,17:29,계단·복도,이동·보행,부딪힘·충돌
SAMPLE-01911,합성 예시 데이터,2021,2021-12-01,12,수요일,1,저학년,점심시간,12:15,계단·복도,이동·보행,부딪힘·충돌
SAMPLE-01912,합성 예시 데이터,2023,2023-12-20,12,수요일,3,고학년,하교,14:03,교실·학습공간,놀이·휴식,넘어짐
SAMPLE-01913,합성 예시 데이터,2023,2023-07-07,7,금요일,4,고학년,5교시,13:17,운동장,기타 체육,넘어짐
SAMPLE-01914,합성 예시 데이터,2024,2024-06-04,6,화요일,6,고학년,점심시간,12:53,급식·위생공간,이동·보행,미끄러짐
SAMPLE-01915,합성 예시 데이터,2021,2021-04-23,4,금요일,4,고학년,점심시간,12:55,급식·위생공간,식사·위생,미끄러짐
SAMPLE-01916,합성 예시 데이터,2025,2025-06-04,6,수요일,4,고학년,3교시,11:02,운동장,놀이·휴식,미끄러짐
SAMPLE-01917,합성 예시 데이터,2021,2021-04-22,4,목요일,5,고학년,점심시간,12:24,급식·위생공간,식사·위생,기타
SAMPLE-01918,합성 예시 데이터,2023,2023-11-17,11,금요일,3,고학년,쉬는시간,12:29,운동장,구기·라켓스포츠,넘어짐
SAMPLE-01919,합성 예시 데이터,2021,2021-06-07,6,월요일,4,고학년,쉬는시간,12:44,계단·복도,놀이·휴식,넘어짐
SAMPLE-01920,합성 예시 데이터,2025,2025-10-06,10,월요일,5,고학년,1교시,09:00,운동장,기타 체육,부딪힘·충돌
SAMPLE-01921,합성 예시 데이터,2022,2022-09-14,9,수요일,3,고학년,쉬는시간,14:09,교실·학습공간,수업·실습,물체에 맞음
SAMPLE-01922,합성 예시 데이터,2024,2024-12-17,12,화요일,6,고학년,점심시간,12:45,급식·위생공간,식사·위생,넘어짐
SAMPLE-01923,합성 예시 데이터,2021,2021-04-20,4,화요일,1,저학년,쉬는시간,11:31,운동장,구기·라켓스포츠,부딪힘·충돌
SAMPLE-01924,합성 예시 데이터,2021,2021-09-23,9,목요일,1,저학년,등교 전,08:47,교실·학습공간,수업·실습,넘어짐
SAMPLE-01925,합성 예시 데이터,2024,2024-10-07,10,월요일,1,저학년,등교 전,08:05,계단·복도,이동·보행,넘어짐
SAMPLE-01926,합성 예시 데이터,2025,2025-04-09,4,수요일,6,고학년,방과후,16:30,교실·학습공간,수업·실습,부딪힘·충돌
SAMPLE-01927,합성 예시 데이터,2022,2022-06-09,6,목요일,4,고학년,점심시간,12:28,계단·복도,이동·보행,넘어짐
SAMPLE-01928,합성 예시 데이터,2023,2023-03-06,3,월요일,5,고학년,5교시,13:06,강당·체육관,기타 체육,추락
SAMPLE-01929,합성 예시 데이터,2021,2021-08-31,8,화요일,6,고학년,3교시,11:06,교실·학습공간,수업·실습,부딪힘·충돌
SAMPLE-01930,합성 예시 데이터,2023,2023-09-15,9,금요일,4,고학년,점심시간,12:59,급식·위생공간,식사·위생,미끄러짐
SAMPLE-01931,합성 예시 데이터,2025,2025-11-27,11,목요일,5,고학년,4교시,11:36,운동장,구기·라켓스포츠,넘어짐
SAMPLE-01932,합성 예시 데이터,2023,2023-08-22,8,화요일,3,고학년,쉬는시간,13:46,교실·학습공간,이동·보행,부딪힘·충돌
SAMPLE-01933,합성 예시 데이터,2022,2022-07-22,7,금요일,2,저학년,2교시,10:07,운동장,놀이·휴식,넘어짐
SAMPLE-01934,합성 예시 데이터,2023,2023-12-05,12,화요일,2,저학년,1교시,09:11,교실·학습공간,놀이·휴식,넘어짐
SAMPLE-01935,합성 예시 데이터,2025,2025-07-29,7,화요일,5,고학년,4교시,11:58,강당·체육관,기타 체육,넘어짐
SAMPLE-01936,합성 예시 데이터,2024,2024-07-18,7,목요일,3,고학년,3교시,10:46,계단·복도,이동·보행,넘어짐
SAMPLE-01937,합성 예시 데이터,2022,2022-03-04,3,금요일,5,고학년,5교시,13:40,운동장,이동·보행,넘어짐
SAMPLE-01938,합성 예시 데이터,2023,2023-12-06,12,수요일,5,고학년,4교시,12:07,강당·체육관,이동·보행,추락
SAMPLE-01939,합성 예시 데이터,2023,2023-10-11,10,수요일,3,고학년,5교시,13:09,강당·체육관,구기·라켓스포츠,부딪힘·충돌
SAMPLE-01940,합성 예시 데이터,2024,2024-03-13,3,수요일,5,고학년,2교시,10:16,교실·학습공간,이동·보행,부딪힘·충돌
SAMPLE-01941,합성 예시 데이터,2025,2025-03-25,3,화요일,4,고학년,5교시,13:49,운동장,구기·라켓스포츠,물체에 맞음
SAMPLE-01942,합성 예시 데이터,2023,2023-10-13,10,금요일,1,저학년,쉬는시간,12:12,계단·복도,이동·보행,부딪힘·충돌
SAMPLE-01943,합성 예시 데이터,2022,2022-05-20,5,금요일,4,고학년,3교시,10:48,운동장,구기·라켓스포츠,부딪힘·충돌
SAMPLE-01944,합성 예시 데이터,2022,2022-03-09,3,수요일,1,저학년,쉬는시간,12:13,계단·복도,이동·보행,미끄러짐
SAMPLE-01945,합성 예시 데이터,2023,2023-11-21,11,화요일,5,고학년,2교시,10:21,강당·체육관,이동·보행,부딪힘·충돌
SAMPLE-01946,합성 예시 데이터,2021,2021-08-10,8,화요일,4,고학년,쉬는시간,14:03,계단·복도,이동·보행,부딪힘·충돌
SAMPLE-01947,합성 예시 데이터,2023,2023-06-02,6,금요일,4,고학년,5교시,13:13,운동장,구기·라켓스포츠,부딪힘·충돌
SAMPLE-01948,합성 예시 데이터,2024,2024-05-29,5,수요일,1,저학년,쉬는시간,14:14,운동장,이동·보행,미끄러짐
SAMPLE-01949,합성 예시 데이터,2024,2024-03-26,3,화요일,5,고학년,2교시,10:29,강당·체육관,기타 체육,추락
SAMPLE-01950,합성 예시 데이터,2023,2023-11-20,11,월요일,1,저학년,2교시,09:56,계단·복도,이동·보행,넘어짐
SAMPLE-01951,합성 예시 데이터,2022,2022-06-15,6,수요일,5,고학년,4교시,11:34,교실·학습공간,놀이·휴식,부딪힘·충돌
SAMPLE-01952,합성 예시 데이터,2024,2024-06-05,6,수요일,6,고학년,점심시간,12:18,급식·위생공간,식사·위생,넘어짐
SAMPLE-01953,합성 예시 데이터,2022,2022-12-09,12,금요일,3,고학년,쉬는시간,10:50,계단·복도,놀이·휴식,미끄러짐
SAMPLE-01954,합성 예시 데이터,2025,2025-06-04,6,수요일,2,저학년,점심시간,12:16,급식·위생공간,식사·위생,미끄러짐
SAMPLE-01955,합성 예시 데이터,2023,2023-05-18,5,목요일,1,저학년,쉬는시간,13:25,운동장,이동·보행,미끄러짐
SAMPLE-01956,합성 예시 데이터,2022,2022-09-20,9,화요일,2,저학년,쉬는시간,12:57,운동장,놀이·휴식,부딪힘·충돌
SAMPLE-01957,합성 예시 데이터,2022,2022-12-13,12,화요일,1,저학년,2교시,09:50,강당·체육관,구기·라켓스포츠,기타
SAMPLE-01958,합성 예시 데이터,2025,2025-08-20,8,수요일,6,고학년,쉬는시간,10:33,운동장,구기·라켓스포츠,부딪힘·충돌
SAMPLE-01959,합성 예시 데이터,2023,2023-12-12,12,화요일,5,고학년,쉬는시간,11:12,화장실·위생공간,이동·보행,미끄러짐
SAMPLE-01960,합성 예시 데이터,2025,2025-05-26,5,월요일,2,저학년,쉬는시간,12:40,교실·학습공간,놀이·휴식,미끄러짐
SAMPLE-01961,합성 예시 데이터,2022,2022-09-15,9,목요일,4,고학년,쉬는시간,11:56,교실·학습공간,이동·보행,부딪힘·충돌
SAMPLE-01962,합성 예시 데이터,2022,2022-10-25,10,화요일,1,저학년,5교시,13:32,강당·체육관,이동·보행,넘어짐
SAMPLE-01963,합성 예시 데이터,2024,2024-03-04,3,월요일,3,고학년,방과후,15:17,강당·체육관,이동·보행,넘어짐
SAMPLE-01964,합성 예시 데이터,2022,2022-08-12,8,금요일,6,고학년,3교시,10:51,운동장,놀이·휴식,부딪힘·충돌
SAMPLE-01965,합성 예시 데이터,2023,2023-06-01,6,목요일,1,저학년,점심시간,12:21,운동장,구기·라켓스포츠,넘어짐
SAMPLE-01966,합성 예시 데이터,2025,2025-03-25,3,화요일,5,고학년,6교시,13:58,계단·복도,놀이·휴식,기타
SAMPLE-01967,합성 예시 데이터,2022,2022-07-19,7,화요일,6,고학년,점심시간,12:49,운동장,구기·라켓스포츠,물체에 맞음
SAMPLE-01968,합성 예시 데이터,2023,2023-10-03,10,화요일,5,고학년,5교시,13:48,교실·학습공간,놀이·휴식,부딪힘·충돌
SAMPLE-01969,합성 예시 데이터,2021,2021-09-29,9,수요일,3,고학년,쉬는시간,12:27,계단·복도,이동·보행,부딪힘·충돌
SAMPLE-01970,합성 예시 데이터,2025,2025-06-12,6,목요일,6,고학년,5교시,13:29,운동장,놀이·휴식,기타
SAMPLE-01971,합성 예시 데이터,2021,2021-04-21,4,수요일,6,고학년,쉬는시간,11:08,교실·학습공간,수업·실습,기타
SAMPLE-01972,합성 예시 데이터,2023,2023-08-30,8,수요일,1,저학년,3교시,11:01,운동장,구기·라켓스포츠,물체에 맞음
SAMPLE-01973,합성 예시 데이터,2025,2025-10-17,10,금요일,2,저학년,방과후,15:31,운동장,기타 체육,추락
SAMPLE-01974,합성 예시 데이터,2022,2022-07-05,7,화요일,6,고학년,쉬는시간,14:06,운동장,놀이·휴식,부딪힘·충돌
SAMPLE-01975,합성 예시 데이터,2025,2025-05-14,5,수요일,6,고학년,2교시,10:30,강당·체육관,구기·라켓스포츠,넘어짐
SAMPLE-01976,합성 예시 데이터,2023,2023-05-05,5,금요일,2,저학년,점심시간,12:39,교실·학습공간,놀이·휴식,부딪힘·충돌
SAMPLE-01977,합성 예시 데이터,2024,2024-10-14,10,월요일,4,고학년,하교,17:04,교문·외부동선,교통·탑승,부딪힘·충돌
SAMPLE-01978,합성 예시 데이터,2025,2025-07-30,7,수요일,3,고학년,3교시,10:59,강당·체육관,구기·라켓스포츠,물체에 맞음
SAMPLE-01979,합성 예시 데이터,2024,2024-04-05,4,금요일,4,고학년,6교시,14:02,운동장,기타 체육,넘어짐
SAMPLE-01980,합성 예시 데이터,2024,2024-04-29,4,월요일,5,고학년,점심시간,12:38,교실·학습공간,이동·보행,미끄러짐
SAMPLE-01981,합성 예시 데이터,2022,2022-11-17,11,목요일,1,저학년,쉬는시간,11:24,계단·복도,이동·보행,넘어짐
SAMPLE-01982,합성 예시 데이터,2024,2024-11-05,11,화요일,1,저학년,점심시간,12:23,급식·위생공간,식사·위생,미끄러짐
SAMPLE-01983,합성 예시 데이터,2021,2021-07-28,7,수요일,5,고학년,쉬는시간,10:41,교실·학습공간,놀이·휴식,부딪힘·충돌
SAMPLE-01984,합성 예시 데이터,2025,2025-04-17,4,목요일,5,고학년,점심시간,12:59,급식·위생공간,식사·위생,미끄러짐
SAMPLE-01985,합성 예시 데이터,2025,2025-09-25,9,목요일,5,고학년,점심시간,12:49,급식·위생공간,식사·위생,넘어짐
SAMPLE-01986,합성 예시 데이터,2024,2024-07-31,7,수요일,4,고학년,쉬는시간,11:43,교실·학습공간,수업·실습,넘어짐
SAMPLE-01987,합성 예시 데이터,2024,2024-04-30,4,화요일,5,고학년,2교시,10:16,강당·체육관,구기·라켓스포츠,부딪힘·충돌
SAMPLE-01988,합성 예시 데이터,2022,2022-05-23,5,월요일,5,고학년,3교시,10:46,강당·체육관,기타 체육,넘어짐
SAMPLE-01989,합성 예시 데이터,2023,2023-08-03,8,목요일,1,저학년,방과후,15:00,강당·체육관,기타 체육,기타
SAMPLE-01990,합성 예시 데이터,2025,2025-09-30,9,화요일,2,저학년,등교 전,08:04,교문·외부동선,교통·탑승,기타
SAMPLE-01991,합성 예시 데이터,2021,2021-09-23,9,목요일,3,고학년,방과후,15:50,강당·체육관,구기·라켓스포츠,넘어짐
SAMPLE-01992,합성 예시 데이터,2024,2024-06-10,6,월요일,2,저학년,3교시,11:19,교실·학습공간,이동·보행,넘어짐
SAMPLE-01993,합성 예시 데이터,2023,2023-05-03,5,수요일,4,고학년,쉬는시간,10:29,계단·복도,이동·보행,넘어짐
SAMPLE-01994,합성 예시 데이터,2024,2024-09-02,9,월요일,4,고학년,점심시간,12:35,급식·위생공간,식사·위생,넘어짐
SAMPLE-01995,합성 예시 데이터,2025,2025-08-21,8,목요일,6,고학년,하교,14:45,교문·외부동선,이동·보행,넘어짐
SAMPLE-01996,합성 예시 데이터,2024,2024-06-17,6,월요일,5,고학년,쉬는시간,12:32,교실·학습공간,이동·보행,미끄러짐
SAMPLE-01997,합성 예시 데이터,2025,2025-06-18,6,수요일,3,고학년,점심시간,12:20,급식·위생공간,식사·위생,기타
SAMPLE-01998,합성 예시 데이터,2024,2024-08-13,8,화요일,6,고학년,쉬는시간,11:25,운동장,구기·라켓스포츠,부딪힘·충돌
SAMPLE-01999,합성 예시 데이터,2023,2023-05-18,5,목요일,5,고학년,6교시,14:23,운동장,놀이·휴식,넘어짐
SAMPLE-02000,합성 예시 데이터,2024,2024-04-10,4,수요일,4,고학년,점심시간,12:19,계단·복도,놀이·휴식,부딪힘·충돌
SAMPLE-02001,합성 예시 데이터,2022,2022-04-27,4,수요일,5,고학년,점심시간,12:58,운동장,구기·라켓스포츠,부딪힘·충돌
SAMPLE-02002,합성 예시 데이터,2023,2023-04-18,4,화요일,1,저학년,3교시,11:13,교실·학습공간,수업·실습,부딪힘·충돌
SAMPLE-02003,합성 예시 데이터,2021,2021-03-01,3,월요일,3,고학년,쉬는시간,11:52,운동장,기타 체육,넘어짐
SAMPLE-02004,합성 예시 데이터,2023,2023-05-19,5,금요일,3,고학년,등교 전,08:54,계단·복도,놀이·휴식,넘어짐
SAMPLE-02005,합성 예시 데이터,2022,2022-08-05,8,금요일,5,고학년,방과후,14:43,강당·체육관,구기·라켓스포츠,물체에 맞음
SAMPLE-02006,합성 예시 데이터,2021,2021-08-26,8,목요일,5,고학년,하교,17:07,운동장,구기·라켓스포츠,부딪힘·충돌
SAMPLE-02007,합성 예시 데이터,2025,2025-03-07,3,금요일,4,고학년,점심시간,12:15,계단·복도,이동·보행,넘어짐
SAMPLE-02008,합성 예시 데이터,2024,2024-04-09,4,화요일,6,고학년,방과후,14:53,운동장,기타 체육,부딪힘·충돌
SAMPLE-02009,합성 예시 데이터,2022,2022-12-13,12,화요일,2,저학년,쉬는시간,13:06,계단·복도,이동·보행,미끄러짐
SAMPLE-02010,합성 예시 데이터,2024,2024-03-06,3,수요일,4,고학년,1교시,09:28,운동장,구기·라켓스포츠,부딪힘·충돌
SAMPLE-02011,합성 예시 데이터,2021,2021-03-26,3,금요일,4,고학년,5교시,13:41,계단·복도,기타,기타
SAMPLE-02012,합성 예시 데이터,2024,2024-06-19,6,수요일,3,고학년,점심시간,12:55,운동장,이동·보행,부딪힘·충돌
SAMPLE-02013,합성 예시 데이터,2021,2021-07-27,7,화요일,2,저학년,점심시간,12:18,운동장,구기·라켓스포츠,기타
SAMPLE-02014,합성 예시 데이터,2022,2022-05-17,5,화요일,5,고학년,방과후,16:37,계단·복도,이동·보행,부딪힘·충돌
SAMPLE-02015,합성 예시 데이터,2024,2024-08-19,8,월요일,5,고학년,2교시,10:19,강당·체육관,구기·라켓스포츠,물체에 맞음
SAMPLE-02016,합성 예시 데이터,2021,2021-06-29,6,화요일,4,고학년,쉬는시간,10:43,교실·학습공간,수업·실습,물체에 맞음
SAMPLE-02017,합성 예시 데이터,2023,2023-08-22,8,화요일,2,저학년,점심시간,12:10,계단·복도,이동·보행,미끄러짐
SAMPLE-02018,합성 예시 데이터,2022,2022-03-11,3,금요일,2,저학년,쉬는시간,09:40,계단·복도,이동·보행,추락
SAMPLE-02019,합성 예시 데이터,2021,2021-11-15,11,월요일,6,고학년,방과후,15:10,운동장,구기·라켓스포츠,넘어짐
SAMPLE-02020,합성 예시 데이터,2023,2023-07-05,7,수요일,2,저학년,쉬는시간,10:11,운동장,구기·라켓스포츠,넘어짐
SAMPLE-02021,합성 예시 데이터,2022,2022-03-09,3,수요일,6,고학년,3교시,10:41,강당·체육관,구기·라켓스포츠,넘어짐
SAMPLE-02022,합성 예시 데이터,2025,2025-10-01,10,수요일,2,저학년,하교,16:56,운동장,이동·보행,부딪힘·충돌
SAMPLE-02023,합성 예시 데이터,2024,2024-05-29,5,수요일,5,고학년,방과후,17:16,강당·체육관,구기·라켓스포츠,부딪힘·충돌
SAMPLE-02024,합성 예시 데이터,2024,2024-06-19,6,수요일,4,고학년,5교시,13:42,강당·체육관,이동·보행,미끄러짐
SAMPLE-02025,합성 예시 데이터,2025,2025-03-21,3,금요일,1,저학년,3교시,11:16,교실·학습공간,수업·실습,넘어짐
SAMPLE-02026,합성 예시 데이터,2025,2025-11-07,11,금요일,5,고학년,3교시,11:26,강당·체육관,구기·라켓스포츠,부딪힘·충돌
SAMPLE-02027,합성 예시 데이터,2024,2024-04-22,4,월요일,3,고학년,쉬는시간,09:49,계단·복도,놀이·휴식,넘어짐
SAMPLE-02028,합성 예시 데이터,2022,2022-11-16,11,수요일,5,고학년,6교시,14:14,강당·체육관,기타 체육,추락
SAMPLE-02029,합성 예시 데이터,2024,2024-11-27,11,수요일,5,고학년,방과후,16:36,운동장,구기·라켓스포츠,넘어짐
SAMPLE-02030,합성 예시 데이터,2024,2024-04-11,4,목요일,4,고학년,3교시,11:23,교실·학습공간,수업·실습,물체에 맞음
SAMPLE-02031,합성 예시 데이터,2022,2022-08-29,8,월요일,4,고학년,점심시간,12:20,급식·위생공간,이동·보행,넘어짐
SAMPLE-02032,합성 예시 데이터,2022,2022-06-13,6,월요일,4,고학년,3교시,10:58,교실·학습공간,수업·실습,넘어짐
SAMPLE-02033,합성 예시 데이터,2022,2022-04-11,4,월요일,1,저학년,쉬는시간,11:11,계단·복도,이동·보행,추락
SAMPLE-02034,합성 예시 데이터,2024,2024-10-03,10,목요일,4,고학년,5교시,13:15,계단·복도,이동·보행,미끄러짐
SAMPLE-02035,합성 예시 데이터,2025,2025-09-22,9,월요일,6,고학년,점심시간,12:27,계단·복도,놀이·휴식,넘어짐
SAMPLE-02036,합성 예시 데이터,2021,2021-10-01,10,금요일,3,고학년,점심시간,12:47,교실·학습공간,수업·실습,물체에 맞음
SAMPLE-02037,합성 예시 데이터,2025,2025-11-03,11,월요일,1,저학년,5교시,13:40,운동장,이동·보행,미끄러짐
SAMPLE-02038,합성 예시 데이터,2023,2023-09-05,9,화요일,5,고학년,쉬는시간,12:30,운동장,놀이·휴식,넘어짐
SAMPLE-02039,합성 예시 데이터,2021,2021-08-26,8,목요일,2,저학년,점심시간,12:29,계단·복도,이동·보행,미끄러짐
SAMPLE-02040,합성 예시 데이터,2022,2022-11-04,11,금요일,6,고학년,등교 전,08:15,교실·학습공간,놀이·휴식,부딪힘·충돌
SAMPLE-02041,합성 예시 데이터,2022,2022-04-13,4,수요일,5,고학년,점심시간,12:31,계단·복도,놀이·휴식,넘어짐
SAMPLE-02042,합성 예시 데이터,2021,2021-03-09,3,화요일,4,고학년,1교시,09:08,교실·학습공간,이동·보행,넘어짐
SAMPLE-02043,합성 예시 데이터,2025,2025-05-06,5,화요일,2,저학년,방과후,17:17,운동장,이동·보행,부딪힘·충돌
SAMPLE-02044,합성 예시 데이터,2021,2021-05-28,5,금요일,6,고학년,점심시간,12:52,급식·위생공간,식사·위생,넘어짐
SAMPLE-02045,합성 예시 데이터,2023,2023-08-14,8,월요일,5,고학년,쉬는시간,12:18,교실·학습공간,수업·실습,물체에 맞음
SAMPLE-02046,합성 예시 데이터,2025,2025-04-28,4,월요일,1,저학년,4교시,11:31,교실·학습공간,수업·실습,물체에 맞음
SAMPLE-02047,합성 예시 데이터,2025,2025-09-09,9,화요일,2,저학년,점심시간,12:46,운동장,놀이·휴식,넘어짐
SAMPLE-02048,합성 예시 데이터,2023,2023-04-04,4,화요일,2,저학년,방과후,17:11,운동장,놀이·휴식,부딪힘·충돌
SAMPLE-02049,합성 예시 데이터,2021,2021-11-09,11,화요일,3,고학년,1교시,09:34,계단·복도,놀이·휴식,기타
SAMPLE-02050,합성 예시 데이터,2024,2024-11-20,11,수요일,3,고학년,5교시,13:30,강당·체육관,기타 체육,추락
SAMPLE-02051,합성 예시 데이터,2021,2021-06-04,6,금요일,6,고학년,등교 전,07:31,교실·학습공간,수업·실습,기타
SAMPLE-02052,합성 예시 데이터,2025,2025-12-04,12,목요일,2,저학년,4교시,11:56,계단·복도,이동·보행,미끄러짐
SAMPLE-02053,합성 예시 데이터,2021,2021-05-20,5,목요일,1,저학년,2교시,10:26,강당·체육관,구기·라켓스포츠,물체에 맞음
SAMPLE-02054,합성 예시 데이터,2021,2021-07-28,7,수요일,1,저학년,2교시,10:34,교실·학습공간,놀이·휴식,미끄러짐
SAMPLE-02055,합성 예시 데이터,2021,2021-03-03,3,수요일,2,저학년,3교시,10:52,계단·복도,이동·보행,넘어짐
SAMPLE-02056,합성 예시 데이터,2024,2024-08-22,8,목요일,3,고학년,4교시,11:59,운동장,구기·라켓스포츠,부딪힘·충돌
SAMPLE-02057,합성 예시 데이터,2021,2021-03-03,3,수요일,4,고학년,쉬는시간,11:21,계단·복도,이동·보행,넘어짐
SAMPLE-02058,합성 예시 데이터,2025,2025-07-31,7,목요일,3,고학년,등교 전,07:53,계단·복도,이동·보행,부딪힘·충돌
SAMPLE-02059,합성 예시 데이터,2023,2023-07-10,7,월요일,3,고학년,6교시,14:25,운동장,놀이·휴식,부딪힘·충돌
SAMPLE-02060,합성 예시 데이터,2024,2024-03-06,3,수요일,5,고학년,5교시,13:11,운동장,기타 체육,부딪힘·충돌
SAMPLE-02061,합성 예시 데이터,2022,2022-09-05,9,월요일,6,고학년,방과후,16:13,강당·체육관,이동·보행,넘어짐
SAMPLE-02062,합성 예시 데이터,2023,2023-07-06,7,목요일,6,고학년,쉬는시간,14:00,운동장,구기·라켓스포츠,부딪힘·충돌
SAMPLE-02063,합성 예시 데이터,2022,2022-07-22,7,금요일,5,고학년,5교시,13:31,강당·체육관,구기·라켓스포츠,부딪힘·충돌
SAMPLE-02064,합성 예시 데이터,2024,2024-05-01,5,수요일,3,고학년,5교시,13:42,운동장,기타 체육,부딪힘·충돌
SAMPLE-02065,합성 예시 데이터,2021,2021-04-21,4,수요일,4,고학년,2교시,10:04,강당·체육관,기타 체육,넘어짐
SAMPLE-02066,합성 예시 데이터,2023,2023-08-18,8,금요일,5,고학년,방과후,15:12,운동장,기타 체육,넘어짐
SAMPLE-02067,합성 예시 데이터,2022,2022-06-07,6,화요일,6,고학년,점심시간,12:58,교실·학습공간,수업·실습,부딪힘·충돌
SAMPLE-02068,합성 예시 데이터,2025,2025-05-20,5,화요일,4,고학년,방과후,16:22,운동장,놀이·휴식,넘어짐
SAMPLE-02069,합성 예시 데이터,2025,2025-12-03,12,수요일,3,고학년,3교시,10:41,강당·체육관,구기·라켓스포츠,물체에 맞음
SAMPLE-02070,합성 예시 데이터,2024,2024-07-22,7,월요일,2,저학년,방과후,16:36,강당·체육관,기타 체육,넘어짐
SAMPLE-02071,합성 예시 데이터,2025,2025-09-02,9,화요일,2,저학년,방과후,16:36,강당·체육관,구기·라켓스포츠,물체에 맞음
SAMPLE-02072,합성 예시 데이터,2021,2021-11-16,11,화요일,6,고학년,점심시간,12:38,교실·학습공간,수업·실습,부딪힘·충돌
SAMPLE-02073,합성 예시 데이터,2024,2024-04-29,4,월요일,3,고학년,6교시,14:21,교실·학습공간,수업·실습,넘어짐
SAMPLE-02074,합성 예시 데이터,2021,2021-10-06,10,수요일,3,고학년,4교시,11:35,교실·학습공간,이동·보행,넘어짐
SAMPLE-02075,합성 예시 데이터,2025,2025-10-22,10,수요일,2,저학년,쉬는시간,12:05,운동장,기타 체육,넘어짐
SAMPLE-02076,합성 예시 데이터,2024,2024-10-28,10,월요일,1,저학년,점심시간,12:25,교실·학습공간,수업·실습,부딪힘·충돌
SAMPLE-02077,합성 예시 데이터,2025,2025-12-01,12,월요일,3,고학년,1교시,09:36,강당·체육관,구기·라켓스포츠,부딪힘·충돌
SAMPLE-02078,합성 예시 데이터,2022,2022-04-13,4,수요일,3,고학년,2교시,09:57,운동장,구기·라켓스포츠,물체에 맞음
SAMPLE-02079,합성 예시 데이터,2022,2022-08-11,8,목요일,4,고학년,방과후,15:01,운동장,기타 체육,부딪힘·충돌
SAMPLE-02080,합성 예시 데이터,2022,2022-07-06,7,수요일,4,고학년,쉬는시간,12:42,교실·학습공간,수업·실습,넘어짐
SAMPLE-02081,합성 예시 데이터,2023,2023-08-30,8,수요일,4,고학년,쉬는시간,12:29,계단·복도,기타,기타
SAMPLE-02082,합성 예시 데이터,2025,2025-09-05,9,금요일,4,고학년,방과후,16:03,교실·학습공간,수업·실습,부딪힘·충돌
SAMPLE-02083,합성 예시 데이터,2022,2022-03-23,3,수요일,4,고학년,쉬는시간,12:28,계단·복도,이동·보행,넘어짐
SAMPLE-02084,합성 예시 데이터,2023,2023-12-14,12,목요일,6,고학년,6교시,13:55,계단·복도,놀이·휴식,부딪힘·충돌
SAMPLE-02085,합성 예시 데이터,2025,2025-03-17,3,월요일,5,고학년,점심시간,12:55,운동장,놀이·휴식,부딪힘·충돌
SAMPLE-02086,합성 예시 데이터,2022,2022-03-09,3,수요일,4,고학년,쉬는시간,12:21,운동장,구기·라켓스포츠,넘어짐
SAMPLE-02087,합성 예시 데이터,2025,2025-08-06,8,수요일,4,고학년,방과후,17:09,교실·학습공간,놀이·휴식,기타
SAMPLE-02088,합성 예시 데이터,2025,2025-08-26,8,화요일,3,고학년,쉬는시간,12:51,계단·복도,이동·보행,넘어짐
SAMPLE-02089,합성 예시 데이터,2023,2023-06-14,6,수요일,2,저학년,2교시,10:15,교실·학습공간,놀이·휴식,넘어짐
SAMPLE-02090,합성 예시 데이터,2024,2024-06-10,6,월요일,4,고학년,3교시,10:51,운동장,기타 체육,기타
SAMPLE-02091,합성 예시 데이터,2023,2023-04-18,4,화요일,2,저학년,2교시,10:20,강당·체육관,구기·라켓스포츠,부딪힘·충돌
SAMPLE-02092,합성 예시 데이터,2023,2023-11-06,11,월요일,5,고학년,점심시간,12:50,운동장,구기·라켓스포츠,부딪힘·충돌
SAMPLE-02093,합성 예시 데이터,2023,2023-09-01,9,금요일,6,고학년,1교시,09:44,교실·학습공간,수업·실습,기타
SAMPLE-02094,합성 예시 데이터,2024,2024-07-24,7,수요일,4,고학년,5교시,13:40,계단·복도,이동·보행,넘어짐
SAMPLE-02095,합성 예시 데이터,2022,2022-03-25,3,금요일,3,고학년,쉬는시간,12:27,화장실·위생공간,이동·보행,부딪힘·충돌
SAMPLE-02096,합성 예시 데이터,2025,2025-06-10,6,화요일,5,고학년,쉬는시간,11:24,교실·학습공간,놀이·휴식,부딪힘·충돌
SAMPLE-02097,합성 예시 데이터,2023,2023-08-23,8,수요일,3,고학년,4교시,11:44,강당·체육관,기타 체육,넘어짐
SAMPLE-02098,합성 예시 데이터,2023,2023-06-05,6,월요일,5,고학년,4교시,11:46,교실·학습공간,수업·실습,부딪힘·충돌
SAMPLE-02099,합성 예시 데이터,2023,2023-07-26,7,수요일,3,고학년,1교시,09:27,교실·학습공간,수업·실습,부딪힘·충돌
SAMPLE-02100,합성 예시 데이터,2024,2024-07-16,7,화요일,5,고학년,5교시,13:26,교실·학습공간,수업·실습,넘어짐
SAMPLE-02101,합성 예시 데이터,2022,2022-08-24,8,수요일,4,고학년,2교시,09:55,강당·체육관,이동·보행,넘어짐
SAMPLE-02102,합성 예시 데이터,2024,2024-10-09,10,수요일,2,저학년,5교시,13:14,교실·학습공간,수업·실습,물체에 맞음
SAMPLE-02103,합성 예시 데이터,2021,2021-03-25,3,목요일,6,고학년,점심시간,12:14,운동장,기타 체육,넘어짐
SAMPLE-02104,합성 예시 데이터,2022,2022-07-13,7,수요일,4,고학년,쉬는시간,13:17,운동장,이동·보행,넘어짐
SAMPLE-02105,합성 예시 데이터,2021,2021-06-25,6,금요일,2,저학년,5교시,13:49,교실·학습공간,놀이·휴식,부딪힘·충돌
SAMPLE-02106,합성 예시 데이터,2023,2023-10-31,10,화요일,6,고학년,2교시,10:22,강당·체육관,기타 체육,추락
SAMPLE-02107,합성 예시 데이터,2023,2023-04-04,4,화요일,6,고학년,하교,15:36,운동장,놀이·휴식,부딪힘·충돌
SAMPLE-02108,합성 예시 데이터,2021,2021-12-20,12,월요일,2,저학년,5교시,13:39,교실·학습공간,놀이·휴식,미끄러짐
SAMPLE-02109,합성 예시 데이터,2023,2023-11-06,11,월요일,5,고학년,점심시간,12:22,급식·위생공간,식사·위생,미끄러짐
SAMPLE-02110,합성 예시 데이터,2025,2025-05-15,5,목요일,5,고학년,쉬는시간,10:19,계단·복도,이동·보행,부딪힘·충돌
SAMPLE-02111,합성 예시 데이터,2021,2021-05-17,5,월요일,1,저학년,방과후,15:37,운동장,기타 체육,부딪힘·충돌
SAMPLE-02112,합성 예시 데이터,2022,2022-12-07,12,수요일,2,저학년,1교시,09:09,강당·체육관,구기·라켓스포츠,넘어짐
SAMPLE-02113,합성 예시 데이터,2022,2022-09-14,9,수요일,5,고학년,점심시간,12:15,교실·학습공간,수업·실습,부딪힘·충돌
SAMPLE-02114,합성 예시 데이터,2024,2024-04-22,4,월요일,2,저학년,3교시,11:05,교실·학습공간,수업·실습,부딪힘·충돌
SAMPLE-02115,합성 예시 데이터,2023,2023-08-30,8,수요일,2,저학년,방과후,16:52,운동장,놀이·휴식,넘어짐
SAMPLE-02116,합성 예시 데이터,2023,2023-07-04,7,화요일,3,고학년,방과후,15:20,교실·학습공간,수업·실습,물체에 맞음
SAMPLE-02117,합성 예시 데이터,2025,2025-05-16,5,금요일,5,고학년,점심시간,12:56,운동장,놀이·휴식,미끄러짐
SAMPLE-02118,합성 예시 데이터,2023,2023-07-04,7,화요일,4,고학년,하교,16:14,계단·복도,이동·보행,미끄러짐
SAMPLE-02119,합성 예시 데이터,2024,2024-06-24,6,월요일,2,저학년,방과후,17:02,강당·체육관,기타 체육,넘어짐
SAMPLE-02120,합성 예시 데이터,2021,2021-07-29,7,목요일,4,고학년,등교 전,08:24,계단·복도,이동·보행,미끄러짐
SAMPLE-02121,합성 예시 데이터,2024,2024-05-20,5,월요일,5,고학년,점심시간,12:28,교실·학습공간,수업·실습,넘어짐
SAMPLE-02122,합성 예시 데이터,2025,2025-09-24,9,수요일,3,고학년,하교,14:28,계단·복도,이동·보행,부딪힘·충돌
SAMPLE-02123,합성 예시 데이터,2022,2022-05-31,5,화요일,5,고학년,5교시,13:04,강당·체육관,구기·라켓스포츠,부딪힘·충돌
SAMPLE-02124,합성 예시 데이터,2022,2022-11-08,11,화요일,4,고학년,하교,15:22,계단·복도,이동·보행,추락
SAMPLE-02125,합성 예시 데이터,2024,2024-10-22,10,화요일,5,고학년,6교시,14:12,강당·체육관,기타 체육,넘어짐
SAMPLE-02126,합성 예시 데이터,2025,2025-04-16,4,수요일,1,저학년,점심시간,12:27,교실·학습공간,수업·실습,물체에 맞음
SAMPLE-02127,합성 예시 데이터,2024,2024-10-28,10,월요일,3,고학년,6교시,14:02,교실·학습공간,수업·실습,부딪힘·충돌
SAMPLE-02128,합성 예시 데이터,2024,2024-03-04,3,월요일,3,고학년,방과후,14:39,강당·체육관,구기·라켓스포츠,기타
SAMPLE-02129,합성 예시 데이터,2025,2025-11-07,11,금요일,5,고학년,쉬는시간,12:04,계단·복도,이동·보행,부딪힘·충돌
SAMPLE-02130,합성 예시 데이터,2023,2023-10-27,10,금요일,5,고학년,방과후,14:35,계단·복도,이동·보행,미끄러짐
SAMPLE-02131,합성 예시 데이터,2022,2022-04-20,4,수요일,1,저학년,1교시,09:36,강당·체육관,기타 체육,부딪힘·충돌
SAMPLE-02132,합성 예시 데이터,2025,2025-06-02,6,월요일,2,저학년,1교시,09:16,계단·복도,놀이·휴식,미끄러짐
SAMPLE-02133,합성 예시 데이터,2022,2022-03-03,3,목요일,4,고학년,방과후,15:53,강당·체육관,구기·라켓스포츠,부딪힘·충돌
SAMPLE-02134,합성 예시 데이터,2023,2023-03-09,3,목요일,6,고학년,5교시,13:24,강당·체육관,구기·라켓스포츠,물체에 맞음
SAMPLE-02135,합성 예시 데이터,2024,2024-11-13,11,수요일,5,고학년,하교,16:57,교문·외부동선,이동·보행,부딪힘·충돌
SAMPLE-02136,합성 예시 데이터,2021,2021-11-12,11,금요일,3,고학년,하교,16:07,운동장,구기·라켓스포츠,물체에 맞음
SAMPLE-02137,합성 예시 데이터,2022,2022-12-14,12,수요일,3,고학년,방과후,16:34,강당·체육관,구기·라켓스포츠,부딪힘·충돌
SAMPLE-02138,합성 예시 데이터,2023,2023-11-24,11,금요일,3,고학년,1교시,09:46,교실·학습공간,놀이·휴식,미끄러짐
SAMPLE-02139,합성 예시 데이터,2022,2022-09-08,9,목요일,3,고학년,5교시,13:04,강당·체육관,구기·라켓스포츠,부딪힘·충돌
SAMPLE-02140,합성 예시 데이터,2024,2024-08-19,8,월요일,1,저학년,2교시,10:21,강당·체육관,구기·라켓스포츠,부딪힘·충돌
SAMPLE-02141,합성 예시 데이터,2025,2025-03-27,3,목요일,4,고학년,5교시,13:43,운동장,구기·라켓스포츠,넘어짐
SAMPLE-02142,합성 예시 데이터,2025,2025-12-16,12,화요일,3,고학년,쉬는시간,10:42,운동장,구기·라켓스포츠,부딪힘·충돌
SAMPLE-02143,합성 예시 데이터,2023,2023-07-07,7,금요일,6,고학년,점심시간,12:56,운동장,기타 체육,넘어짐
SAMPLE-02144,합성 예시 데이터,2025,2025-12-18,12,목요일,2,저학년,1교시,09:10,강당·체육관,구기·라켓스포츠,부딪힘·충돌
SAMPLE-02145,합성 예시 데이터,2025,2025-06-25,6,수요일,1,저학년,3교시,11:23,운동장,구기·라켓스포츠,넘어짐
SAMPLE-02146,합성 예시 데이터,2022,2022-06-09,6,목요일,4,고학년,하교,17:30,교문·외부동선,놀이·휴식,미끄러짐
SAMPLE-02147,합성 예시 데이터,2024,2024-08-28,8,수요일,6,고학년,점심시간,12:40,급식·위생공간,식사·위생,기타
SAMPLE-02148,합성 예시 데이터,2024,2024-07-09,7,화요일,4,고학년,방과후,16:06,운동장,구기·라켓스포츠,부딪힘·충돌
SAMPLE-02149,합성 예시 데이터,2025,2025-03-04,3,화요일,5,고학년,쉬는시간,13:01,계단·복도,이동·보행,넘어짐
SAMPLE-02150,합성 예시 데이터,2021,2021-04-21,4,수요일,1,저학년,쉬는시간,11:51,교실·학습공간,수업·실습,기타
SAMPLE-02151,합성 예시 데이터,2024,2024-05-29,5,수요일,2,저학년,쉬는시간,09:43,계단·복도,놀이·휴식,넘어짐
SAMPLE-02152,합성 예시 데이터,2025,2025-03-19,3,수요일,6,고학년,4교시,12:01,운동장,구기·라켓스포츠,부딪힘·충돌
SAMPLE-02153,합성 예시 데이터,2025,2025-05-06,5,화요일,6,고학년,방과후,17:05,강당·체육관,기타 체육,부딪힘·충돌
SAMPLE-02154,합성 예시 데이터,2022,2022-07-29,7,금요일,2,저학년,방과후,16:53,교실·학습공간,놀이·휴식,미끄러짐
SAMPLE-02155,합성 예시 데이터,2021,2021-03-03,3,수요일,5,고학년,하교,15:49,교문·외부동선,교통·탑승,부딪힘·충돌
SAMPLE-02156,합성 예시 데이터,2024,2024-07-16,7,화요일,4,고학년,5교시,13:27,교실·학습공간,이동·보행,부딪힘·충돌
SAMPLE-02157,합성 예시 데이터,2024,2024-12-02,12,월요일,2,저학년,방과후,16:06,강당·체육관,기타 체육,부딪힘·충돌
SAMPLE-02158,합성 예시 데이터,2023,2023-07-03,7,월요일,1,저학년,점심시간,12:44,계단·복도,놀이·휴식,넘어짐
SAMPLE-02159,합성 예시 데이터,2023,2023-12-12,12,화요일,4,고학년,2교시,09:59,계단·복도,놀이·휴식,넘어짐
SAMPLE-02160,합성 예시 데이터,2021,2021-07-20,7,화요일,5,고학년,4교시,11:59,강당·체육관,구기·라켓스포츠,물체에 맞음
SAMPLE-02161,합성 예시 데이터,2025,2025-10-14,10,화요일,4,고학년,쉬는시간,09:56,계단·복도,이동·보행,넘어짐
SAMPLE-02162,합성 예시 데이터,2024,2024-09-16,9,월요일,6,고학년,쉬는시간,12:40,화장실·위생공간,이동·보행,미끄러짐
SAMPLE-02163,합성 예시 데이터,2024,2024-04-04,4,목요일,3,고학년,3교시,10:40,강당·체육관,이동·보행,부딪힘·충돌
SAMPLE-02164,합성 예시 데이터,2025,2025-04-01,4,화요일,1,저학년,4교시,11:45,운동장,구기·라켓스포츠,넘어짐
SAMPLE-02165,합성 예시 데이터,2024,2024-06-17,6,월요일,1,저학년,5교시,13:30,운동장,구기·라켓스포츠,넘어짐
SAMPLE-02166,합성 예시 데이터,2023,2023-05-09,5,화요일,2,저학년,점심시간,12:38,급식·위생공간,식사·위생,넘어짐
SAMPLE-02167,합성 예시 데이터,2025,2025-09-19,9,금요일,6,고학년,2교시,09:54,강당·체육관,구기·라켓스포츠,물체에 맞음
SAMPLE-02168,합성 예시 데이터,2021,2021-03-30,3,화요일,3,고학년,5교시,13:21,교실·학습공간,수업·실습,물체에 맞음
SAMPLE-02169,합성 예시 데이터,2023,2023-10-30,10,월요일,6,고학년,점심시간,12:24,급식·위생공간,식사·위생,화상
SAMPLE-02170,합성 예시 데이터,2021,2021-03-24,3,수요일,1,저학년,방과후,15:16,운동장,기타 체육,넘어짐
SAMPLE-02171,합성 예시 데이터,2023,2023-06-12,6,월요일,1,저학년,하교,15:21,교문·외부동선,이동·보행,미끄러짐
SAMPLE-02172,합성 예시 데이터,2022,2022-06-27,6,월요일,4,고학년,5교시,13:17,운동장,구기·라켓스포츠,기타
SAMPLE-02173,합성 예시 데이터,2025,2025-04-02,4,수요일,4,고학년,점심시간,12:32,계단·복도,이동·보행,넘어짐
SAMPLE-02174,합성 예시 데이터,2022,2022-04-21,4,목요일,5,고학년,쉬는시간,14:20,교실·학습공간,수업·실습,물체에 맞음
SAMPLE-02175,합성 예시 데이터,2022,2022-04-11,4,월요일,6,고학년,쉬는시간,11:05,운동장,구기·라켓스포츠,물체에 맞음
SAMPLE-02176,합성 예시 데이터,2025,2025-11-07,11,금요일,6,고학년,6교시,13:50,강당·체육관,기타 체육,넘어짐
SAMPLE-02177,합성 예시 데이터,2021,2021-09-22,9,수요일,6,고학년,5교시,13:45,강당·체육관,구기·라켓스포츠,물체에 맞음
SAMPLE-02178,합성 예시 데이터,2021,2021-07-28,7,수요일,3,고학년,쉬는시간,14:09,운동장,놀이·휴식,넘어짐
SAMPLE-02179,합성 예시 데이터,2021,2021-10-13,10,수요일,2,저학년,점심시간,12:42,계단·복도,이동·보행,넘어짐
SAMPLE-02180,합성 예시 데이터,2025,2025-08-28,8,목요일,1,저학년,3교시,11:17,교실·학습공간,수업·실습,물체에 맞음
SAMPLE-02181,합성 예시 데이터,2022,2022-08-29,8,월요일,1,저학년,점심시간,12:32,급식·위생공간,식사·위생,미끄러짐
SAMPLE-02182,합성 예시 데이터,2022,2022-06-21,6,화요일,4,고학년,쉬는시간,12:15,운동장,놀이·휴식,미끄러짐
SAMPLE-02183,합성 예시 데이터,2024,2024-04-29,4,월요일,4,고학년,5교시,13:25,교실·학습공간,수업·실습,물체에 맞음
SAMPLE-02184,합성 예시 데이터,2024,2024-10-30,10,수요일,6,고학년,4교시,11:47,교실·학습공간,수업·실습,물체에 맞음
SAMPLE-02185,합성 예시 데이터,2024,2024-11-05,11,화요일,5,고학년,6교시,14:22,강당·체육관,구기·라켓스포츠,부딪힘·충돌
SAMPLE-02186,합성 예시 데이터,2025,2025-04-15,4,화요일,5,고학년,3교시,11:21,강당·체육관,구기·라켓스포츠,부딪힘·충돌
SAMPLE-02187,합성 예시 데이터,2022,2022-09-02,9,금요일,1,저학년,방과후,15:20,계단·복도,이동·보행,넘어짐
SAMPLE-02188,합성 예시 데이터,2024,2024-05-16,5,목요일,2,저학년,1교시,09:40,교실·학습공간,이동·보행,미끄러짐
SAMPLE-02189,합성 예시 데이터,2024,2024-10-24,10,목요일,6,고학년,쉬는시간,11:34,계단·복도,놀이·휴식,부딪힘·충돌
SAMPLE-02190,합성 예시 데이터,2024,2024-08-07,8,수요일,3,고학년,5교시,13:13,강당·체육관,구기·라켓스포츠,부딪힘·충돌
SAMPLE-02191,합성 예시 데이터,2022,2022-09-22,9,목요일,1,저학년,방과후,15:08,강당·체육관,구기·라켓스포츠,넘어짐
SAMPLE-02192,합성 예시 데이터,2025,2025-05-01,5,목요일,5,고학년,등교 전,08:35,운동장,놀이·휴식,넘어짐
SAMPLE-02193,합성 예시 데이터,2024,2024-10-04,10,금요일,3,고학년,방과후,16:42,운동장,구기·라켓스포츠,부딪힘·충돌
SAMPLE-02194,합성 예시 데이터,2022,2022-11-28,11,월요일,1,저학년,점심시간,12:47,운동장,구기·라켓스포츠,넘어짐
SAMPLE-02195,합성 예시 데이터,2025,2025-07-14,7,월요일,3,고학년,쉬는시간,13:09,운동장,구기·라켓스포츠,부딪힘·충돌
SAMPLE-02196,합성 예시 데이터,2023,2023-09-13,9,수요일,2,저학년,등교 전,07:32,교실·학습공간,수업·실습,물체에 맞음
SAMPLE-02197,합성 예시 데이터,2025,2025-05-02,5,금요일,5,고학년,6교시,14:16,운동장,구기·라켓스포츠,물체에 맞음
SAMPLE-02198,합성 예시 데이터,2024,2024-11-08,11,금요일,5,고학년,4교시,11:55,교실·학습공간,수업·실습,넘어짐
SAMPLE-02199,합성 예시 데이터,2025,2025-10-28,10,화요일,4,고학년,쉬는시간,11:59,교실·학습공간,이동·보행,넘어짐
SAMPLE-02200,합성 예시 데이터,2025,2025-10-21,10,화요일,5,고학년,6교시,14:00,강당·체육관,이동·보행,넘어짐
SAMPLE-02201,합성 예시 데이터,2022,2022-07-08,7,금요일,2,저학년,3교시,10:54,교실·학습공간,수업·실습,기타
SAMPLE-02202,합성 예시 데이터,2021,2021-06-14,6,월요일,6,고학년,쉬는시간,11:34,운동장,이동·보행,부딪힘·충돌
SAMPLE-02203,합성 예시 데이터,2025,2025-04-24,4,목요일,1,저학년,4교시,11:43,교실·학습공간,놀이·휴식,부딪힘·충돌
SAMPLE-02204,합성 예시 데이터,2025,2025-06-16,6,월요일,1,저학년,방과후,15:12,계단·복도,이동·보행,부딪힘·충돌
SAMPLE-02205,합성 예시 데이터,2024,2024-11-22,11,금요일,4,고학년,하교,15:55,교실·학습공간,놀이·휴식,부딪힘·충돌
SAMPLE-02206,합성 예시 데이터,2024,2024-03-07,3,목요일,3,고학년,쉬는시간,11:21,교실·학습공간,놀이·휴식,넘어짐
SAMPLE-02207,합성 예시 데이터,2024,2024-04-18,4,목요일,4,고학년,3교시,10:50,운동장,기타 체육,넘어짐
SAMPLE-02208,합성 예시 데이터,2021,2021-10-22,10,금요일,6,고학년,방과후,16:48,운동장,구기·라켓스포츠,부딪힘·충돌
SAMPLE-02209,합성 예시 데이터,2021,2021-06-22,6,화요일,1,저학년,5교시,13:47,교실·학습공간,수업·실습,넘어짐
SAMPLE-02210,합성 예시 데이터,2024,2024-10-16,10,수요일,4,고학년,6교시,14:27,운동장,구기·라켓스포츠,부딪힘·충돌
SAMPLE-02211,합성 예시 데이터,2022,2022-05-24,5,화요일,6,고학년,쉬는시간,13:40,계단·복도,이동·보행,미끄러짐
SAMPLE-02212,합성 예시 데이터,2022,2022-06-08,6,수요일,6,고학년,1교시,09:04,교실·학습공간,놀이·휴식,부딪힘·충돌
SAMPLE-02213,합성 예시 데이터,2022,2022-11-15,11,화요일,3,고학년,3교시,11:08,강당·체육관,구기·라켓스포츠,기타
SAMPLE-02214,합성 예시 데이터,2022,2022-09-13,9,화요일,3,고학년,방과후,16:15,강당·체육관,구기·라켓스포츠,넘어짐
SAMPLE-02215,합성 예시 데이터,2023,2023-04-17,4,월요일,1,저학년,쉬는시간,11:05,운동장,기타 체육,기타
SAMPLE-02216,합성 예시 데이터,2025,2025-03-21,3,금요일,6,고학년,1교시,09:42,강당·체육관,기타 체육,넘어짐
SAMPLE-02217,합성 예시 데이터,2024,2024-10-25,10,금요일,4,고학년,쉬는시간,13:43,계단·복도,놀이·휴식,기타
SAMPLE-02218,합성 예시 데이터,2023,2023-05-18,5,목요일,1,저학년,쉬는시간,12:08,교실·학습공간,수업·실습,넘어짐
SAMPLE-02219,합성 예시 데이터,2022,2022-12-05,12,월요일,3,고학년,방과후,16:33,강당·체육관,구기·라켓스포츠,부딪힘·충돌
SAMPLE-02220,합성 예시 데이터,2024,2024-03-28,3,목요일,3,고학년,점심시간,12:36,교실·학습공간,수업·실습,기타
SAMPLE-02221,합성 예시 데이터,2025,2025-03-19,3,수요일,3,고학년,1교시,09:12,교실·학습공간,이동·보행,넘어짐
SAMPLE-02222,합성 예시 데이터,2023,2023-05-23,5,화요일,4,고학년,하교,17:09,계단·복도,이동·보행,부딪힘·충돌
SAMPLE-02223,합성 예시 데이터,2022,2022-03-01,3,화요일,2,저학년,쉬는시간,10:11,운동장,놀이·휴식,미끄러짐
SAMPLE-02224,합성 예시 데이터,2024,2024-08-30,8,금요일,1,저학년,2교시,09:57,계단·복도,이동·보행,미끄러짐
SAMPLE-02225,합성 예시 데이터,2023,2023-07-03,7,월요일,4,고학년,6교시,14:08,강당·체육관,기타 체육,추락
SAMPLE-02226,합성 예시 데이터,2021,2021-11-03,11,수요일,5,고학년,쉬는시간,12:21,교실·학습공간,수업·실습,부딪힘·충돌
SAMPLE-02227,합성 예시 데이터,2022,2022-10-24,10,월요일,3,고학년,쉬는시간,10:49,교실·학습공간,놀이·휴식,부딪힘·충돌
SAMPLE-02228,합성 예시 데이터,2023,2023-11-14,11,화요일,5,고학년,등교 전,07:53,교실·학습공간,수업·실습,물체에 맞음
SAMPLE-02229,합성 예시 데이터,2022,2022-07-13,7,수요일,1,저학년,쉬는시간,12:03,계단·복도,놀이·휴식,부딪힘·충돌
SAMPLE-02230,합성 예시 데이터,2021,2021-03-09,3,화요일,4,고학년,등교 전,08:23,계단·복도,이동·보행,추락
SAMPLE-02231,합성 예시 데이터,2023,2023-08-03,8,목요일,3,고학년,3교시,11:02,교실·학습공간,이동·보행,추락
SAMPLE-02232,합성 예시 데이터,2025,2025-05-07,5,수요일,6,고학년,하교,14:27,교문·외부동선,이동·보행,미끄러짐
SAMPLE-02233,합성 예시 데이터,2023,2023-08-18,8,금요일,4,고학년,6교시,14:01,교실·학습공간,수업·실습,넘어짐
SAMPLE-02234,합성 예시 데이터,2021,2021-05-26,5,수요일,4,고학년,하교,17:23,계단·복도,이동·보행,미끄러짐
SAMPLE-02235,합성 예시 데이터,2023,2023-07-25,7,화요일,1,저학년,등교 전,08:22,교실·학습공간,놀이·휴식,넘어짐
SAMPLE-02236,합성 예시 데이터,2025,2025-10-15,10,수요일,6,고학년,점심시간,12:39,운동장,놀이·휴식,부딪힘·충돌
SAMPLE-02237,합성 예시 데이터,2021,2021-08-10,8,화요일,2,저학년,5교시,13:19,강당·체육관,구기·라켓스포츠,넘어짐
SAMPLE-02238,합성 예시 데이터,2024,2024-06-05,6,수요일,4,고학년,쉬는시간,12:47,계단·복도,놀이·휴식,넘어짐
SAMPLE-02239,합성 예시 데이터,2025,2025-10-20,10,월요일,2,저학년,쉬는시간,09:58,화장실·위생공간,이동·보행,부딪힘·충돌
SAMPLE-02240,합성 예시 데이터,2022,2022-07-08,7,금요일,3,고학년,점심시간,12:23,운동장,기타 체육,넘어짐
SAMPLE-02241,합성 예시 데이터,2023,2023-03-28,3,화요일,5,고학년,등교 전,08:28,운동장,구기·라켓스포츠,부딪힘·충돌
SAMPLE-02242,합성 예시 데이터,2021,2021-07-29,7,목요일,6,고학년,하교,17:25,운동장,구기·라켓스포츠,물체에 맞음
SAMPLE-02243,합성 예시 데이터,2023,2023-08-30,8,수요일,1,저학년,3교시,11:09,교실·학습공간,수업·실습,부딪힘·충돌
SAMPLE-02244,합성 예시 데이터,2023,2023-08-02,8,수요일,3,고학년,5교시,13:38,교실·학습공간,놀이·휴식,넘어짐
SAMPLE-02245,합성 예시 데이터,2024,2024-08-27,8,화요일,3,고학년,쉬는시간,09:54,화장실·위생공간,식사·위생,넘어짐
SAMPLE-02246,합성 예시 데이터,2023,2023-10-24,10,화요일,1,저학년,등교 전,08:42,교문·외부동선,교통·탑승,넘어짐
SAMPLE-02247,합성 예시 데이터,2023,2023-08-16,8,수요일,6,고학년,6교시,13:54,강당·체육관,기타 체육,부딪힘·충돌
SAMPLE-02248,합성 예시 데이터,2024,2024-04-24,4,수요일,2,저학년,점심시간,12:47,급식·위생공간,식사·위생,기타
SAMPLE-02249,합성 예시 데이터,2025,2025-05-01,5,목요일,5,고학년,3교시,11:07,계단·복도,이동·보행,미끄러짐
SAMPLE-02250,합성 예시 데이터,2023,2023-03-01,3,수요일,1,저학년,쉬는시간,10:28,교실·학습공간,놀이·휴식,미끄러짐
SAMPLE-02251,합성 예시 데이터,2025,2025-08-22,8,금요일,4,고학년,4교시,11:41,강당·체육관,이동·보행,미끄러짐
SAMPLE-02252,합성 예시 데이터,2021,2021-05-13,5,목요일,1,저학년,1교시,09:13,강당·체육관,구기·라켓스포츠,물체에 맞음
SAMPLE-02253,합성 예시 데이터,2022,2022-12-01,12,목요일,4,고학년,6교시,14:04,운동장,구기·라켓스포츠,부딪힘·충돌
SAMPLE-02254,합성 예시 데이터,2023,2023-12-01,12,금요일,3,고학년,6교시,14:20,운동장,놀이·휴식,넘어짐
SAMPLE-02255,합성 예시 데이터,2024,2024-04-29,4,월요일,6,고학년,하교,14:55,계단·복도,놀이·휴식,미끄러짐
SAMPLE-02256,합성 예시 데이터,2024,2024-09-20,9,금요일,4,고학년,4교시,11:44,운동장,구기·라켓스포츠,넘어짐
SAMPLE-02257,합성 예시 데이터,2022,2022-05-13,5,금요일,3,고학년,하교,16:41,운동장,구기·라켓스포츠,부딪힘·충돌
SAMPLE-02258,합성 예시 데이터,2024,2024-05-29,5,수요일,3,고학년,점심시간,12:58,급식·위생공간,놀이·휴식,부딪힘·충돌
SAMPLE-02259,합성 예시 데이터,2022,2022-07-19,7,화요일,4,고학년,6교시,14:10,운동장,구기·라켓스포츠,물체에 맞음
SAMPLE-02260,합성 예시 데이터,2022,2022-11-16,11,수요일,6,고학년,3교시,10:55,계단·복도,이동·보행,넘어짐
SAMPLE-02261,합성 예시 데이터,2024,2024-11-11,11,월요일,2,저학년,점심시간,12:44,급식·위생공간,식사·위생,화상
SAMPLE-02262,합성 예시 데이터,2021,2021-10-08,10,금요일,2,저학년,3교시,11:19,강당·체육관,기타 체육,부딪힘·충돌
SAMPLE-02263,합성 예시 데이터,2021,2021-03-12,3,금요일,5,고학년,1교시,09:19,교실·학습공간,수업·실습,부딪힘·충돌
SAMPLE-02264,합성 예시 데이터,2022,2022-03-28,3,월요일,6,고학년,5교시,13:39,교실·학습공간,놀이·휴식,부딪힘·충돌
SAMPLE-02265,합성 예시 데이터,2023,2023-10-10,10,화요일,2,저학년,방과후,17:08,교실·학습공간,놀이·휴식,넘어짐
SAMPLE-02266,합성 예시 데이터,2025,2025-06-03,6,화요일,5,고학년,점심시간,12:43,계단·복도,이동·보행,미끄러짐
SAMPLE-02267,합성 예시 데이터,2025,2025-06-24,6,화요일,2,저학년,하교,16:39,운동장,이동·보행,넘어짐
SAMPLE-02268,합성 예시 데이터,2021,2021-03-30,3,화요일,4,고학년,점심시간,12:21,급식·위생공간,식사·위생,미끄러짐
SAMPLE-02269,합성 예시 데이터,2021,2021-03-29,3,월요일,6,고학년,하교,15:02,교문·외부동선,교통·탑승,부딪힘·충돌
SAMPLE-02270,합성 예시 데이터,2024,2024-05-15,5,수요일,6,고학년,2교시,10:07,교실·학습공간,수업·실습,부딪힘·충돌
SAMPLE-02271,합성 예시 데이터,2023,2023-09-28,9,목요일,2,저학년,점심시간,12:42,운동장,이동·보행,미끄러짐
SAMPLE-02272,합성 예시 데이터,2025,2025-08-15,8,금요일,2,저학년,4교시,11:47,운동장,기타 체육,넘어짐
SAMPLE-02273,합성 예시 데이터,2021,2021-10-27,10,수요일,2,저학년,하교,14:58,운동장,구기·라켓스포츠,넘어짐
SAMPLE-02274,합성 예시 데이터,2022,2022-03-30,3,수요일,3,고학년,방과후,15:53,운동장,기타 체육,추락
SAMPLE-02275,합성 예시 데이터,2022,2022-10-31,10,월요일,5,고학년,6교시,14:25,강당·체육관,구기·라켓스포츠,기타
SAMPLE-02276,합성 예시 데이터,2021,2021-09-17,9,금요일,5,고학년,5교시,13:30,운동장,놀이·휴식,미끄러짐
SAMPLE-02277,합성 예시 데이터,2023,2023-03-30,3,목요일,3,고학년,5교시,13:06,교실·학습공간,이동·보행,넘어짐
SAMPLE-02278,합성 예시 데이터,2024,2024-07-12,7,금요일,4,고학년,4교시,12:04,교실·학습공간,이동·보행,미끄러짐
SAMPLE-02279,합성 예시 데이터,2022,2022-07-07,7,목요일,3,고학년,4교시,11:32,강당·체육관,구기·라켓스포츠,물체에 맞음
SAMPLE-02280,합성 예시 데이터,2022,2022-06-07,6,화요일,2,저학년,5교시,13:16,교실·학습공간,수업·실습,물체에 맞음
SAMPLE-02281,합성 예시 데이터,2024,2024-03-13,3,수요일,6,고학년,2교시,10:28,운동장,구기·라켓스포츠,넘어짐
SAMPLE-02282,합성 예시 데이터,2024,2024-12-20,12,금요일,1,저학년,점심시간,12:15,교실·학습공간,이동·보행,넘어짐
SAMPLE-02283,합성 예시 데이터,2024,2024-11-06,11,수요일,1,저학년,하교,17:22,교문·외부동선,교통·탑승,부딪힘·충돌
SAMPLE-02284,합성 예시 데이터,2025,2025-08-28,8,목요일,1,저학년,방과후,17:16,강당·체육관,구기·라켓스포츠,넘어짐
SAMPLE-02285,합성 예시 데이터,2022,2022-05-20,5,금요일,4,고학년,5교시,13:33,교실·학습공간,놀이·휴식,부딪힘·충돌
SAMPLE-02286,합성 예시 데이터,2022,2022-04-14,4,목요일,5,고학년,5교시,13:30,강당·체육관,기타 체육,부딪힘·충돌
SAMPLE-02287,합성 예시 데이터,2022,2022-03-28,3,월요일,1,저학년,2교시,10:10,교실·학습공간,수업·실습,부딪힘·충돌
SAMPLE-02288,합성 예시 데이터,2023,2023-08-17,8,목요일,2,저학년,5교시,13:26,교실·학습공간,수업·실습,넘어짐
SAMPLE-02289,합성 예시 데이터,2025,2025-08-18,8,월요일,3,고학년,쉬는시간,11:03,교실·학습공간,놀이·휴식,미끄러짐
SAMPLE-02290,합성 예시 데이터,2023,2023-10-23,10,월요일,3,고학년,6교시,14:11,강당·체육관,구기·라켓스포츠,부딪힘·충돌
SAMPLE-02291,합성 예시 데이터,2021,2021-04-28,4,수요일,5,고학년,2교시,10:09,운동장,기타 체육,부딪힘·충돌
SAMPLE-02292,합성 예시 데이터,2024,2024-08-23,8,금요일,1,저학년,1교시,09:32,계단·복도,이동·보행,넘어짐
SAMPLE-02293,합성 예시 데이터,2025,2025-05-08,5,목요일,1,저학년,점심시간,12:19,계단·복도,이동·보행,넘어짐
SAMPLE-02294,합성 예시 데이터,2024,2024-05-13,5,월요일,2,저학년,쉬는시간,09:49,계단·복도,이동·보행,추락
SAMPLE-02295,합성 예시 데이터,2021,2021-03-17,3,수요일,2,저학년,점심시간,12:26,급식·위생공간,식사·위생,기타
SAMPLE-02296,합성 예시 데이터,2022,2022-11-08,11,화요일,1,저학년,4교시,11:47,계단·복도,놀이·휴식,넘어짐
SAMPLE-02297,합성 예시 데이터,2023,2023-05-31,5,수요일,5,고학년,3교시,10:44,강당·체육관,구기·라켓스포츠,부딪힘·충돌
SAMPLE-02298,합성 예시 데이터,2024,2024-04-01,4,월요일,4,고학년,1교시,09:33,교실·학습공간,놀이·휴식,넘어짐
SAMPLE-02299,합성 예시 데이터,2025,2025-08-06,8,수요일,5,고학년,방과후,16:12,강당·체육관,구기·라켓스포츠,물체에 맞음
SAMPLE-02300,합성 예시 데이터,2022,2022-05-04,5,수요일,2,저학년,방과후,15:56,교실·학습공간,수업·실습,부딪힘·충돌
SAMPLE-02301,합성 예시 데이터,2025,2025-08-05,8,화요일,3,고학년,쉬는시간,10:37,교실·학습공간,수업·실습,부딪힘·충돌
SAMPLE-02302,합성 예시 데이터,2024,2024-07-23,7,화요일,5,고학년,하교,15:51,교문·외부동선,이동·보행,미끄러짐
SAMPLE-02303,합성 예시 데이터,2023,2023-07-11,7,화요일,5,고학년,쉬는시간,13:57,계단·복도,놀이·휴식,넘어짐
SAMPLE-02304,합성 예시 데이터,2022,2022-05-26,5,목요일,2,저학년,방과후,15:49,강당·체육관,이동·보행,부딪힘·충돌
SAMPLE-02305,합성 예시 데이터,2022,2022-10-04,10,화요일,5,고학년,점심시간,12:10,급식·위생공간,이동·보행,부딪힘·충돌
SAMPLE-02306,합성 예시 데이터,2025,2025-05-15,5,목요일,5,고학년,방과후,15:58,계단·복도,기타,기타
SAMPLE-02307,합성 예시 데이터,2022,2022-06-22,6,수요일,6,고학년,점심시간,12:22,계단·복도,이동·보행,넘어짐
SAMPLE-02308,합성 예시 데이터,2021,2021-03-11,3,목요일,4,고학년,6교시,14:06,교실·학습공간,이동·보행,추락
SAMPLE-02309,합성 예시 데이터,2022,2022-10-27,10,목요일,3,고학년,6교시,14:05,교실·학습공간,놀이·휴식,넘어짐
SAMPLE-02310,합성 예시 데이터,2025,2025-03-13,3,목요일,5,고학년,점심시간,12:28,급식·위생공간,식사·위생,화상
SAMPLE-02311,합성 예시 데이터,2021,2021-05-12,5,수요일,1,저학년,쉬는시간,13:48,계단·복도,이동·보행,부딪힘·충돌
SAMPLE-02312,합성 예시 데이터,2021,2021-09-23,9,목요일,4,고학년,6교시,14:23,강당·체육관,구기·라켓스포츠,부딪힘·충돌
SAMPLE-02313,합성 예시 데이터,2022,2022-08-26,8,금요일,4,고학년,쉬는시간,09:53,운동장,구기·라켓스포츠,넘어짐
SAMPLE-02314,합성 예시 데이터,2025,2025-11-24,11,월요일,2,저학년,쉬는시간,13:25,교실·학습공간,수업·실습,기타
SAMPLE-02315,합성 예시 데이터,2021,2021-12-15,12,수요일,6,고학년,5교시,13:41,강당·체육관,기타 체육,부딪힘·충돌
SAMPLE-02316,합성 예시 데이터,2025,2025-05-28,5,수요일,6,고학년,쉬는시간,12:07,계단·복도,이동·보행,미끄러짐
SAMPLE-02317,합성 예시 데이터,2025,2025-04-15,4,화요일,4,고학년,하교,15:11,교문·외부동선,교통·탑승,부딪힘·충돌
SAMPLE-02318,합성 예시 데이터,2025,2025-12-11,12,목요일,3,고학년,등교 전,08:39,교실·학습공간,수업·실습,넘어짐
SAMPLE-02319,합성 예시 데이터,2025,2025-03-24,3,월요일,5,고학년,점심시간,12:18,급식·위생공간,놀이·휴식,넘어짐
SAMPLE-02320,합성 예시 데이터,2022,2022-04-25,4,월요일,2,저학년,쉬는시간,11:56,교실·학습공간,수업·실습,물체에 맞음
SAMPLE-02321,합성 예시 데이터,2025,2025-04-10,4,목요일,5,고학년,5교시,13:33,운동장,구기·라켓스포츠,기타
SAMPLE-02322,합성 예시 데이터,2023,2023-08-16,8,수요일,1,저학년,쉬는시간,13:18,계단·복도,이동·보행,넘어짐
SAMPLE-02323,합성 예시 데이터,2024,2024-07-19,7,금요일,2,저학년,6교시,14:03,교실·학습공간,수업·실습,기타
SAMPLE-02324,합성 예시 데이터,2023,2023-06-16,6,금요일,6,고학년,1교시,09:10,강당·체육관,기타 체육,기타
SAMPLE-02325,합성 예시 데이터,2022,2022-08-04,8,목요일,6,고학년,점심시간,12:31,계단·복도,이동·보행,추락
SAMPLE-02326,합성 예시 데이터,2022,2022-09-14,9,수요일,1,저학년,쉬는시간,09:44,운동장,기타 체육,넘어짐
SAMPLE-02327,합성 예시 데이터,2025,2025-09-15,9,월요일,3,고학년,6교시,14:17,교실·학습공간,수업·실습,넘어짐
SAMPLE-02328,합성 예시 데이터,2022,2022-11-02,11,수요일,6,고학년,점심시간,12:56,급식·위생공간,이동·보행,넘어짐
SAMPLE-02329,합성 예시 데이터,2021,2021-11-08,11,월요일,4,고학년,등교 전,08:39,교문·외부동선,놀이·휴식,넘어짐
SAMPLE-02330,합성 예시 데이터,2022,2022-04-07,4,목요일,2,저학년,4교시,11:54,계단·복도,이동·보행,넘어짐
SAMPLE-02331,합성 예시 데이터,2022,2022-09-19,9,월요일,4,고학년,등교 전,08:00,교문·외부동선,교통·탑승,기타
SAMPLE-02332,합성 예시 데이터,2023,2023-06-06,6,화요일,4,고학년,하교,16:37,교실·학습공간,이동·보행,추락
SAMPLE-02333,합성 예시 데이터,2025,2025-12-12,12,금요일,6,고학년,3교시,11:12,계단·복도,이동·보행,미끄러짐
SAMPLE-02334,합성 예시 데이터,2021,2021-07-06,7,화요일,1,저학년,5교시,13:35,강당·체육관,구기·라켓스포츠,넘어짐
SAMPLE-02335,합성 예시 데이터,2025,2025-04-22,4,화요일,3,고학년,쉬는시간,10:51,계단·복도,이동·보행,부딪힘·충돌
SAMPLE-02336,합성 예시 데이터,2024,2024-11-07,11,목요일,1,저학년,하교,17:12,운동장,구기·라켓스포츠,넘어짐
SAMPLE-02337,합성 예시 데이터,2023,2023-11-03,11,금요일,3,고학년,6교시,13:51,교실·학습공간,놀이·휴식,넘어짐
SAMPLE-02338,합성 예시 데이터,2024,2024-05-17,5,금요일,5,고학년,하교,17:10,교문·외부동선,놀이·휴식,부딪힘·충돌
SAMPLE-02339,합성 예시 데이터,2022,2022-09-27,9,화요일,2,저학년,점심시간,12:21,운동장,이동·보행,넘어짐
SAMPLE-02340,합성 예시 데이터,2021,2021-12-15,12,수요일,5,고학년,쉬는시간,12:59,계단·복도,놀이·휴식,넘어짐
SAMPLE-02341,합성 예시 데이터,2023,2023-08-03,8,목요일,2,저학년,쉬는시간,11:15,계단·복도,이동·보행,부딪힘·충돌
SAMPLE-02342,합성 예시 데이터,2023,2023-07-17,7,월요일,4,고학년,6교시,14:21,계단·복도,놀이·휴식,부딪힘·충돌
SAMPLE-02343,합성 예시 데이터,2021,2021-04-06,4,화요일,3,고학년,하교,16:15,교문·외부동선,교통·탑승,넘어짐
SAMPLE-02344,합성 예시 데이터,2024,2024-07-25,7,목요일,5,고학년,방과후,16:13,교실·학습공간,수업·실습,넘어짐
SAMPLE-02345,합성 예시 데이터,2021,2021-03-01,3,월요일,2,저학년,점심시간,12:31,계단·복도,이동·보행,미끄러짐
SAMPLE-02346,합성 예시 데이터,2022,2022-11-14,11,월요일,2,저학년,쉬는시간,12:51,교실·학습공간,놀이·휴식,부딪힘·충돌
SAMPLE-02347,합성 예시 데이터,2022,2022-07-27,7,수요일,4,고학년,쉬는시간,11:46,계단·복도,놀이·휴식,부딪힘·충돌
SAMPLE-02348,합성 예시 데이터,2022,2022-05-02,5,월요일,6,고학년,쉬는시간,12:25,계단·복도,이동·보행,추락
SAMPLE-02349,합성 예시 데이터,2024,2024-10-21,10,월요일,5,고학년,쉬는시간,13:27,계단·복도,이동·보행,추락
SAMPLE-02350,합성 예시 데이터,2024,2024-11-21,11,목요일,4,고학년,1교시,09:47,강당·체육관,이동·보행,부딪힘·충돌
SAMPLE-02351,합성 예시 데이터,2022,2022-09-26,9,월요일,6,고학년,3교시,10:57,계단·복도,이동·보행,부딪힘·충돌
SAMPLE-02352,합성 예시 데이터,2025,2025-12-01,12,월요일,2,저학년,점심시간,12:14,급식·위생공간,식사·위생,넘어짐
SAMPLE-02353,합성 예시 데이터,2024,2024-07-26,7,금요일,3,고학년,4교시,11:49,계단·복도,이동·보행,넘어짐
SAMPLE-02354,합성 예시 데이터,2023,2023-10-30,10,월요일,5,고학년,6교시,13:57,강당·체육관,기타 체육,기타
SAMPLE-02355,합성 예시 데이터,2025,2025-03-03,3,월요일,4,고학년,5교시,13:26,강당·체육관,이동·보행,부딪힘·충돌
SAMPLE-02356,합성 예시 데이터,2023,2023-06-01,6,목요일,5,고학년,방과후,16:11,교실·학습공간,놀이·휴식,부딪힘·충돌
SAMPLE-02357,합성 예시 데이터,2025,2025-10-02,10,목요일,4,고학년,쉬는시간,13:07,계단·복도,놀이·휴식,넘어짐
SAMPLE-02358,합성 예시 데이터,2021,2021-10-22,10,금요일,5,고학년,1교시,09:01,계단·복도,기타,부딪힘·충돌
SAMPLE-02359,합성 예시 데이터,2025,2025-09-15,9,월요일,6,고학년,2교시,09:52,교실·학습공간,이동·보행,넘어짐
SAMPLE-02360,합성 예시 데이터,2025,2025-09-09,9,화요일,5,고학년,쉬는시간,10:49,교실·학습공간,이동·보행,넘어짐
SAMPLE-02361,합성 예시 데이터,2022,2022-09-28,9,수요일,6,고학년,점심시간,12:56,급식·위생공간,식사·위생,기타
SAMPLE-02362,합성 예시 데이터,2023,2023-06-07,6,수요일,4,고학년,4교시,11:30,교실·학습공간,놀이·휴식,넘어짐
SAMPLE-02363,합성 예시 데이터,2025,2025-08-21,8,목요일,4,고학년,방과후,14:43,운동장,기타 체육,부딪힘·충돌
SAMPLE-02364,합성 예시 데이터,2022,2022-06-14,6,화요일,4,고학년,2교시,10:02,운동장,구기·라켓스포츠,물체에 맞음
SAMPLE-02365,합성 예시 데이터,2024,2024-05-14,5,화요일,6,고학년,점심시간,12:35,급식·위생공간,식사·위생,화상
SAMPLE-02366,합성 예시 데이터,2023,2023-05-15,5,월요일,1,저학년,쉬는시간,13:31,계단·복도,이동·보행,추락
SAMPLE-02367,합성 예시 데이터,2024,2024-05-22,5,수요일,6,고학년,쉬는시간,10:15,운동장,구기·라켓스포츠,물체에 맞음
SAMPLE-02368,합성 예시 데이터,2023,2023-04-05,4,수요일,2,저학년,하교,16:19,계단·복도,이동·보행,넘어짐
SAMPLE-02369,합성 예시 데이터,2023,2023-05-18,5,목요일,4,고학년,6교시,14:02,운동장,구기·라켓스포츠,부딪힘·충돌
SAMPLE-02370,합성 예시 데이터,2024,2024-06-07,6,금요일,5,고학년,1교시,09:35,운동장,구기·라켓스포츠,부딪힘·충돌
SAMPLE-02371,합성 예시 데이터,2021,2021-12-09,12,목요일,2,저학년,쉬는시간,13:41,교실·학습공간,수업·실습,부딪힘·충돌
SAMPLE-02372,합성 예시 데이터,2022,2022-11-22,11,화요일,4,고학년,등교 전,07:46,교문·외부동선,이동·보행,넘어짐
SAMPLE-02373,합성 예시 데이터,2023,2023-07-20,7,목요일,1,저학년,5교시,13:30,강당·체육관,구기·라켓스포츠,물체에 맞음
SAMPLE-02374,합성 예시 데이터,2022,2022-10-03,10,월요일,6,고학년,4교시,11:37,운동장,이동·보행,미끄러짐
SAMPLE-02375,합성 예시 데이터,2023,2023-04-05,4,수요일,6,고학년,6교시,14:28,운동장,구기·라켓스포츠,부딪힘·충돌
SAMPLE-02376,합성 예시 데이터,2021,2021-05-20,5,목요일,5,고학년,쉬는시간,09:55,운동장,놀이·휴식,부딪힘·충돌
SAMPLE-02377,합성 예시 데이터,2022,2022-03-28,3,월요일,5,고학년,점심시간,12:14,계단·복도,놀이·휴식,미끄러짐
SAMPLE-02378,합성 예시 데이터,2022,2022-06-07,6,화요일,2,저학년,쉬는시간,10:46,계단·복도,이동·보행,미끄러짐
SAMPLE-02379,합성 예시 데이터,2025,2025-09-25,9,목요일,6,고학년,방과후,14:52,계단·복도,놀이·휴식,넘어짐
SAMPLE-02380,합성 예시 데이터,2025,2025-12-19,12,금요일,3,고학년,방과후,15:51,운동장,이동·보행,부딪힘·충돌
SAMPLE-02381,합성 예시 데이터,2023,2023-03-23,3,목요일,6,고학년,4교시,11:54,운동장,기타 체육,추락
SAMPLE-02382,합성 예시 데이터,2023,2023-11-15,11,수요일,3,고학년,1교시,09:15,운동장,구기·라켓스포츠,부딪힘·충돌
SAMPLE-02383,합성 예시 데이터,2024,2024-09-05,9,목요일,1,저학년,1교시,09:05,교실·학습공간,놀이·휴식,부딪힘·충돌
SAMPLE-02384,합성 예시 데이터,2024,2024-05-30,5,목요일,5,고학년,점심시간,12:26,급식·위생공간,식사·위생,넘어짐
SAMPLE-02385,합성 예시 데이터,2025,2025-11-07,11,금요일,1,저학년,1교시,09:46,운동장,기타 체육,넘어짐
SAMPLE-02386,합성 예시 데이터,2022,2022-05-18,5,수요일,2,저학년,쉬는시간,13:22,화장실·위생공간,식사·위생,미끄러짐
SAMPLE-02387,합성 예시 데이터,2021,2021-06-07,6,월요일,6,고학년,5교시,13:37,강당·체육관,구기·라켓스포츠,물체에 맞음
SAMPLE-02388,합성 예시 데이터,2025,2025-04-01,4,화요일,5,고학년,점심시간,12:51,교실·학습공간,수업·실습,부딪힘·충돌
SAMPLE-02389,합성 예시 데이터,2021,2021-08-31,8,화요일,3,고학년,점심시간,12:55,교실·학습공간,수업·실습,부딪힘·충돌
SAMPLE-02390,합성 예시 데이터,2022,2022-12-06,12,화요일,3,고학년,쉬는시간,11:58,화장실·위생공간,이동·보행,넘어짐
SAMPLE-02391,합성 예시 데이터,2025,2025-08-05,8,화요일,6,고학년,점심시간,12:28,계단·복도,이동·보행,부딪힘·충돌
SAMPLE-02392,합성 예시 데이터,2024,2024-08-26,8,월요일,6,고학년,하교,15:35,교실·학습공간,수업·실습,부딪힘·충돌
SAMPLE-02393,합성 예시 데이터,2023,2023-11-21,11,화요일,1,저학년,쉬는시간,10:47,계단·복도,이동·보행,추락
SAMPLE-02394,합성 예시 데이터,2023,2023-03-10,3,금요일,3,고학년,6교시,14:10,강당·체육관,구기·라켓스포츠,부딪힘·충돌
SAMPLE-02395,합성 예시 데이터,2025,2025-06-26,6,목요일,2,저학년,하교,16:28,계단·복도,이동·보행,넘어짐
SAMPLE-02396,합성 예시 데이터,2023,2023-05-10,5,수요일,3,고학년,2교시,10:39,교실·학습공간,수업·실습,부딪힘·충돌
SAMPLE-02397,합성 예시 데이터,2024,2024-11-21,11,목요일,4,고학년,쉬는시간,14:08,교실·학습공간,놀이·휴식,미끄러짐
SAMPLE-02398,합성 예시 데이터,2022,2022-07-05,7,화요일,3,고학년,2교시,10:21,교실·학습공간,수업·실습,물체에 맞음
SAMPLE-02399,합성 예시 데이터,2023,2023-07-26,7,수요일,5,고학년,6교시,14:01,교실·학습공간,놀이·휴식,넘어짐
SAMPLE-02400,합성 예시 데이터,2023,2023-08-16,8,수요일,3,고학년,방과후,16:22,운동장,구기·라켓스포츠,부딪힘·충돌
SAMPLE-02401,합성 예시 데이터,2024,2024-12-11,12,수요일,4,고학년,5교시,13:08,계단·복도,놀이·휴식,부딪힘·충돌
SAMPLE-02402,합성 예시 데이터,2024,2024-05-01,5,수요일,5,고학년,방과후,15:08,운동장,구기·라켓스포츠,부딪힘·충돌
SAMPLE-02403,합성 예시 데이터,2022,2022-08-05,8,금요일,4,고학년,1교시,09:09,교실·학습공간,놀이·휴식,넘어짐
SAMPLE-02404,합성 예시 데이터,2024,2024-10-14,10,월요일,5,고학년,5교시,13:24,강당·체육관,기타 체육,넘어짐
SAMPLE-02405,합성 예시 데이터,2025,2025-07-25,7,금요일,5,고학년,쉬는시간,12:53,계단·복도,이동·보행,넘어짐
SAMPLE-02406,합성 예시 데이터,2022,2022-03-28,3,월요일,2,저학년,6교시,14:22,교실·학습공간,놀이·휴식,부딪힘·충돌
SAMPLE-02407,합성 예시 데이터,2023,2023-04-21,4,금요일,6,고학년,1교시,09:02,교실·학습공간,놀이·휴식,넘어짐
SAMPLE-02408,합성 예시 데이터,2022,2022-06-01,6,수요일,5,고학년,6교시,14:26,강당·체육관,기타 체육,기타
SAMPLE-02409,합성 예시 데이터,2025,2025-03-11,3,화요일,6,고학년,5교시,13:02,교실·학습공간,수업·실습,부딪힘·충돌
SAMPLE-02410,합성 예시 데이터,2022,2022-09-28,9,수요일,6,고학년,4교시,11:43,강당·체육관,구기·라켓스포츠,부딪힘·충돌
SAMPLE-02411,합성 예시 데이터,2024,2024-09-20,9,금요일,3,고학년,2교시,10:18,강당·체육관,구기·라켓스포츠,부딪힘·충돌
SAMPLE-02412,합성 예시 데이터,2025,2025-12-03,12,수요일,6,고학년,5교시,13:29,교실·학습공간,수업·실습,부딪힘·충돌
SAMPLE-02413,합성 예시 데이터,2024,2024-03-27,3,수요일,5,고학년,쉬는시간,13:38,화장실·위생공간,식사·위생,넘어짐
SAMPLE-02414,합성 예시 데이터,2023,2023-11-06,11,월요일,3,고학년,6교시,14:18,교실·학습공간,놀이·휴식,부딪힘·충돌
SAMPLE-02415,합성 예시 데이터,2025,2025-08-20,8,수요일,6,고학년,쉬는시간,13:01,교실·학습공간,수업·실습,넘어짐
SAMPLE-02416,합성 예시 데이터,2025,2025-07-04,7,금요일,3,고학년,쉬는시간,11:21,운동장,구기·라켓스포츠,부딪힘·충돌
SAMPLE-02417,합성 예시 데이터,2025,2025-08-27,8,수요일,2,저학년,점심시간,12:58,교실·학습공간,수업·실습,부딪힘·충돌
SAMPLE-02418,합성 예시 데이터,2024,2024-09-12,9,목요일,5,고학년,등교 전,07:40,운동장,기타 체육,기타
SAMPLE-02419,합성 예시 데이터,2025,2025-10-06,10,월요일,5,고학년,5교시,13:24,교실·학습공간,수업·실습,물체에 맞음
SAMPLE-02420,합성 예시 데이터,2024,2024-05-01,5,수요일,4,고학년,쉬는시간,10:07,운동장,구기·라켓스포츠,넘어짐
SAMPLE-02421,합성 예시 데이터,2022,2022-09-07,9,수요일,6,고학년,쉬는시간,14:09,교실·학습공간,수업·실습,물체에 맞음
SAMPLE-02422,합성 예시 데이터,2024,2024-11-04,11,월요일,2,저학년,2교시,10:20,운동장,구기·라켓스포츠,물체에 맞음
SAMPLE-02423,합성 예시 데이터,2023,2023-03-29,3,수요일,1,저학년,1교시,09:01,운동장,기타 체육,넘어짐
SAMPLE-02424,합성 예시 데이터,2025,2025-04-18,4,금요일,4,고학년,5교시,13:01,교실·학습공간,놀이·휴식,기타
SAMPLE-02425,합성 예시 데이터,2025,2025-10-15,10,수요일,1,저학년,쉬는시간,13:05,화장실·위생공간,식사·위생,넘어짐
SAMPLE-02426,합성 예시 데이터,2022,2022-03-31,3,목요일,6,고학년,쉬는시간,13:39,교실·학습공간,이동·보행,미끄러짐
SAMPLE-02427,합성 예시 데이터,2025,2025-04-18,4,금요일,5,고학년,점심시간,12:42,급식·위생공간,이동·보행,넘어짐
SAMPLE-02428,합성 예시 데이터,2023,2023-11-24,11,금요일,4,고학년,2교시,10:03,교실·학습공간,이동·보행,부딪힘·충돌
SAMPLE-02429,합성 예시 데이터,2025,2025-10-31,10,금요일,5,고학년,쉬는시간,13:23,운동장,구기·라켓스포츠,기타
SAMPLE-02430,합성 예시 데이터,2025,2025-10-09,10,목요일,6,고학년,4교시,12:06,교실·학습공간,놀이·휴식,넘어짐
SAMPLE-02431,합성 예시 데이터,2022,2022-03-08,3,화요일,2,저학년,5교시,13:23,운동장,구기·라켓스포츠,넘어짐
SAMPLE-02432,합성 예시 데이터,2025,2025-07-31,7,목요일,5,고학년,쉬는시간,12:42,화장실·위생공간,이동·보행,미끄러짐
SAMPLE-02433,합성 예시 데이터,2024,2024-11-01,11,금요일,5,고학년,2교시,10:16,강당·체육관,구기·라켓스포츠,물체에 맞음
SAMPLE-02434,합성 예시 데이터,2022,2022-09-09,9,금요일,6,고학년,1교시,09:04,운동장,구기·라켓스포츠,넘어짐
SAMPLE-02435,합성 예시 데이터,2025,2025-08-14,8,목요일,2,저학년,방과후,15:20,계단·복도,이동·보행,부딪힘·충돌
SAMPLE-02436,합성 예시 데이터,2021,2021-10-19,10,화요일,5,고학년,1교시,09:07,교실·학습공간,이동·보행,미끄러짐
SAMPLE-02437,합성 예시 데이터,2025,2025-12-11,12,목요일,5,고학년,5교시,13:43,운동장,구기·라켓스포츠,부딪힘·충돌
SAMPLE-02438,합성 예시 데이터,2021,2021-09-15,9,수요일,2,저학년,2교시,10:06,운동장,기타 체육,부딪힘·충돌
SAMPLE-02439,합성 예시 데이터,2025,2025-12-03,12,수요일,1,저학년,4교시,11:58,운동장,놀이·휴식,넘어짐
SAMPLE-02440,합성 예시 데이터,2022,2022-03-08,3,화요일,5,고학년,점심시간,12:17,교실·학습공간,수업·실습,넘어짐
SAMPLE-02441,합성 예시 데이터,2024,2024-12-11,12,수요일,3,고학년,5교시,13:14,강당·체육관,구기·라켓스포츠,부딪힘·충돌
SAMPLE-02442,합성 예시 데이터,2021,2021-11-25,11,목요일,3,고학년,6교시,13:57,계단·복도,기타,넘어짐
SAMPLE-02443,합성 예시 데이터,2025,2025-07-01,7,화요일,5,고학년,5교시,13:14,운동장,기타 체육,부딪힘·충돌
SAMPLE-02444,합성 예시 데이터,2023,2023-06-12,6,월요일,5,고학년,하교,14:22,계단·복도,이동·보행,부딪힘·충돌
SAMPLE-02445,합성 예시 데이터,2021,2021-03-04,3,목요일,3,고학년,쉬는시간,13:36,화장실·위생공간,이동·보행,추락
SAMPLE-02446,합성 예시 데이터,2022,2022-07-07,7,목요일,4,고학년,점심시간,12:43,계단·복도,놀이·휴식,미끄러짐
SAMPLE-02447,합성 예시 데이터,2022,2022-11-07,11,월요일,1,저학년,쉬는시간,13:11,계단·복도,이동·보행,부딪힘·충돌
SAMPLE-02448,합성 예시 데이터,2023,2023-10-17,10,화요일,1,저학년,4교시,11:37,운동장,구기·라켓스포츠,물체에 맞음
SAMPLE-02449,합성 예시 데이터,2025,2025-08-28,8,목요일,6,고학년,5교시,13:43,강당·체육관,기타 체육,부딪힘·충돌
SAMPLE-02450,합성 예시 데이터,2023,2023-12-13,12,수요일,6,고학년,쉬는시간,10:22,화장실·위생공간,식사·위생,미끄러짐
SAMPLE-02451,합성 예시 데이터,2025,2025-06-17,6,화요일,2,저학년,4교시,11:39,교실·학습공간,이동·보행,넘어짐
SAMPLE-02452,합성 예시 데이터,2023,2023-12-08,12,금요일,5,고학년,5교시,13:04,강당·체육관,구기·라켓스포츠,물체에 맞음
SAMPLE-02453,합성 예시 데이터,2022,2022-06-10,6,금요일,2,저학년,2교시,10:37,교실·학습공간,수업·실습,넘어짐
SAMPLE-02454,합성 예시 데이터,2023,2023-04-24,4,월요일,2,저학년,3교시,10:54,운동장,이동·보행,미끄러짐
SAMPLE-02455,합성 예시 데이터,2022,2022-06-08,6,수요일,2,저학년,5교시,13:14,교실·학습공간,놀이·휴식,부딪힘·충돌
SAMPLE-02456,합성 예시 데이터,2021,2021-05-06,5,목요일,3,고학년,5교시,13:38,강당·체육관,구기·라켓스포츠,기타
SAMPLE-02457,합성 예시 데이터,2022,2022-04-12,4,화요일,6,고학년,등교 전,07:44,교문·외부동선,교통·탑승,부딪힘·충돌
SAMPLE-02458,합성 예시 데이터,2025,2025-10-09,10,목요일,4,고학년,2교시,09:58,교실·학습공간,수업·실습,기타
SAMPLE-02459,합성 예시 데이터,2025,2025-06-12,6,목요일,2,저학년,하교,14:31,교문·외부동선,교통·탑승,넘어짐
SAMPLE-02460,합성 예시 데이터,2022,2022-12-19,12,월요일,6,고학년,5교시,13:15,강당·체육관,구기·라켓스포츠,부딪힘·충돌
SAMPLE-02461,합성 예시 데이터,2021,2021-08-02,8,월요일,4,고학년,5교시,13:02,교실·학습공간,놀이·휴식,넘어짐
SAMPLE-02462,합성 예시 데이터,2021,2021-09-30,9,목요일,3,고학년,1교시,09:06,운동장,구기·라켓스포츠,기타
SAMPLE-02463,합성 예시 데이터,2024,2024-07-19,7,금요일,4,고학년,등교 전,08:57,교실·학습공간,수업·실습,물체에 맞음
SAMPLE-02464,합성 예시 데이터,2025,2025-08-11,8,월요일,2,저학년,쉬는시간,13:27,화장실·위생공간,식사·위생,미끄러짐
SAMPLE-02465,합성 예시 데이터,2021,2021-09-24,9,금요일,2,저학년,1교시,09:39,운동장,기타 체육,넘어짐
SAMPLE-02466,합성 예시 데이터,2021,2021-09-17,9,금요일,4,고학년,점심시간,12:59,교실·학습공간,놀이·휴식,부딪힘·충돌
SAMPLE-02467,합성 예시 데이터,2021,2021-06-01,6,화요일,2,저학년,4교시,11:35,강당·체육관,구기·라켓스포츠,넘어짐
SAMPLE-02468,합성 예시 데이터,2023,2023-08-09,8,수요일,6,고학년,쉬는시간,09:47,교실·학습공간,이동·보행,넘어짐
SAMPLE-02469,합성 예시 데이터,2022,2022-06-14,6,화요일,2,저학년,방과후,16:51,운동장,기타 체육,추락
SAMPLE-02470,합성 예시 데이터,2025,2025-08-05,8,화요일,6,고학년,방과후,16:41,운동장,기타 체육,부딪힘·충돌
SAMPLE-02471,합성 예시 데이터,2025,2025-11-06,11,목요일,6,고학년,쉬는시간,14:17,교실·학습공간,이동·보행,넘어짐
SAMPLE-02472,합성 예시 데이터,2025,2025-07-02,7,수요일,2,저학년,5교시,13:32,운동장,구기·라켓스포츠,물체에 맞음
SAMPLE-02473,합성 예시 데이터,2025,2025-04-02,4,수요일,5,고학년,4교시,11:44,교실·학습공간,수업·실습,부딪힘·충돌
SAMPLE-02474,합성 예시 데이터,2024,2024-08-30,8,금요일,3,고학년,하교,16:53,운동장,놀이·휴식,부딪힘·충돌
SAMPLE-02475,합성 예시 데이터,2021,2021-06-03,6,목요일,4,고학년,쉬는시간,13:56,화장실·위생공간,이동·보행,넘어짐
SAMPLE-02476,합성 예시 데이터,2022,2022-11-04,11,금요일,6,고학년,점심시간,12:30,급식·위생공간,식사·위생,화상
SAMPLE-02477,합성 예시 데이터,2025,2025-12-11,12,목요일,4,고학년,쉬는시간,13:10,화장실·위생공간,식사·위생,기타
SAMPLE-02478,합성 예시 데이터,2024,2024-05-20,5,월요일,4,고학년,방과후,14:46,운동장,구기·라켓스포츠,부딪힘·충돌
SAMPLE-02479,합성 예시 데이터,2025,2025-05-06,5,화요일,1,저학년,1교시,09:16,운동장,구기·라켓스포츠,부딪힘·충돌
SAMPLE-02480,합성 예시 데이터,2021,2021-05-11,5,화요일,2,저학년,5교시,13:25,강당·체육관,기타 체육,추락
SAMPLE-02481,합성 예시 데이터,2024,2024-11-21,11,목요일,2,저학년,쉬는시간,09:40,운동장,놀이·휴식,넘어짐
SAMPLE-02482,합성 예시 데이터,2023,2023-08-01,8,화요일,5,고학년,하교,14:00,교문·외부동선,이동·보행,추락
SAMPLE-02483,합성 예시 데이터,2024,2024-03-08,3,금요일,5,고학년,5교시,13:18,운동장,놀이·휴식,미끄러짐
SAMPLE-02484,합성 예시 데이터,2025,2025-07-01,7,화요일,4,고학년,하교,14:35,계단·복도,이동·보행,넘어짐
SAMPLE-02485,합성 예시 데이터,2025,2025-09-26,9,금요일,1,저학년,점심시간,12:22,교실·학습공간,놀이·휴식,부딪힘·충돌
SAMPLE-02486,합성 예시 데이터,2022,2022-03-24,3,목요일,3,고학년,하교,14:01,교문·외부동선,이동·보행,넘어짐
SAMPLE-02487,합성 예시 데이터,2023,2023-04-11,4,화요일,2,저학년,하교,14:02,운동장,이동·보행,넘어짐
SAMPLE-02488,합성 예시 데이터,2025,2025-04-11,4,금요일,1,저학년,하교,14:38,운동장,기타 체육,추락
SAMPLE-02489,합성 예시 데이터,2024,2024-10-18,10,금요일,6,고학년,점심시간,12:56,교실·학습공간,수업·실습,부딪힘·충돌
SAMPLE-02490,합성 예시 데이터,2022,2022-09-20,9,화요일,2,저학년,점심시간,12:49,급식·위생공간,식사·위생,기타
SAMPLE-02491,합성 예시 데이터,2025,2025-08-26,8,화요일,5,고학년,4교시,11:30,운동장,놀이·휴식,넘어짐
SAMPLE-02492,합성 예시 데이터,2023,2023-12-06,12,수요일,5,고학년,쉬는시간,12:37,계단·복도,이동·보행,넘어짐
SAMPLE-02493,합성 예시 데이터,2022,2022-12-15,12,목요일,1,저학년,등교 전,08:22,교문·외부동선,이동·보행,추락
SAMPLE-02494,합성 예시 데이터,2021,2021-04-27,4,화요일,5,고학년,5교시,13:18,교실·학습공간,놀이·휴식,부딪힘·충돌
SAMPLE-02495,합성 예시 데이터,2025,2025-08-18,8,월요일,2,저학년,쉬는시간,10:43,계단·복도,이동·보행,넘어짐
SAMPLE-02496,합성 예시 데이터,2025,2025-08-18,8,월요일,6,고학년,점심시간,12:29,교실·학습공간,놀이·휴식,넘어짐
SAMPLE-02497,합성 예시 데이터,2025,2025-06-23,6,월요일,1,저학년,쉬는시간,14:00,계단·복도,이동·보행,부딪힘·충돌
SAMPLE-02498,합성 예시 데이터,2021,2021-10-18,10,월요일,6,고학년,방과후,14:52,운동장,놀이·휴식,부딪힘·충돌
SAMPLE-02499,합성 예시 데이터,2024,2024-03-04,3,월요일,6,고학년,1교시,09:07,교실·학습공간,수업·실습,기타
SAMPLE-02500,합성 예시 데이터,2022,2022-06-20,6,월요일,4,고학년,쉬는시간,13:57,계단·복도,이동·보행,추락
SAMPLE-02501,합성 예시 데이터,2022,2022-06-17,6,금요일,5,고학년,2교시,10:31,계단·복도,이동·보행,미끄러짐
SAMPLE-02502,합성 예시 데이터,2024,2024-09-30,9,월요일,5,고학년,방과후,14:58,운동장,구기·라켓스포츠,부딪힘·충돌
SAMPLE-02503,합성 예시 데이터,2022,2022-05-20,5,금요일,1,저학년,5교시,13:14,교실·학습공간,수업·실습,부딪힘·충돌
SAMPLE-02504,합성 예시 데이터,2023,2023-08-22,8,화요일,6,고학년,5교시,13:31,교실·학습공간,수업·실습,물체에 맞음
SAMPLE-02505,합성 예시 데이터,2022,2022-06-06,6,월요일,5,고학년,3교시,10:51,운동장,구기·라켓스포츠,넘어짐
SAMPLE-02506,합성 예시 데이터,2024,2024-07-17,7,수요일,3,고학년,점심시간,12:25,계단·복도,이동·보행,부딪힘·충돌
SAMPLE-02507,합성 예시 데이터,2023,2023-09-01,9,금요일,3,고학년,쉬는시간,10:31,계단·복도,이동·보행,넘어짐
SAMPLE-02508,합성 예시 데이터,2021,2021-05-11,5,화요일,4,고학년,점심시간,12:57,계단·복도,이동·보행,부딪힘·충돌
SAMPLE-02509,합성 예시 데이터,2025,2025-11-03,11,월요일,2,저학년,3교시,11:04,교실·학습공간,수업·실습,넘어짐
SAMPLE-02510,합성 예시 데이터,2021,2021-05-11,5,화요일,6,고학년,쉬는시간,10:53,운동장,구기·라켓스포츠,부딪힘·충돌
SAMPLE-02511,합성 예시 데이터,2025,2025-10-14,10,화요일,5,고학년,하교,16:57,계단·복도,기타,넘어짐
SAMPLE-02512,합성 예시 데이터,2023,2023-08-23,8,수요일,6,고학년,1교시,09:21,교실·학습공간,수업·실습,기타
SAMPLE-02513,합성 예시 데이터,2021,2021-03-09,3,화요일,5,고학년,1교시,09:46,교실·학습공간,수업·실습,기타
SAMPLE-02514,합성 예시 데이터,2022,2022-04-18,4,월요일,6,고학년,3교시,10:56,강당·체육관,구기·라켓스포츠,부딪힘·충돌
SAMPLE-02515,합성 예시 데이터,2024,2024-03-28,3,목요일,4,고학년,1교시,09:31,강당·체육관,이동·보행,추락
SAMPLE-02516,합성 예시 데이터,2025,2025-08-06,8,수요일,6,고학년,1교시,09:22,교실·학습공간,놀이·휴식,기타
SAMPLE-02517,합성 예시 데이터,2021,2021-11-10,11,수요일,1,저학년,쉬는시간,13:57,화장실·위생공간,식사·위생,넘어짐
SAMPLE-02518,합성 예시 데이터,2022,2022-10-20,10,목요일,5,고학년,점심시간,12:34,운동장,구기·라켓스포츠,기타
SAMPLE-02519,합성 예시 데이터,2025,2025-04-25,4,금요일,5,고학년,방과후,16:05,강당·체육관,기타 체육,부딪힘·충돌
SAMPLE-02520,합성 예시 데이터,2022,2022-04-25,4,월요일,5,고학년,4교시,12:04,강당·체육관,이동·보행,미끄러짐
SAMPLE-02521,합성 예시 데이터,2024,2024-08-01,8,목요일,3,고학년,5교시,13:32,교실·학습공간,놀이·휴식,부딪힘·충돌
SAMPLE-02522,합성 예시 데이터,2025,2025-05-27,5,화요일,6,고학년,4교시,12:05,강당·체육관,기타 체육,추락
SAMPLE-02523,합성 예시 데이터,2024,2024-05-15,5,수요일,5,고학년,방과후,15:45,계단·복도,이동·보행,부딪힘·충돌
SAMPLE-02524,합성 예시 데이터,2024,2024-03-29,3,금요일,4,고학년,하교,16:14,교문·외부동선,교통·탑승,넘어짐
SAMPLE-02525,합성 예시 데이터,2022,2022-12-13,12,화요일,4,고학년,6교시,14:02,운동장,이동·보행,미끄러짐
SAMPLE-02526,합성 예시 데이터,2023,2023-05-25,5,목요일,3,고학년,6교시,14:10,교실·학습공간,수업·실습,넘어짐
SAMPLE-02527,합성 예시 데이터,2022,2022-09-16,9,금요일,4,고학년,1교시,09:16,강당·체육관,구기·라켓스포츠,넘어짐
SAMPLE-02528,합성 예시 데이터,2024,2024-05-23,5,목요일,1,저학년,3교시,10:56,교실·학습공간,놀이·휴식,미끄러짐
SAMPLE-02529,합성 예시 데이터,2025,2025-08-07,8,목요일,6,고학년,3교시,11:11,교실·학습공간,놀이·휴식,넘어짐
SAMPLE-02530,합성 예시 데이터,2025,2025-09-03,9,수요일,3,고학년,점심시간,12:11,급식·위생공간,식사·위생,미끄러짐
SAMPLE-02531,합성 예시 데이터,2025,2025-07-24,7,목요일,2,저학년,5교시,13:36,계단·복도,놀이·휴식,부딪힘·충돌
SAMPLE-02532,합성 예시 데이터,2024,2024-05-23,5,목요일,1,저학년,하교,14:28,계단·복도,이동·보행,넘어짐
SAMPLE-02533,합성 예시 데이터,2022,2022-11-10,11,목요일,5,고학년,쉬는시간,12:22,화장실·위생공간,이동·보행,넘어짐
SAMPLE-02534,합성 예시 데이터,2025,2025-07-02,7,수요일,5,고학년,하교,14:27,운동장,놀이·휴식,기타
SAMPLE-02535,합성 예시 데이터,2021,2021-11-30,11,화요일,3,고학년,점심시간,12:21,계단·복도,이동·보행,넘어짐
SAMPLE-02536,합성 예시 데이터,2024,2024-11-01,11,금요일,1,저학년,점심시간,12:34,급식·위생공간,식사·위생,미끄러짐
SAMPLE-02537,합성 예시 데이터,2025,2025-07-07,7,월요일,6,고학년,3교시,11:00,계단·복도,이동·보행,넘어짐
SAMPLE-02538,합성 예시 데이터,2021,2021-05-13,5,목요일,4,고학년,2교시,10:13,교실·학습공간,놀이·휴식,넘어짐
SAMPLE-02539,합성 예시 데이터,2021,2021-07-29,7,목요일,5,고학년,3교시,11:29,운동장,이동·보행,미끄러짐
SAMPLE-02540,합성 예시 데이터,2024,2024-08-27,8,화요일,1,저학년,1교시,09:20,운동장,구기·라켓스포츠,넘어짐
SAMPLE-02541,합성 예시 데이터,2021,2021-06-17,6,목요일,4,고학년,4교시,11:50,강당·체육관,이동·보행,추락
SAMPLE-02542,합성 예시 데이터,2023,2023-04-27,4,목요일,2,저학년,1교시,09:36,계단·복도,이동·보행,미끄러짐
SAMPLE-02543,합성 예시 데이터,2021,2021-12-03,12,금요일,3,고학년,쉬는시간,11:31,교실·학습공간,수업·실습,물체에 맞음
SAMPLE-02544,합성 예시 데이터,2021,2021-11-15,11,월요일,1,저학년,방과후,16:08,교실·학습공간,수업·실습,물체에 맞음
SAMPLE-02545,합성 예시 데이터,2025,2025-06-12,6,목요일,5,고학년,3교시,11:13,강당·체육관,구기·라켓스포츠,부딪힘·충돌
SAMPLE-02546,합성 예시 데이터,2024,2024-03-13,3,수요일,5,고학년,5교시,13:43,계단·복도,이동·보행,추락
SAMPLE-02547,합성 예시 데이터,2024,2024-07-08,7,월요일,5,고학년,1교시,09:08,강당·체육관,이동·보행,부딪힘·충돌
SAMPLE-02548,합성 예시 데이터,2025,2025-03-10,3,월요일,2,저학년,5교시,13:11,운동장,구기·라켓스포츠,부딪힘·충돌
SAMPLE-02549,합성 예시 데이터,2021,2021-09-08,9,수요일,2,저학년,4교시,12:06,운동장,구기·라켓스포츠,부딪힘·충돌
SAMPLE-02550,합성 예시 데이터,2022,2022-05-02,5,월요일,6,고학년,6교시,14:14,강당·체육관,구기·라켓스포츠,부딪힘·충돌
SAMPLE-02551,합성 예시 데이터,2023,2023-03-09,3,목요일,6,고학년,점심시간,12:53,계단·복도,이동·보행,부딪힘·충돌
SAMPLE-02552,합성 예시 데이터,2025,2025-04-16,4,수요일,3,고학년,하교,16:52,교문·외부동선,이동·보행,넘어짐
SAMPLE-02553,합성 예시 데이터,2025,2025-03-28,3,금요일,3,고학년,4교시,11:50,강당·체육관,기타 체육,부딪힘·충돌
SAMPLE-02554,합성 예시 데이터,2021,2021-10-15,10,금요일,6,고학년,쉬는시간,10:29,운동장,놀이·휴식,부딪힘·충돌
SAMPLE-02555,합성 예시 데이터,2025,2025-03-24,3,월요일,6,고학년,2교시,10:30,교실·학습공간,수업·실습,넘어짐
SAMPLE-02556,합성 예시 데이터,2023,2023-09-01,9,금요일,2,저학년,쉬는시간,09:48,계단·복도,이동·보행,미끄러짐
SAMPLE-02557,합성 예시 데이터,2025,2025-04-30,4,수요일,3,고학년,3교시,11:21,강당·체육관,구기·라켓스포츠,물체에 맞음
SAMPLE-02558,합성 예시 데이터,2023,2023-09-14,9,목요일,3,고학년,등교 전,08:15,교문·외부동선,이동·보행,미끄러짐
SAMPLE-02559,합성 예시 데이터,2025,2025-07-24,7,목요일,5,고학년,등교 전,08:24,교실·학습공간,수업·실습,넘어짐
SAMPLE-02560,합성 예시 데이터,2025,2025-03-26,3,수요일,6,고학년,점심시간,12:36,급식·위생공간,식사·위생,미끄러짐
SAMPLE-02561,합성 예시 데이터,2024,2024-09-02,9,월요일,4,고학년,점심시간,12:44,교실·학습공간,수업·실습,물체에 맞음
SAMPLE-02562,합성 예시 데이터,2021,2021-08-18,8,수요일,4,고학년,6교시,14:03,강당·체육관,구기·라켓스포츠,넘어짐
SAMPLE-02563,합성 예시 데이터,2022,2022-06-21,6,화요일,6,고학년,5교시,13:32,교실·학습공간,놀이·휴식,기타
SAMPLE-02564,합성 예시 데이터,2022,2022-11-15,11,화요일,4,고학년,4교시,11:36,강당·체육관,구기·라켓스포츠,기타
SAMPLE-02565,합성 예시 데이터,2021,2021-05-13,5,목요일,1,저학년,쉬는시간,13:35,계단·복도,이동·보행,넘어짐
SAMPLE-02566,합성 예시 데이터,2024,2024-09-09,9,월요일,3,고학년,방과후,17:16,강당·체육관,구기·라켓스포츠,부딪힘·충돌
SAMPLE-02567,합성 예시 데이터,2021,2021-11-24,11,수요일,2,저학년,6교시,13:58,교실·학습공간,수업·실습,기타
SAMPLE-02568,합성 예시 데이터,2025,2025-10-22,10,수요일,3,고학년,쉬는시간,11:14,운동장,구기·라켓스포츠,물체에 맞음
SAMPLE-02569,합성 예시 데이터,2023,2023-10-16,10,월요일,4,고학년,하교,15:48,계단·복도,놀이·휴식,부딪힘·충돌
SAMPLE-02570,합성 예시 데이터,2023,2023-05-31,5,수요일,4,고학년,쉬는시간,12:20,화장실·위생공간,놀이·휴식,부딪힘·충돌
SAMPLE-02571,합성 예시 데이터,2021,2021-07-09,7,금요일,6,고학년,쉬는시간,11:20,교실·학습공간,놀이·휴식,부딪힘·충돌
SAMPLE-02572,합성 예시 데이터,2021,2021-07-08,7,목요일,5,고학년,쉬는시간,11:03,운동장,기타 체육,넘어짐
SAMPLE-02573,합성 예시 데이터,2024,2024-09-27,9,금요일,5,고학년,쉬는시간,13:35,계단·복도,놀이·휴식,넘어짐
SAMPLE-02574,합성 예시 데이터,2023,2023-05-04,5,목요일,2,저학년,쉬는시간,11:22,계단·복도,이동·보행,미끄러짐
SAMPLE-02575,합성 예시 데이터,2025,2025-03-27,3,목요일,3,고학년,3교시,10:43,운동장,구기·라켓스포츠,물체에 맞음
SAMPLE-02576,합성 예시 데이터,2024,2024-09-20,9,금요일,6,고학년,2교시,10:25,교실·학습공간,이동·보행,추락
SAMPLE-02577,합성 예시 데이터,2023,2023-11-13,11,월요일,1,저학년,쉬는시간,12:21,계단·복도,이동·보행,넘어짐
SAMPLE-02578,합성 예시 데이터,2025,2025-03-25,3,화요일,3,고학년,방과후,16:30,운동장,구기·라켓스포츠,부딪힘·충돌
SAMPLE-02579,합성 예시 데이터,2024,2024-11-05,11,화요일,5,고학년,5교시,13:49,교실·학습공간,놀이·휴식,미끄러짐
SAMPLE-02580,합성 예시 데이터,2021,2021-07-09,7,금요일,4,고학년,하교,17:25,교실·학습공간,수업·실습,기타
SAMPLE-02581,합성 예시 데이터,2023,2023-09-15,9,금요일,6,고학년,쉬는시간,13:41,교실·학습공간,놀이·휴식,넘어짐
SAMPLE-02582,합성 예시 데이터,2021,2021-12-01,12,수요일,5,고학년,하교,17:02,교문·외부동선,교통·탑승,넘어짐
SAMPLE-02583,합성 예시 데이터,2021,2021-07-26,7,월요일,3,고학년,점심시간,12:20,교실·학습공간,수업·실습,물체에 맞음
SAMPLE-02584,합성 예시 데이터,2023,2023-07-19,7,수요일,4,고학년,4교시,12:06,강당·체육관,기타 체육,부딪힘·충돌
SAMPLE-02585,합성 예시 데이터,2021,2021-09-22,9,수요일,3,고학년,6교시,14:03,교실·학습공간,놀이·휴식,부딪힘·충돌
SAMPLE-02586,합성 예시 데이터,2022,2022-04-18,4,월요일,6,고학년,쉬는시간,11:11,화장실·위생공간,식사·위생,미끄러짐
SAMPLE-02587,합성 예시 데이터,2024,2024-07-25,7,목요일,1,저학년,3교시,11:06,운동장,구기·라켓스포츠,부딪힘·충돌
SAMPLE-02588,합성 예시 데이터,2024,2024-10-25,10,금요일,6,고학년,방과후,15:59,교실·학습공간,수업·실습,넘어짐
SAMPLE-02589,합성 예시 데이터,2021,2021-04-29,4,목요일,2,저학년,4교시,11:49,계단·복도,놀이·휴식,넘어짐
SAMPLE-02590,합성 예시 데이터,2024,2024-11-28,11,목요일,3,고학년,5교시,13:44,강당·체육관,구기·라켓스포츠,부딪힘·충돌
SAMPLE-02591,합성 예시 데이터,2025,2025-06-18,6,수요일,4,고학년,5교시,13:00,강당·체육관,구기·라켓스포츠,기타
SAMPLE-02592,합성 예시 데이터,2022,2022-11-03,11,목요일,5,고학년,2교시,10:37,운동장,이동·보행,부딪힘·충돌
SAMPLE-02593,합성 예시 데이터,2024,2024-11-20,11,수요일,4,고학년,방과후,15:07,계단·복도,이동·보행,미끄러짐
SAMPLE-02594,합성 예시 데이터,2022,2022-10-21,10,금요일,5,고학년,4교시,12:01,운동장,구기·라켓스포츠,부딪힘·충돌
SAMPLE-02595,합성 예시 데이터,2025,2025-09-23,9,화요일,2,저학년,점심시간,12:56,교실·학습공간,이동·보행,추락
SAMPLE-02596,합성 예시 데이터,2021,2021-11-04,11,목요일,4,고학년,6교시,14:00,교실·학습공간,놀이·휴식,미끄러짐
SAMPLE-02597,합성 예시 데이터,2021,2021-05-18,5,화요일,6,고학년,2교시,10:36,교실·학습공간,이동·보행,미끄러짐
SAMPLE-02598,합성 예시 데이터,2024,2024-05-06,5,월요일,6,고학년,방과후,16:30,교실·학습공간,수업·실습,기타
SAMPLE-02599,합성 예시 데이터,2024,2024-10-01,10,화요일,3,고학년,쉬는시간,11:21,운동장,구기·라켓스포츠,넘어짐
SAMPLE-02600,합성 예시 데이터,2022,2022-05-24,5,화요일,5,고학년,하교,16:10,교실·학습공간,이동·보행,미끄러짐
SAMPLE-02601,합성 예시 데이터,2022,2022-11-07,11,월요일,1,저학년,쉬는시간,09:53,교실·학습공간,수업·실습,부딪힘·충돌
SAMPLE-02602,합성 예시 데이터,2024,2024-03-25,3,월요일,5,고학년,5교시,13:44,강당·체육관,이동·보행,넘어짐
SAMPLE-02603,합성 예시 데이터,2024,2024-12-18,12,수요일,4,고학년,3교시,11:05,운동장,구기·라켓스포츠,부딪힘·충돌
SAMPLE-02604,합성 예시 데이터,2025,2025-06-18,6,수요일,2,저학년,5교시,13:46,강당·체육관,기타 체육,부딪힘·충돌
SAMPLE-02605,합성 예시 데이터,2025,2025-12-08,12,월요일,5,고학년,6교시,14:02,강당·체육관,이동·보행,넘어짐
SAMPLE-02606,합성 예시 데이터,2025,2025-05-20,5,화요일,4,고학년,방과후,14:52,운동장,놀이·휴식,넘어짐
SAMPLE-02607,합성 예시 데이터,2025,2025-05-05,5,월요일,3,고학년,5교시,13:30,교실·학습공간,이동·보행,미끄러짐
SAMPLE-02608,합성 예시 데이터,2025,2025-06-26,6,목요일,1,저학년,5교시,13:23,강당·체육관,구기·라켓스포츠,넘어짐
SAMPLE-02609,합성 예시 데이터,2024,2024-05-09,5,목요일,3,고학년,쉬는시간,13:54,계단·복도,이동·보행,부딪힘·충돌
SAMPLE-02610,합성 예시 데이터,2024,2024-12-10,12,화요일,1,저학년,점심시간,12:54,급식·위생공간,식사·위생,기타
SAMPLE-02611,합성 예시 데이터,2023,2023-05-15,5,월요일,3,고학년,6교시,14:01,강당·체육관,구기·라켓스포츠,부딪힘·충돌
SAMPLE-02612,합성 예시 데이터,2022,2022-04-01,4,금요일,5,고학년,6교시,14:05,강당·체육관,이동·보행,넘어짐
SAMPLE-02613,합성 예시 데이터,2022,2022-07-05,7,화요일,4,고학년,4교시,11:56,교실·학습공간,놀이·휴식,넘어짐
SAMPLE-02614,합성 예시 데이터,2024,2024-10-01,10,화요일,3,고학년,5교시,13:35,교실·학습공간,수업·실습,부딪힘·충돌
SAMPLE-02615,합성 예시 데이터,2023,2023-04-24,4,월요일,3,고학년,쉬는시간,13:53,운동장,구기·라켓스포츠,넘어짐
SAMPLE-02616,합성 예시 데이터,2021,2021-09-01,9,수요일,2,저학년,1교시,09:47,교실·학습공간,이동·보행,부딪힘·충돌
SAMPLE-02617,합성 예시 데이터,2021,2021-03-17,3,수요일,5,고학년,2교시,10:12,강당·체육관,구기·라켓스포츠,기타
SAMPLE-02618,합성 예시 데이터,2022,2022-10-25,10,화요일,1,저학년,4교시,11:40,계단·복도,이동·보행,추락
SAMPLE-02619,합성 예시 데이터,2022,2022-07-12,7,화요일,6,고학년,점심시간,12:47,계단·복도,이동·보행,부딪힘·충돌
SAMPLE-02620,합성 예시 데이터,2021,2021-03-24,3,수요일,6,고학년,점심시간,12:51,급식·위생공간,식사·위생,기타
SAMPLE-02621,합성 예시 데이터,2025,2025-07-16,7,수요일,4,고학년,방과후,15:27,교실·학습공간,이동·보행,넘어짐
SAMPLE-02622,합성 예시 데이터,2023,2023-04-18,4,화요일,1,저학년,쉬는시간,14:18,화장실·위생공간,식사·위생,넘어짐
SAMPLE-02623,합성 예시 데이터,2023,2023-06-15,6,목요일,4,고학년,하교,14:46,교문·외부동선,이동·보행,미끄러짐
SAMPLE-02624,합성 예시 데이터,2023,2023-10-31,10,화요일,2,저학년,쉬는시간,10:11,계단·복도,놀이·휴식,넘어짐
SAMPLE-02625,합성 예시 데이터,2022,2022-11-14,11,월요일,1,저학년,2교시,09:57,운동장,기타 체육,넘어짐
SAMPLE-02626,합성 예시 데이터,2024,2024-11-07,11,목요일,5,고학년,5교시,13:00,계단·복도,이동·보행,부딪힘·충돌
SAMPLE-02627,합성 예시 데이터,2022,2022-11-01,11,화요일,1,저학년,쉬는시간,12:30,운동장,놀이·휴식,기타
SAMPLE-02628,합성 예시 데이터,2025,2025-05-07,5,수요일,5,고학년,방과후,16:54,운동장,기타 체육,추락
SAMPLE-02629,합성 예시 데이터,2023,2023-07-24,7,월요일,5,고학년,방과후,15:45,강당·체육관,구기·라켓스포츠,기타
SAMPLE-02630,합성 예시 데이터,2022,2022-07-13,7,수요일,2,저학년,3교시,11:14,교실·학습공간,놀이·휴식,기타
SAMPLE-02631,합성 예시 데이터,2024,2024-07-25,7,목요일,1,저학년,쉬는시간,10:35,교실·학습공간,수업·실습,물체에 맞음
SAMPLE-02632,합성 예시 데이터,2025,2025-04-30,4,수요일,6,고학년,2교시,10:20,교실·학습공간,놀이·휴식,부딪힘·충돌
SAMPLE-02633,합성 예시 데이터,2024,2024-05-03,5,금요일,1,저학년,점심시간,12:12,급식·위생공간,이동·보행,부딪힘·충돌
SAMPLE-02634,합성 예시 데이터,2021,2021-06-08,6,화요일,4,고학년,5교시,13:31,교실·학습공간,이동·보행,추락
SAMPLE-02635,합성 예시 데이터,2022,2022-08-26,8,금요일,3,고학년,방과후,15:17,계단·복도,놀이·휴식,미끄러짐
SAMPLE-02636,합성 예시 데이터,2023,2023-11-03,11,금요일,6,고학년,3교시,11:26,계단·복도,이동·보행,미끄러짐
SAMPLE-02637,합성 예시 데이터,2024,2024-07-24,7,수요일,6,고학년,하교,14:53,계단·복도,이동·보행,넘어짐
SAMPLE-02638,합성 예시 데이터,2024,2024-10-10,10,목요일,1,저학년,점심시간,12:54,계단·복도,이동·보행,부딪힘·충돌
SAMPLE-02639,합성 예시 데이터,2022,2022-09-28,9,수요일,3,고학년,쉬는시간,10:53,계단·복도,놀이·휴식,부딪힘·충돌
SAMPLE-02640,합성 예시 데이터,2021,2021-05-28,5,금요일,6,고학년,하교,15:17,운동장,놀이·휴식,미끄러짐
SAMPLE-02641,합성 예시 데이터,2024,2024-04-22,4,월요일,2,저학년,쉬는시간,13:56,운동장,구기·라켓스포츠,넘어짐
SAMPLE-02642,합성 예시 데이터,2024,2024-10-23,10,수요일,5,고학년,방과후,16:30,운동장,이동·보행,미끄러짐
SAMPLE-02643,합성 예시 데이터,2023,2023-07-24,7,월요일,4,고학년,점심시간,12:22,급식·위생공간,식사·위생,미끄러짐
SAMPLE-02644,합성 예시 데이터,2021,2021-07-21,7,수요일,3,고학년,2교시,10:12,운동장,구기·라켓스포츠,물체에 맞음
SAMPLE-02645,합성 예시 데이터,2022,2022-09-07,9,수요일,6,고학년,하교,15:16,교문·외부동선,교통·탑승,기타
SAMPLE-02646,합성 예시 데이터,2024,2024-10-14,10,월요일,5,고학년,3교시,11:24,운동장,기타 체육,부딪힘·충돌
SAMPLE-02647,합성 예시 데이터,2022,2022-04-26,4,화요일,6,고학년,방과후,16:30,교실·학습공간,수업·실습,넘어짐
SAMPLE-02648,합성 예시 데이터,2025,2025-03-04,3,화요일,5,고학년,쉬는시간,12:44,운동장,이동·보행,부딪힘·충돌
SAMPLE-02649,합성 예시 데이터,2023,2023-09-22,9,금요일,5,고학년,점심시간,12:53,계단·복도,놀이·휴식,미끄러짐
SAMPLE-02650,합성 예시 데이터,2021,2021-03-11,3,목요일,2,저학년,쉬는시간,10:39,교실·학습공간,수업·실습,넘어짐
SAMPLE-02651,합성 예시 데이터,2022,2022-12-05,12,월요일,2,저학년,점심시간,12:56,교실·학습공간,이동·보행,부딪힘·충돌
SAMPLE-02652,합성 예시 데이터,2022,2022-06-21,6,화요일,2,저학년,점심시간,12:25,급식·위생공간,이동·보행,넘어짐
SAMPLE-02653,합성 예시 데이터,2023,2023-07-21,7,금요일,2,저학년,쉬는시간,13:35,교실·학습공간,수업·실습,부딪힘·충돌
SAMPLE-02654,합성 예시 데이터,2021,2021-03-30,3,화요일,2,저학년,쉬는시간,11:44,교실·학습공간,이동·보행,넘어짐
SAMPLE-02655,합성 예시 데이터,2023,2023-04-07,4,금요일,4,고학년,4교시,11:43,강당·체육관,구기·라켓스포츠,부딪힘·충돌
SAMPLE-02656,합성 예시 데이터,2023,2023-05-09,5,화요일,6,고학년,방과후,16:11,운동장,놀이·휴식,기타
SAMPLE-02657,합성 예시 데이터,2025,2025-12-08,12,월요일,5,고학년,3교시,10:52,교실·학습공간,수업·실습,기타
SAMPLE-02658,합성 예시 데이터,2023,2023-09-06,9,수요일,2,저학년,점심시간,12:52,계단·복도,이동·보행,미끄러짐
SAMPLE-02659,합성 예시 데이터,2022,2022-07-01,7,금요일,3,고학년,5교시,13:09,강당·체육관,구기·라켓스포츠,넘어짐
SAMPLE-02660,합성 예시 데이터,2022,2022-11-15,11,화요일,6,고학년,1교시,09:31,계단·복도,놀이·휴식,넘어짐
SAMPLE-02661,합성 예시 데이터,2024,2024-06-24,6,월요일,5,고학년,4교시,12:07,강당·체육관,기타 체육,넘어짐
SAMPLE-02662,합성 예시 데이터,2022,2022-08-03,8,수요일,3,고학년,3교시,10:40,강당·체육관,기타 체육,추락
SAMPLE-02663,합성 예시 데이터,2021,2021-05-12,5,수요일,4,고학년,쉬는시간,10:56,계단·복도,기타,넘어짐
SAMPLE-02664,합성 예시 데이터,2022,2022-09-20,9,화요일,6,고학년,쉬는시간,10:06,계단·복도,이동·보행,부딪힘·충돌
SAMPLE-02665,합성 예시 데이터,2021,2021-07-28,7,수요일,3,고학년,점심시간,12:28,급식·위생공간,이동·보행,넘어짐
SAMPLE-02666,합성 예시 데이터,2022,2022-06-22,6,수요일,3,고학년,방과후,15:20,교실·학습공간,수업·실습,물체에 맞음
SAMPLE-02667,합성 예시 데이터,2025,2025-11-18,11,화요일,3,고학년,등교 전,07:31,교실·학습공간,놀이·휴식,넘어짐
SAMPLE-02668,합성 예시 데이터,2023,2023-08-22,8,화요일,4,고학년,점심시간,12:58,운동장,기타 체육,넘어짐
SAMPLE-02669,합성 예시 데이터,2021,2021-05-14,5,금요일,6,고학년,쉬는시간,11:31,운동장,구기·라켓스포츠,물체에 맞음
SAMPLE-02670,합성 예시 데이터,2022,2022-11-29,11,화요일,2,저학년,5교시,13:20,운동장,이동·보행,추락
SAMPLE-02671,합성 예시 데이터,2025,2025-06-30,6,월요일,4,고학년,하교,16:15,계단·복도,이동·보행,부딪힘·충돌
SAMPLE-02672,합성 예시 데이터,2022,2022-11-21,11,월요일,5,고학년,쉬는시간,14:19,운동장,구기·라켓스포츠,물체에 맞음
SAMPLE-02673,합성 예시 데이터,2025,2025-04-29,4,화요일,1,저학년,하교,17:03,계단·복도,이동·보행,미끄러짐
SAMPLE-02674,합성 예시 데이터,2024,2024-07-05,7,금요일,3,고학년,쉬는시간,12:09,화장실·위생공간,식사·위생,미끄러짐
SAMPLE-02675,합성 예시 데이터,2025,2025-12-12,12,금요일,5,고학년,4교시,12:04,강당·체육관,기타 체육,부딪힘·충돌
SAMPLE-02676,합성 예시 데이터,2022,2022-04-08,4,금요일,4,고학년,6교시,13:54,계단·복도,이동·보행,넘어짐
SAMPLE-02677,합성 예시 데이터,2023,2023-07-18,7,화요일,4,고학년,6교시,14:07,운동장,구기·라켓스포츠,기타
SAMPLE-02678,합성 예시 데이터,2022,2022-04-07,4,목요일,5,고학년,3교시,10:50,운동장,기타 체육,기타
SAMPLE-02679,합성 예시 데이터,2023,2023-04-12,4,수요일,1,저학년,5교시,13:24,강당·체육관,기타 체육,부딪힘·충돌
SAMPLE-02680,합성 예시 데이터,2021,2021-03-08,3,월요일,3,고학년,6교시,14:26,강당·체육관,구기·라켓스포츠,부딪힘·충돌
SAMPLE-02681,합성 예시 데이터,2022,2022-09-16,9,금요일,5,고학년,점심시간,12:43,운동장,기타 체육,부딪힘·충돌
SAMPLE-02682,합성 예시 데이터,2025,2025-08-05,8,화요일,6,고학년,하교,16:45,계단·복도,놀이·휴식,넘어짐
SAMPLE-02683,합성 예시 데이터,2025,2025-11-03,11,월요일,6,고학년,점심시간,12:28,급식·위생공간,이동·보행,넘어짐
SAMPLE-02684,합성 예시 데이터,2025,2025-04-01,4,화요일,3,고학년,1교시,09:22,교실·학습공간,수업·실습,넘어짐
SAMPLE-02685,합성 예시 데이터,2023,2023-10-26,10,목요일,2,저학년,쉬는시간,12:03,교실·학습공간,이동·보행,미끄러짐
SAMPLE-02686,합성 예시 데이터,2023,2023-10-31,10,화요일,1,저학년,4교시,12:01,교실·학습공간,놀이·휴식,부딪힘·충돌
SAMPLE-02687,합성 예시 데이터,2024,2024-06-18,6,화요일,3,고학년,5교시,13:34,강당·체육관,구기·라켓스포츠,부딪힘·충돌
SAMPLE-02688,합성 예시 데이터,2023,2023-05-09,5,화요일,4,고학년,점심시간,12:15,운동장,구기·라켓스포츠,넘어짐
SAMPLE-02689,합성 예시 데이터,2025,2025-03-19,3,수요일,6,고학년,하교,15:33,계단·복도,이동·보행,미끄러짐
SAMPLE-02690,합성 예시 데이터,2021,2021-08-24,8,화요일,6,고학년,점심시간,12:58,급식·위생공간,식사·위생,미끄러짐
SAMPLE-02691,합성 예시 데이터,2025,2025-06-05,6,목요일,5,고학년,방과후,16:42,교실·학습공간,이동·보행,넘어짐
SAMPLE-02692,합성 예시 데이터,2021,2021-09-16,9,목요일,4,고학년,5교시,13:14,강당·체육관,구기·라켓스포츠,넘어짐
SAMPLE-02693,합성 예시 데이터,2021,2021-04-02,4,금요일,4,고학년,3교시,10:43,강당·체육관,이동·보행,넘어짐
SAMPLE-02694,합성 예시 데이터,2024,2024-09-24,9,화요일,6,고학년,4교시,11:38,교실·학습공간,수업·실습,넘어짐
SAMPLE-02695,합성 예시 데이터,2024,2024-12-10,12,화요일,3,고학년,쉬는시간,10:57,계단·복도,놀이·휴식,넘어짐
SAMPLE-02696,합성 예시 데이터,2022,2022-08-12,8,금요일,1,저학년,6교시,14:08,강당·체육관,구기·라켓스포츠,넘어짐
SAMPLE-02697,합성 예시 데이터,2024,2024-10-08,10,화요일,3,고학년,6교시,14:25,계단·복도,놀이·휴식,넘어짐
SAMPLE-02698,합성 예시 데이터,2023,2023-07-24,7,월요일,1,저학년,2교시,10:00,교실·학습공간,이동·보행,넘어짐
SAMPLE-02699,합성 예시 데이터,2024,2024-05-01,5,수요일,2,저학년,쉬는시간,11:41,화장실·위생공간,이동·보행,미끄러짐
SAMPLE-02700,합성 예시 데이터,2024,2024-12-16,12,월요일,4,고학년,쉬는시간,12:34,계단·복도,기타,기타
SAMPLE-02701,합성 예시 데이터,2024,2024-08-12,8,월요일,5,고학년,쉬는시간,12:11,화장실·위생공간,식사·위생,화상
SAMPLE-02702,합성 예시 데이터,2025,2025-05-13,5,화요일,5,고학년,점심시간,12:45,급식·위생공간,식사·위생,미끄러짐
SAMPLE-02703,합성 예시 데이터,2024,2024-07-15,7,월요일,5,고학년,5교시,13:17,강당·체육관,구기·라켓스포츠,기타
SAMPLE-02704,합성 예시 데이터,2024,2024-11-19,11,화요일,3,고학년,하교,16:56,교문·외부동선,이동·보행,부딪힘·충돌
SAMPLE-02705,합성 예시 데이터,2023,2023-10-05,10,목요일,2,저학년,점심시간,12:38,운동장,이동·보행,미끄러짐
SAMPLE-02706,합성 예시 데이터,2024,2024-07-08,7,월요일,4,고학년,등교 전,08:34,계단·복도,놀이·휴식,넘어짐
SAMPLE-02707,합성 예시 데이터,2022,2022-09-29,9,목요일,6,고학년,2교시,10:30,교실·학습공간,이동·보행,부딪힘·충돌
SAMPLE-02708,합성 예시 데이터,2022,2022-04-08,4,금요일,2,저학년,하교,16:42,계단·복도,이동·보행,미끄러짐
SAMPLE-02709,합성 예시 데이터,2022,2022-03-09,3,수요일,6,고학년,4교시,11:35,운동장,기타 체육,추락
SAMPLE-02710,합성 예시 데이터,2024,2024-10-23,10,수요일,5,고학년,1교시,09:14,교실·학습공간,이동·보행,부딪힘·충돌
SAMPLE-02711,합성 예시 데이터,2022,2022-07-12,7,화요일,5,고학년,쉬는시간,12:01,교실·학습공간,수업·실습,넘어짐
SAMPLE-02712,합성 예시 데이터,2022,2022-09-13,9,화요일,4,고학년,쉬는시간,12:30,계단·복도,이동·보행,미끄러짐
SAMPLE-02713,합성 예시 데이터,2024,2024-09-23,9,월요일,3,고학년,점심시간,12:37,급식·위생공간,식사·위생,기타
SAMPLE-02714,합성 예시 데이터,2025,2025-05-07,5,수요일,3,고학년,쉬는시간,11:04,화장실·위생공간,이동·보행,넘어짐
SAMPLE-02715,합성 예시 데이터,2021,2021-04-22,4,목요일,6,고학년,쉬는시간,13:57,화장실·위생공간,이동·보행,미끄러짐
SAMPLE-02716,합성 예시 데이터,2023,2023-07-17,7,월요일,6,고학년,쉬는시간,13:23,계단·복도,이동·보행,부딪힘·충돌
SAMPLE-02717,합성 예시 데이터,2025,2025-12-18,12,목요일,1,저학년,하교,14:54,계단·복도,기타,부딪힘·충돌
SAMPLE-02718,합성 예시 데이터,2024,2024-12-12,12,목요일,1,저학년,쉬는시간,12:30,교실·학습공간,놀이·휴식,미끄러짐
SAMPLE-02719,합성 예시 데이터,2024,2024-07-09,7,화요일,6,고학년,쉬는시간,11:33,교실·학습공간,수업·실습,넘어짐
SAMPLE-02720,합성 예시 데이터,2022,2022-04-07,4,목요일,2,저학년,1교시,09:11,강당·체육관,구기·라켓스포츠,부딪힘·충돌
SAMPLE-02721,합성 예시 데이터,2024,2024-06-12,6,수요일,6,고학년,4교시,11:46,운동장,구기·라켓스포츠,넘어짐
SAMPLE-02722,합성 예시 데이터,2022,2022-10-31,10,월요일,6,고학년,5교시,13:35,강당·체육관,구기·라켓스포츠,부딪힘·충돌
SAMPLE-02723,합성 예시 데이터,2024,2024-10-07,10,월요일,6,고학년,방과후,15:43,교실·학습공간,수업·실습,넘어짐
SAMPLE-02724,합성 예시 데이터,2025,2025-07-01,7,화요일,4,고학년,6교시,14:07,강당·체육관,기타 체육,넘어짐
SAMPLE-02725,합성 예시 데이터,2021,2021-04-23,4,금요일,4,고학년,1교시,09:11,강당·체육관,구기·라켓스포츠,부딪힘·충돌
SAMPLE-02726,합성 예시 데이터,2021,2021-11-25,11,목요일,4,고학년,하교,17:02,계단·복도,놀이·휴식,미끄러짐
SAMPLE-02727,합성 예시 데이터,2025,2025-04-11,4,금요일,1,저학년,쉬는시간,11:09,교실·학습공간,놀이·휴식,부딪힘·충돌
SAMPLE-02728,합성 예시 데이터,2021,2021-03-02,3,화요일,3,고학년,1교시,09:42,교실·학습공간,이동·보행,부딪힘·충돌
SAMPLE-02729,합성 예시 데이터,2024,2024-10-15,10,화요일,3,고학년,쉬는시간,12:05,운동장,구기·라켓스포츠,물체에 맞음
SAMPLE-02730,합성 예시 데이터,2022,2022-06-15,6,수요일,4,고학년,점심시간,12:24,급식·위생공간,놀이·휴식,넘어짐
SAMPLE-02731,합성 예시 데이터,2025,2025-06-26,6,목요일,5,고학년,방과후,15:59,강당·체육관,이동·보행,미끄러짐
SAMPLE-02732,합성 예시 데이터,2022,2022-08-09,8,화요일,3,고학년,점심시간,12:14,교실·학습공간,수업·실습,물체에 맞음
SAMPLE-02733,합성 예시 데이터,2025,2025-07-28,7,월요일,2,저학년,4교시,11:55,교실·학습공간,놀이·휴식,부딪힘·충돌
SAMPLE-02734,합성 예시 데이터,2023,2023-09-01,9,금요일,5,고학년,쉬는시간,11:45,계단·복도,이동·보행,부딪힘·충돌
SAMPLE-02735,합성 예시 데이터,2025,2025-05-08,5,목요일,6,고학년,쉬는시간,13:22,교실·학습공간,수업·실습,물체에 맞음
SAMPLE-02736,합성 예시 데이터,2024,2024-08-05,8,월요일,6,고학년,2교시,10:36,계단·복도,이동·보행,넘어짐
SAMPLE-02737,합성 예시 데이터,2025,2025-03-03,3,월요일,6,고학년,점심시간,12:48,운동장,구기·라켓스포츠,물체에 맞음
SAMPLE-02738,합성 예시 데이터,2024,2024-05-21,5,화요일,6,고학년,방과후,14:46,교실·학습공간,놀이·휴식,미끄러짐
SAMPLE-02739,합성 예시 데이터,2023,2023-06-14,6,수요일,4,고학년,2교시,10:15,교실·학습공간,놀이·휴식,넘어짐
SAMPLE-02740,합성 예시 데이터,2023,2023-09-11,9,월요일,4,고학년,2교시,10:24,강당·체육관,이동·보행,넘어짐
SAMPLE-02741,합성 예시 데이터,2024,2024-07-24,7,수요일,1,저학년,쉬는시간,13:27,운동장,구기·라켓스포츠,부딪힘·충돌
SAMPLE-02742,합성 예시 데이터,2021,2021-03-10,3,수요일,2,저학년,3교시,10:46,강당·체육관,기타 체육,넘어짐
SAMPLE-02743,합성 예시 데이터,2024,2024-12-02,12,월요일,5,고학년,5교시,13:23,교실·학습공간,이동·보행,넘어짐
SAMPLE-02744,합성 예시 데이터,2024,2024-04-01,4,월요일,1,저학년,점심시간,12:20,급식·위생공간,식사·위생,미끄러짐
SAMPLE-02745,합성 예시 데이터,2022,2022-10-11,10,화요일,1,저학년,쉬는시간,11:59,계단·복도,이동·보행,넘어짐
SAMPLE-02746,합성 예시 데이터,2022,2022-03-01,3,화요일,5,고학년,3교시,11:20,강당·체육관,구기·라켓스포츠,물체에 맞음
SAMPLE-02747,합성 예시 데이터,2021,2021-04-29,4,목요일,3,고학년,점심시간,12:21,운동장,구기·라켓스포츠,부딪힘·충돌
SAMPLE-02748,합성 예시 데이터,2023,2023-05-01,5,월요일,2,저학년,하교,14:58,교문·외부동선,이동·보행,넘어짐
SAMPLE-02749,합성 예시 데이터,2022,2022-06-23,6,목요일,2,저학년,하교,14:52,교문·외부동선,이동·보행,부딪힘·충돌
SAMPLE-02750,합성 예시 데이터,2024,2024-12-05,12,목요일,4,고학년,5교시,13:33,강당·체육관,구기·라켓스포츠,부딪힘·충돌
SAMPLE-02751,합성 예시 데이터,2021,2021-12-20,12,월요일,5,고학년,6교시,14:06,강당·체육관,기타 체육,부딪힘·충돌
SAMPLE-02752,합성 예시 데이터,2023,2023-08-08,8,화요일,6,고학년,3교시,11:05,운동장,놀이·휴식,부딪힘·충돌
SAMPLE-02753,합성 예시 데이터,2024,2024-03-25,3,월요일,4,고학년,점심시간,12:52,교실·학습공간,이동·보행,넘어짐
SAMPLE-02754,합성 예시 데이터,2024,2024-07-12,7,금요일,1,저학년,쉬는시간,13:07,계단·복도,놀이·휴식,부딪힘·충돌
SAMPLE-02755,합성 예시 데이터,2021,2021-10-29,10,금요일,5,고학년,5교시,13:21,계단·복도,이동·보행,미끄러짐
SAMPLE-02756,합성 예시 데이터,2024,2024-07-19,7,금요일,5,고학년,5교시,13:29,강당·체육관,구기·라켓스포츠,넘어짐
SAMPLE-02757,합성 예시 데이터,2021,2021-04-07,4,수요일,5,고학년,쉬는시간,12:03,계단·복도,이동·보행,넘어짐
SAMPLE-02758,합성 예시 데이터,2024,2024-04-04,4,목요일,5,고학년,방과후,15:45,계단·복도,이동·보행,넘어짐
SAMPLE-02759,합성 예시 데이터,2022,2022-04-07,4,목요일,2,저학년,쉬는시간,11:25,화장실·위생공간,식사·위생,미끄러짐
SAMPLE-02760,합성 예시 데이터,2024,2024-12-10,12,화요일,6,고학년,점심시간,12:58,계단·복도,이동·보행,미끄러짐
SAMPLE-02761,합성 예시 데이터,2022,2022-09-27,9,화요일,6,고학년,점심시간,12:37,급식·위생공간,식사·위생,화상
SAMPLE-02762,합성 예시 데이터,2025,2025-03-07,3,금요일,1,저학년,방과후,15:53,계단·복도,이동·보행,미끄러짐
SAMPLE-02763,합성 예시 데이터,2024,2024-08-13,8,화요일,2,저학년,쉬는시간,12:39,화장실·위생공간,식사·위생,기타
SAMPLE-02764,합성 예시 데이터,2023,2023-08-14,8,월요일,6,고학년,쉬는시간,12:10,계단·복도,이동·보행,부딪힘·충돌
SAMPLE-02765,합성 예시 데이터,2022,2022-05-13,5,금요일,4,고학년,점심시간,12:14,급식·위생공간,식사·위생,넘어짐
SAMPLE-02766,합성 예시 데이터,2022,2022-11-24,11,목요일,5,고학년,2교시,10:32,교실·학습공간,수업·실습,부딪힘·충돌
SAMPLE-02767,합성 예시 데이터,2024,2024-04-17,4,수요일,5,고학년,쉬는시간,12:11,계단·복도,놀이·휴식,부딪힘·충돌
SAMPLE-02768,합성 예시 데이터,2022,2022-04-20,4,수요일,2,저학년,3교시,10:49,교실·학습공간,놀이·휴식,부딪힘·충돌
SAMPLE-02769,합성 예시 데이터,2024,2024-10-15,10,화요일,5,고학년,쉬는시간,10:05,계단·복도,놀이·휴식,부딪힘·충돌
SAMPLE-02770,합성 예시 데이터,2022,2022-06-01,6,수요일,6,고학년,3교시,11:23,운동장,구기·라켓스포츠,넘어짐
SAMPLE-02771,합성 예시 데이터,2022,2022-12-05,12,월요일,5,고학년,1교시,09:28,교실·학습공간,수업·실습,부딪힘·충돌
SAMPLE-02772,합성 예시 데이터,2025,2025-03-10,3,월요일,5,고학년,쉬는시간,13:41,화장실·위생공간,식사·위생,기타
SAMPLE-02773,합성 예시 데이터,2023,2023-11-28,11,화요일,3,고학년,4교시,11:58,교실·학습공간,수업·실습,넘어짐
SAMPLE-02774,합성 예시 데이터,2022,2022-08-30,8,화요일,2,저학년,3교시,10:52,운동장,이동·보행,넘어짐
SAMPLE-02775,합성 예시 데이터,2024,2024-03-11,3,월요일,6,고학년,하교,16:19,운동장,놀이·휴식,넘어짐
SAMPLE-02776,합성 예시 데이터,2022,2022-08-02,8,화요일,6,고학년,하교,14:38,계단·복도,이동·보행,넘어짐
SAMPLE-02777,합성 예시 데이터,2021,2021-04-19,4,월요일,6,고학년,하교,15:02,교실·학습공간,이동·보행,부딪힘·충돌
SAMPLE-02778,합성 예시 데이터,2023,2023-03-15,3,수요일,1,저학년,쉬는시간,14:11,계단·복도,놀이·휴식,기타
SAMPLE-02779,합성 예시 데이터,2022,2022-03-02,3,수요일,5,고학년,점심시간,12:11,계단·복도,이동·보행,미끄러짐
SAMPLE-02780,합성 예시 데이터,2021,2021-06-11,6,금요일,5,고학년,방과후,16:51,강당·체육관,기타 체육,부딪힘·충돌
SAMPLE-02781,합성 예시 데이터,2024,2024-08-05,8,월요일,5,고학년,쉬는시간,13:41,운동장,기타 체육,넘어짐
SAMPLE-02782,합성 예시 데이터,2022,2022-08-22,8,월요일,2,저학년,점심시간,12:32,교실·학습공간,수업·실습,넘어짐
SAMPLE-02783,합성 예시 데이터,2024,2024-07-16,7,화요일,4,고학년,2교시,10:26,운동장,이동·보행,넘어짐
SAMPLE-02784,합성 예시 데이터,2024,2024-06-12,6,수요일,3,고학년,3교시,11:01,강당·체육관,기타 체육,넘어짐
SAMPLE-02785,합성 예시 데이터,2023,2023-06-12,6,월요일,5,고학년,2교시,10:19,교실·학습공간,놀이·휴식,넘어짐
SAMPLE-02786,합성 예시 데이터,2025,2025-07-28,7,월요일,5,고학년,5교시,13:47,계단·복도,놀이·휴식,넘어짐
SAMPLE-02787,합성 예시 데이터,2025,2025-06-13,6,금요일,6,고학년,5교시,13:18,강당·체육관,이동·보행,추락
SAMPLE-02788,합성 예시 데이터,2025,2025-06-25,6,수요일,4,고학년,6교시,14:26,교실·학습공간,수업·실습,부딪힘·충돌
SAMPLE-02789,합성 예시 데이터,2021,2021-04-02,4,금요일,2,저학년,3교시,11:29,교실·학습공간,놀이·휴식,기타
SAMPLE-02790,합성 예시 데이터,2025,2025-09-01,9,월요일,3,고학년,하교,15:21,교문·외부동선,이동·보행,부딪힘·충돌
SAMPLE-02791,합성 예시 데이터,2025,2025-05-01,5,목요일,4,고학년,쉬는시간,10:53,운동장,구기·라켓스포츠,부딪힘·충돌
SAMPLE-02792,합성 예시 데이터,2023,2023-08-23,8,수요일,4,고학년,3교시,10:56,계단·복도,놀이·휴식,부딪힘·충돌
SAMPLE-02793,합성 예시 데이터,2025,2025-12-19,12,금요일,4,고학년,5교시,13:06,강당·체육관,구기·라켓스포츠,넘어짐
SAMPLE-02794,합성 예시 데이터,2022,2022-12-06,12,화요일,4,고학년,하교,17:00,교문·외부동선,이동·보행,미끄러짐
SAMPLE-02795,합성 예시 데이터,2021,2021-03-24,3,수요일,1,저학년,4교시,11:40,교실·학습공간,수업·실습,넘어짐
SAMPLE-02796,합성 예시 데이터,2023,2023-10-31,10,화요일,3,고학년,1교시,09:00,계단·복도,놀이·휴식,넘어짐
SAMPLE-02797,합성 예시 데이터,2023,2023-11-30,11,목요일,1,저학년,점심시간,12:47,교실·학습공간,놀이·휴식,미끄러짐
SAMPLE-02798,합성 예시 데이터,2022,2022-11-11,11,금요일,6,고학년,점심시간,12:32,급식·위생공간,놀이·휴식,부딪힘·충돌
SAMPLE-02799,합성 예시 데이터,2024,2024-04-11,4,목요일,5,고학년,쉬는시간,11:45,교실·학습공간,수업·실습,물체에 맞음
SAMPLE-02800,합성 예시 데이터,2021,2021-08-02,8,월요일,2,저학년,점심시간,12:40,운동장,구기·라켓스포츠,넘어짐
SAMPLE-02801,합성 예시 데이터,2025,2025-05-05,5,월요일,5,고학년,2교시,10:39,교실·학습공간,수업·실습,넘어짐
SAMPLE-02802,합성 예시 데이터,2024,2024-04-05,4,금요일,6,고학년,점심시간,12:49,교실·학습공간,수업·실습,물체에 맞음
SAMPLE-02803,합성 예시 데이터,2025,2025-03-28,3,금요일,6,고학년,6교시,14:00,강당·체육관,이동·보행,넘어짐
SAMPLE-02804,합성 예시 데이터,2021,2021-03-15,3,월요일,5,고학년,5교시,13:15,강당·체육관,기타 체육,넘어짐
SAMPLE-02805,합성 예시 데이터,2021,2021-12-02,12,목요일,2,저학년,쉬는시간,13:26,화장실·위생공간,이동·보행,부딪힘·충돌
SAMPLE-02806,합성 예시 데이터,2024,2024-10-02,10,수요일,6,고학년,쉬는시간,12:38,운동장,놀이·휴식,넘어짐
SAMPLE-02807,합성 예시 데이터,2022,2022-07-07,7,목요일,5,고학년,점심시간,12:42,계단·복도,이동·보행,미끄러짐
SAMPLE-02808,합성 예시 데이터,2023,2023-04-28,4,금요일,6,고학년,점심시간,12:28,급식·위생공간,식사·위생,넘어짐
SAMPLE-02809,합성 예시 데이터,2021,2021-07-09,7,금요일,5,고학년,5교시,13:02,강당·체육관,구기·라켓스포츠,넘어짐
SAMPLE-02810,합성 예시 데이터,2023,2023-08-28,8,월요일,1,저학년,하교,14:50,교실·학습공간,수업·실습,부딪힘·충돌
SAMPLE-02811,합성 예시 데이터,2022,2022-05-17,5,화요일,3,고학년,방과후,16:28,강당·체육관,이동·보행,부딪힘·충돌
SAMPLE-02812,합성 예시 데이터,2021,2021-06-04,6,금요일,2,저학년,점심시간,12:10,교실·학습공간,놀이·휴식,넘어짐
SAMPLE-02813,합성 예시 데이터,2021,2021-10-20,10,수요일,5,고학년,4교시,11:35,계단·복도,이동·보행,부딪힘·충돌
SAMPLE-02814,합성 예시 데이터,2023,2023-03-21,3,화요일,6,고학년,3교시,10:42,계단·복도,놀이·휴식,미끄러짐
SAMPLE-02815,합성 예시 데이터,2021,2021-07-22,7,목요일,4,고학년,등교 전,08:55,운동장,구기·라켓스포츠,기타
SAMPLE-02816,합성 예시 데이터,2025,2025-05-28,5,수요일,6,고학년,4교시,12:06,교실·학습공간,이동·보행,넘어짐
SAMPLE-02817,합성 예시 데이터,2021,2021-03-18,3,목요일,5,고학년,하교,14:21,교문·외부동선,이동·보행,넘어짐
SAMPLE-02818,합성 예시 데이터,2022,2022-11-29,11,화요일,2,저학년,쉬는시간,14:09,운동장,구기·라켓스포츠,기타
SAMPLE-02819,합성 예시 데이터,2025,2025-12-02,12,화요일,3,고학년,점심시간,12:46,급식·위생공간,식사·위생,기타
SAMPLE-02820,합성 예시 데이터,2022,2022-09-05,9,월요일,1,저학년,5교시,13:18,교실·학습공간,수업·실습,부딪힘·충돌
SAMPLE-02821,합성 예시 데이터,2024,2024-11-12,11,화요일,2,저학년,하교,17:13,교실·학습공간,수업·실습,기타
SAMPLE-02822,합성 예시 데이터,2024,2024-03-21,3,목요일,1,저학년,쉬는시간,14:02,화장실·위생공간,식사·위생,넘어짐
SAMPLE-02823,합성 예시 데이터,2023,2023-07-07,7,금요일,5,고학년,쉬는시간,09:42,교실·학습공간,놀이·휴식,부딪힘·충돌
SAMPLE-02824,합성 예시 데이터,2025,2025-05-28,5,수요일,4,고학년,쉬는시간,12:42,운동장,기타 체육,추락
SAMPLE-02825,합성 예시 데이터,2021,2021-09-30,9,목요일,4,고학년,방과후,14:38,강당·체육관,이동·보행,넘어짐
SAMPLE-02826,합성 예시 데이터,2023,2023-06-02,6,금요일,3,고학년,쉬는시간,10:13,교실·학습공간,이동·보행,넘어짐
SAMPLE-02827,합성 예시 데이터,2021,2021-03-24,3,수요일,6,고학년,4교시,11:42,교실·학습공간,놀이·휴식,넘어짐
SAMPLE-02828,합성 예시 데이터,2022,2022-07-28,7,목요일,6,고학년,쉬는시간,09:42,계단·복도,이동·보행,넘어짐
SAMPLE-02829,합성 예시 데이터,2022,2022-06-17,6,금요일,4,고학년,1교시,09:08,계단·복도,이동·보행,부딪힘·충돌
SAMPLE-02830,합성 예시 데이터,2021,2021-03-18,3,목요일,6,고학년,점심시간,12:57,급식·위생공간,식사·위생,기타
SAMPLE-02831,합성 예시 데이터,2022,2022-07-20,7,수요일,6,고학년,5교시,13:29,운동장,놀이·휴식,부딪힘·충돌
SAMPLE-02832,합성 예시 데이터,2024,2024-11-19,11,화요일,6,고학년,점심시간,12:38,급식·위생공간,식사·위생,넘어짐
SAMPLE-02833,합성 예시 데이터,2021,2021-11-03,11,수요일,1,저학년,하교,15:47,계단·복도,이동·보행,미끄러짐
SAMPLE-02834,합성 예시 데이터,2025,2025-06-05,6,목요일,6,고학년,2교시,10:15,강당·체육관,기타 체육,부딪힘·충돌
SAMPLE-02835,합성 예시 데이터,2022,2022-12-02,12,금요일,6,고학년,1교시,09:38,강당·체육관,구기·라켓스포츠,부딪힘·충돌
SAMPLE-02836,합성 예시 데이터,2022,2022-12-02,12,금요일,2,저학년,6교시,14:12,계단·복도,이동·보행,넘어짐
SAMPLE-02837,합성 예시 데이터,2024,2024-11-26,11,화요일,3,고학년,점심시간,12:36,교실·학습공간,수업·실습,부딪힘·충돌
SAMPLE-02838,합성 예시 데이터,2021,2021-05-04,5,화요일,3,고학년,1교시,09:03,강당·체육관,구기·라켓스포츠,물체에 맞음
SAMPLE-02839,합성 예시 데이터,2023,2023-06-01,6,목요일,1,저학년,3교시,10:54,교실·학습공간,놀이·휴식,미끄러짐
SAMPLE-02840,합성 예시 데이터,2024,2024-09-09,9,월요일,6,고학년,점심시간,12:22,운동장,구기·라켓스포츠,넘어짐
SAMPLE-02841,합성 예시 데이터,2025,2025-07-30,7,수요일,3,고학년,5교시,13:20,교실·학습공간,수업·실습,넘어짐
SAMPLE-02842,합성 예시 데이터,2024,2024-09-24,9,화요일,6,고학년,4교시,11:44,운동장,구기·라켓스포츠,넘어짐
SAMPLE-02843,합성 예시 데이터,2024,2024-11-29,11,금요일,6,고학년,하교,14:34,교실·학습공간,놀이·휴식,부딪힘·충돌
SAMPLE-02844,합성 예시 데이터,2024,2024-05-01,5,수요일,5,고학년,4교시,11:41,운동장,구기·라켓스포츠,부딪힘·충돌
SAMPLE-02845,합성 예시 데이터,2025,2025-12-10,12,수요일,6,고학년,점심시간,12:12,계단·복도,놀이·휴식,부딪힘·충돌
SAMPLE-02846,합성 예시 데이터,2021,2021-09-16,9,목요일,1,저학년,쉬는시간,13:21,교실·학습공간,수업·실습,부딪힘·충돌
SAMPLE-02847,합성 예시 데이터,2021,2021-06-28,6,월요일,5,고학년,점심시간,12:17,계단·복도,이동·보행,추락
SAMPLE-02848,합성 예시 데이터,2022,2022-06-09,6,목요일,6,고학년,점심시간,12:19,계단·복도,이동·보행,추락
SAMPLE-02849,합성 예시 데이터,2025,2025-10-09,10,목요일,2,저학년,5교시,13:25,강당·체육관,구기·라켓스포츠,물체에 맞음
SAMPLE-02850,합성 예시 데이터,2024,2024-09-06,9,금요일,2,저학년,등교 전,07:59,교문·외부동선,이동·보행,부딪힘·충돌
SAMPLE-02851,합성 예시 데이터,2025,2025-08-25,8,월요일,6,고학년,등교 전,07:42,계단·복도,기타,기타
SAMPLE-02852,합성 예시 데이터,2023,2023-10-11,10,수요일,4,고학년,1교시,09:21,교실·학습공간,놀이·휴식,미끄러짐
SAMPLE-02853,합성 예시 데이터,2025,2025-09-22,9,월요일,2,저학년,등교 전,08:05,교문·외부동선,놀이·휴식,부딪힘·충돌
SAMPLE-02854,합성 예시 데이터,2024,2024-09-20,9,금요일,4,고학년,점심시간,12:37,급식·위생공간,식사·위생,미끄러짐
SAMPLE-02855,합성 예시 데이터,2023,2023-11-24,11,금요일,6,고학년,점심시간,12:27,계단·복도,이동·보행,넘어짐
SAMPLE-02856,합성 예시 데이터,2024,2024-11-21,11,목요일,5,고학년,방과후,16:25,강당·체육관,구기·라켓스포츠,물체에 맞음
SAMPLE-02857,합성 예시 데이터,2023,2023-03-07,3,화요일,6,고학년,5교시,13:40,강당·체육관,이동·보행,부딪힘·충돌
SAMPLE-02858,합성 예시 데이터,2023,2023-04-24,4,월요일,4,고학년,쉬는시간,11:12,화장실·위생공간,식사·위생,미끄러짐
SAMPLE-02859,합성 예시 데이터,2021,2021-11-12,11,금요일,3,고학년,4교시,12:05,강당·체육관,기타 체육,부딪힘·충돌
SAMPLE-02860,합성 예시 데이터,2025,2025-12-09,12,화요일,4,고학년,2교시,10:07,교실·학습공간,수업·실습,기타
SAMPLE-02861,합성 예시 데이터,2023,2023-10-05,10,목요일,6,고학년,방과후,16:31,교실·학습공간,놀이·휴식,넘어짐
SAMPLE-02862,합성 예시 데이터,2025,2025-12-19,12,금요일,6,고학년,쉬는시간,10:25,계단·복도,이동·보행,넘어짐
SAMPLE-02863,합성 예시 데이터,2025,2025-05-27,5,화요일,4,고학년,3교시,11:13,운동장,구기·라켓스포츠,넘어짐
SAMPLE-02864,합성 예시 데이터,2021,2021-11-11,11,목요일,6,고학년,하교,15:38,교문·외부동선,교통·탑승,기타
SAMPLE-02865,합성 예시 데이터,2021,2021-09-07,9,화요일,3,고학년,6교시,14:25,강당·체육관,구기·라켓스포츠,부딪힘·충돌
SAMPLE-02866,합성 예시 데이터,2021,2021-09-24,9,금요일,1,저학년,방과후,15:16,계단·복도,이동·보행,넘어짐
SAMPLE-02867,합성 예시 데이터,2024,2024-05-22,5,수요일,6,고학년,쉬는시간,11:00,교실·학습공간,수업·실습,물체에 맞음
SAMPLE-02868,합성 예시 데이터,2023,2023-07-21,7,금요일,4,고학년,하교,17:15,계단·복도,이동·보행,부딪힘·충돌
SAMPLE-02869,합성 예시 데이터,2021,2021-07-09,7,금요일,3,고학년,쉬는시간,12:08,운동장,구기·라켓스포츠,부딪힘·충돌
SAMPLE-02870,합성 예시 데이터,2023,2023-10-06,10,금요일,3,고학년,2교시,10:07,강당·체육관,기타 체육,기타
SAMPLE-02871,합성 예시 데이터,2023,2023-09-06,9,수요일,5,고학년,6교시,14:09,운동장,구기·라켓스포츠,물체에 맞음
SAMPLE-02872,합성 예시 데이터,2023,2023-03-23,3,목요일,1,저학년,쉬는시간,12:55,계단·복도,놀이·휴식,부딪힘·충돌
SAMPLE-02873,합성 예시 데이터,2022,2022-11-28,11,월요일,5,고학년,쉬는시간,10:44,교실·학습공간,이동·보행,미끄러짐
SAMPLE-02874,합성 예시 데이터,2021,2021-09-15,9,수요일,3,고학년,쉬는시간,10:41,운동장,기타 체육,넘어짐
SAMPLE-02875,합성 예시 데이터,2024,2024-05-06,5,월요일,6,고학년,쉬는시간,11:26,화장실·위생공간,놀이·휴식,부딪힘·충돌
SAMPLE-02876,합성 예시 데이터,2025,2025-10-03,10,금요일,4,고학년,쉬는시간,13:08,교실·학습공간,놀이·휴식,넘어짐
SAMPLE-02877,합성 예시 데이터,2021,2021-08-24,8,화요일,4,고학년,3교시,11:01,교실·학습공간,놀이·휴식,부딪힘·충돌
SAMPLE-02878,합성 예시 데이터,2025,2025-12-03,12,수요일,3,고학년,점심시간,12:22,교실·학습공간,놀이·휴식,기타
SAMPLE-02879,합성 예시 데이터,2022,2022-10-26,10,수요일,4,고학년,점심시간,12:20,운동장,구기·라켓스포츠,물체에 맞음
SAMPLE-02880,합성 예시 데이터,2021,2021-07-08,7,목요일,5,고학년,4교시,11:38,교실·학습공간,수업·실습,기타
SAMPLE-02881,합성 예시 데이터,2024,2024-10-31,10,목요일,6,고학년,1교시,09:23,교실·학습공간,수업·실습,물체에 맞음
SAMPLE-02882,합성 예시 데이터,2022,2022-04-12,4,화요일,3,고학년,6교시,14:27,교실·학습공간,놀이·휴식,넘어짐
SAMPLE-02883,합성 예시 데이터,2023,2023-12-19,12,화요일,6,고학년,하교,16:34,교문·외부동선,이동·보행,추락
SAMPLE-02884,합성 예시 데이터,2022,2022-04-01,4,금요일,5,고학년,점심시간,12:39,계단·복도,이동·보행,부딪힘·충돌
SAMPLE-02885,합성 예시 데이터,2024,2024-07-05,7,금요일,3,고학년,쉬는시간,10:53,계단·복도,이동·보행,넘어짐
SAMPLE-02886,합성 예시 데이터,2021,2021-09-09,9,목요일,1,저학년,3교시,10:42,운동장,놀이·휴식,미끄러짐
SAMPLE-02887,합성 예시 데이터,2024,2024-05-27,5,월요일,5,고학년,쉬는시간,12:30,계단·복도,이동·보행,부딪힘·충돌
SAMPLE-02888,합성 예시 데이터,2021,2021-06-29,6,화요일,1,저학년,1교시,09:21,교실·학습공간,수업·실습,물체에 맞음
SAMPLE-02889,합성 예시 데이터,2021,2021-10-12,10,화요일,3,고학년,5교시,13:48,교실·학습공간,놀이·휴식,부딪힘·충돌
SAMPLE-02890,합성 예시 데이터,2022,2022-09-27,9,화요일,3,고학년,점심시간,12:22,계단·복도,이동·보행,미끄러짐
SAMPLE-02891,합성 예시 데이터,2025,2025-04-23,4,수요일,2,저학년,5교시,13:03,운동장,구기·라켓스포츠,넘어짐
SAMPLE-02892,합성 예시 데이터,2023,2023-11-27,11,월요일,1,저학년,3교시,11:26,강당·체육관,구기·라켓스포츠,넘어짐
SAMPLE-02893,합성 예시 데이터,2025,2025-09-05,9,금요일,2,저학년,쉬는시간,11:50,운동장,기타 체육,부딪힘·충돌
SAMPLE-02894,합성 예시 데이터,2021,2021-09-13,9,월요일,5,고학년,점심시간,12:30,계단·복도,이동·보행,넘어짐
SAMPLE-02895,합성 예시 데이터,2023,2023-09-04,9,월요일,3,고학년,3교시,10:59,교실·학습공간,이동·보행,넘어짐
SAMPLE-02896,합성 예시 데이터,2021,2021-10-15,10,금요일,2,저학년,쉬는시간,13:30,계단·복도,이동·보행,넘어짐
SAMPLE-02897,합성 예시 데이터,2022,2022-11-09,11,수요일,6,고학년,5교시,13:06,교실·학습공간,놀이·휴식,기타
SAMPLE-02898,합성 예시 데이터,2024,2024-07-25,7,목요일,4,고학년,쉬는시간,11:57,계단·복도,놀이·휴식,미끄러짐
SAMPLE-02899,합성 예시 데이터,2021,2021-03-08,3,월요일,1,저학년,점심시간,12:22,교실·학습공간,수업·실습,물체에 맞음
SAMPLE-02900,합성 예시 데이터,2021,2021-04-01,4,목요일,3,고학년,쉬는시간,10:51,운동장,구기·라켓스포츠,넘어짐
SAMPLE-02901,합성 예시 데이터,2025,2025-03-24,3,월요일,4,고학년,방과후,15:24,강당·체육관,기타 체육,추락
SAMPLE-02902,합성 예시 데이터,2021,2021-12-16,12,목요일,2,저학년,방과후,16:54,교실·학습공간,수업·실습,부딪힘·충돌
SAMPLE-02903,합성 예시 데이터,2025,2025-11-27,11,목요일,4,고학년,3교시,10:51,교실·학습공간,놀이·휴식,미끄러짐
SAMPLE-02904,합성 예시 데이터,2025,2025-08-27,8,수요일,3,고학년,5교시,13:37,계단·복도,놀이·휴식,부딪힘·충돌
SAMPLE-02905,합성 예시 데이터,2024,2024-07-02,7,화요일,5,고학년,방과후,16:24,교실·학습공간,수업·실습,물체에 맞음
SAMPLE-02906,합성 예시 데이터,2023,2023-10-16,10,월요일,3,고학년,점심시간,12:32,계단·복도,기타,기타
SAMPLE-02907,합성 예시 데이터,2025,2025-07-25,7,금요일,5,고학년,하교,15:15,교문·외부동선,이동·보행,넘어짐
SAMPLE-02908,합성 예시 데이터,2021,2021-05-11,5,화요일,3,고학년,쉬는시간,11:22,운동장,구기·라켓스포츠,부딪힘·충돌
SAMPLE-02909,합성 예시 데이터,2021,2021-09-07,9,화요일,2,저학년,쉬는시간,13:43,화장실·위생공간,식사·위생,화상
SAMPLE-02910,합성 예시 데이터,2022,2022-10-03,10,월요일,6,고학년,4교시,12:04,강당·체육관,구기·라켓스포츠,부딪힘·충돌
SAMPLE-02911,합성 예시 데이터,2024,2024-10-16,10,수요일,6,고학년,4교시,12:04,강당·체육관,이동·보행,넘어짐
SAMPLE-02912,합성 예시 데이터,2023,2023-07-26,7,수요일,3,고학년,3교시,11:15,운동장,기타 체육,넘어짐
SAMPLE-02913,합성 예시 데이터,2021,2021-11-12,11,금요일,5,고학년,5교시,13:46,운동장,구기·라켓스포츠,물체에 맞음
SAMPLE-02914,합성 예시 데이터,2024,2024-09-18,9,수요일,4,고학년,5교시,13:44,강당·체육관,기타 체육,넘어짐
SAMPLE-02915,합성 예시 데이터,2021,2021-09-21,9,화요일,5,고학년,5교시,13:32,운동장,기타 체육,넘어짐
SAMPLE-02916,합성 예시 데이터,2022,2022-07-18,7,월요일,1,저학년,쉬는시간,09:58,계단·복도,기타,넘어짐
SAMPLE-02917,합성 예시 데이터,2024,2024-05-03,5,금요일,1,저학년,5교시,13:40,운동장,놀이·휴식,넘어짐
SAMPLE-02918,합성 예시 데이터,2024,2024-05-21,5,화요일,2,저학년,방과후,16:19,강당·체육관,구기·라켓스포츠,물체에 맞음
SAMPLE-02919,합성 예시 데이터,2024,2024-09-19,9,목요일,2,저학년,4교시,11:33,교실·학습공간,놀이·휴식,기타
SAMPLE-02920,합성 예시 데이터,2022,2022-09-28,9,수요일,2,저학년,점심시간,12:59,교실·학습공간,이동·보행,부딪힘·충돌
SAMPLE-02921,합성 예시 데이터,2022,2022-11-10,11,목요일,4,고학년,4교시,11:35,교실·학습공간,놀이·휴식,기타
SAMPLE-02922,합성 예시 데이터,2021,2021-12-08,12,수요일,5,고학년,방과후,16:52,강당·체육관,구기·라켓스포츠,부딪힘·충돌
SAMPLE-02923,합성 예시 데이터,2023,2023-03-23,3,목요일,5,고학년,쉬는시간,11:42,계단·복도,이동·보행,넘어짐
SAMPLE-02924,합성 예시 데이터,2023,2023-09-22,9,금요일,2,저학년,쉬는시간,11:57,계단·복도,이동·보행,부딪힘·충돌
SAMPLE-02925,합성 예시 데이터,2021,2021-09-07,9,화요일,5,고학년,점심시간,12:46,급식·위생공간,식사·위생,기타
SAMPLE-02926,합성 예시 데이터,2022,2022-10-06,10,목요일,4,고학년,5교시,13:03,강당·체육관,구기·라켓스포츠,물체에 맞음
SAMPLE-02927,합성 예시 데이터,2021,2021-06-28,6,월요일,6,고학년,5교시,13:23,강당·체육관,구기·라켓스포츠,부딪힘·충돌
SAMPLE-02928,합성 예시 데이터,2024,2024-11-08,11,금요일,3,고학년,1교시,09:18,교실·학습공간,수업·실습,물체에 맞음
SAMPLE-02929,합성 예시 데이터,2025,2025-12-04,12,목요일,6,고학년,쉬는시간,10:16,운동장,구기·라켓스포츠,넘어짐
SAMPLE-02930,합성 예시 데이터,2023,2023-09-06,9,수요일,5,고학년,하교,17:01,운동장,구기·라켓스포츠,넘어짐
SAMPLE-02931,합성 예시 데이터,2024,2024-09-24,9,화요일,3,고학년,3교시,11:13,교실·학습공간,놀이·휴식,넘어짐
SAMPLE-02932,합성 예시 데이터,2025,2025-06-23,6,월요일,2,저학년,4교시,11:42,강당·체육관,기타 체육,부딪힘·충돌
SAMPLE-02933,합성 예시 데이터,2023,2023-11-30,11,목요일,1,저학년,1교시,09:38,교실·학습공간,놀이·휴식,부딪힘·충돌
SAMPLE-02934,합성 예시 데이터,2024,2024-06-11,6,화요일,4,고학년,쉬는시간,13:00,운동장,구기·라켓스포츠,물체에 맞음
SAMPLE-02935,합성 예시 데이터,2025,2025-09-10,9,수요일,3,고학년,점심시간,12:39,급식·위생공간,식사·위생,기타
SAMPLE-02936,합성 예시 데이터,2024,2024-11-07,11,목요일,5,고학년,3교시,11:16,강당·체육관,구기·라켓스포츠,물체에 맞음
SAMPLE-02937,합성 예시 데이터,2025,2025-10-30,10,목요일,6,고학년,3교시,10:57,교실·학습공간,놀이·휴식,넘어짐
SAMPLE-02938,합성 예시 데이터,2025,2025-09-24,9,수요일,6,고학년,하교,15:47,교실·학습공간,놀이·휴식,기타
SAMPLE-02939,합성 예시 데이터,2022,2022-10-28,10,금요일,4,고학년,4교시,11:40,교실·학습공간,이동·보행,넘어짐
SAMPLE-02940,합성 예시 데이터,2023,2023-09-14,9,목요일,5,고학년,5교시,13:48,운동장,구기·라켓스포츠,부딪힘·충돌
SAMPLE-02941,합성 예시 데이터,2024,2024-03-15,3,금요일,3,고학년,방과후,16:49,운동장,놀이·휴식,넘어짐
SAMPLE-02942,합성 예시 데이터,2022,2022-06-23,6,목요일,5,고학년,6교시,14:16,교실·학습공간,놀이·휴식,부딪힘·충돌
SAMPLE-02943,합성 예시 데이터,2025,2025-05-13,5,화요일,6,고학년,1교시,09:11,강당·체육관,구기·라켓스포츠,넘어짐
SAMPLE-02944,합성 예시 데이터,2025,2025-06-30,6,월요일,6,고학년,6교시,14:00,교실·학습공간,이동·보행,부딪힘·충돌
SAMPLE-02945,합성 예시 데이터,2022,2022-05-31,5,화요일,4,고학년,1교시,09:48,운동장,구기·라켓스포츠,부딪힘·충돌
SAMPLE-02946,합성 예시 데이터,2024,2024-07-05,7,금요일,2,저학년,5교시,13:20,운동장,구기·라켓스포츠,물체에 맞음
SAMPLE-02947,합성 예시 데이터,2021,2021-11-12,11,금요일,1,저학년,쉬는시간,14:10,화장실·위생공간,이동·보행,넘어짐
SAMPLE-02948,합성 예시 데이터,2021,2021-06-25,6,금요일,3,고학년,점심시간,12:34,급식·위생공간,이동·보행,넘어짐
SAMPLE-02949,합성 예시 데이터,2022,2022-03-24,3,목요일,6,고학년,점심시간,12:35,운동장,놀이·휴식,넘어짐
SAMPLE-02950,합성 예시 데이터,2022,2022-03-01,3,화요일,5,고학년,점심시간,12:45,계단·복도,이동·보행,넘어짐
SAMPLE-02951,합성 예시 데이터,2025,2025-04-14,4,월요일,3,고학년,점심시간,12:40,급식·위생공간,식사·위생,넘어짐
SAMPLE-02952,합성 예시 데이터,2024,2024-05-23,5,목요일,4,고학년,3교시,10:45,계단·복도,이동·보행,넘어짐
SAMPLE-02953,합성 예시 데이터,2024,2024-07-19,7,금요일,6,고학년,점심시간,12:58,급식·위생공간,식사·위생,넘어짐
SAMPLE-02954,합성 예시 데이터,2022,2022-11-07,11,월요일,2,저학년,쉬는시간,11:15,교실·학습공간,수업·실습,물체에 맞음
SAMPLE-02955,합성 예시 데이터,2024,2024-07-31,7,수요일,4,고학년,6교시,14:16,운동장,구기·라켓스포츠,넘어짐
SAMPLE-02956,합성 예시 데이터,2025,2025-08-12,8,화요일,1,저학년,점심시간,12:43,계단·복도,이동·보행,미끄러짐
SAMPLE-02957,합성 예시 데이터,2023,2023-06-28,6,수요일,6,고학년,방과후,15:27,운동장,기타 체육,넘어짐
SAMPLE-02958,합성 예시 데이터,2025,2025-06-12,6,목요일,2,저학년,쉬는시간,13:28,계단·복도,놀이·휴식,기타
SAMPLE-02959,합성 예시 데이터,2024,2024-08-22,8,목요일,3,고학년,방과후,17:16,강당·체육관,기타 체육,넘어짐
SAMPLE-02960,합성 예시 데이터,2022,2022-06-30,6,목요일,4,고학년,점심시간,12:51,계단·복도,이동·보행,미끄러짐
SAMPLE-02961,합성 예시 데이터,2025,2025-08-18,8,월요일,6,고학년,5교시,13:06,교실·학습공간,이동·보행,부딪힘·충돌
SAMPLE-02962,합성 예시 데이터,2023,2023-07-14,7,금요일,3,고학년,1교시,09:22,교실·학습공간,수업·실습,부딪힘·충돌
SAMPLE-02963,합성 예시 데이터,2021,2021-12-02,12,목요일,2,저학년,3교시,11:23,교실·학습공간,놀이·휴식,미끄러짐
SAMPLE-02964,합성 예시 데이터,2025,2025-10-28,10,화요일,6,고학년,점심시간,12:48,계단·복도,이동·보행,넘어짐
SAMPLE-02965,합성 예시 데이터,2022,2022-12-14,12,수요일,6,고학년,방과후,16:32,계단·복도,이동·보행,미끄러짐
SAMPLE-02966,합성 예시 데이터,2023,2023-04-20,4,목요일,3,고학년,4교시,12:00,교실·학습공간,수업·실습,부딪힘·충돌
SAMPLE-02967,합성 예시 데이터,2022,2022-03-10,3,목요일,1,저학년,하교,14:10,교실·학습공간,이동·보행,부딪힘·충돌
SAMPLE-02968,합성 예시 데이터,2022,2022-05-06,5,금요일,1,저학년,방과후,16:18,계단·복도,놀이·휴식,미끄러짐
SAMPLE-02969,합성 예시 데이터,2023,2023-09-15,9,금요일,3,고학년,쉬는시간,11:50,교실·학습공간,놀이·휴식,넘어짐
SAMPLE-02970,합성 예시 데이터,2021,2021-12-16,12,목요일,6,고학년,방과후,15:00,운동장,놀이·휴식,미끄러짐
SAMPLE-02971,합성 예시 데이터,2023,2023-09-01,9,금요일,5,고학년,1교시,09:03,교실·학습공간,이동·보행,부딪힘·충돌
SAMPLE-02972,합성 예시 데이터,2022,2022-09-09,9,금요일,6,고학년,5교시,13:07,교실·학습공간,놀이·휴식,미끄러짐
SAMPLE-02973,합성 예시 데이터,2022,2022-11-30,11,수요일,5,고학년,6교시,14:12,교실·학습공간,수업·실습,넘어짐
SAMPLE-02974,합성 예시 데이터,2025,2025-07-18,7,금요일,6,고학년,쉬는시간,11:54,운동장,놀이·휴식,부딪힘·충돌
SAMPLE-02975,합성 예시 데이터,2021,2021-08-11,8,수요일,4,고학년,쉬는시간,12:47,계단·복도,이동·보행,미끄러짐
SAMPLE-02976,합성 예시 데이터,2021,2021-03-26,3,금요일,6,고학년,쉬는시간,09:55,교실·학습공간,수업·실습,부딪힘·충돌
SAMPLE-02977,합성 예시 데이터,2025,2025-11-14,11,금요일,5,고학년,1교시,09:36,강당·체육관,기타 체육,추락
SAMPLE-02978,합성 예시 데이터,2021,2021-10-07,10,목요일,3,고학년,5교시,13:03,강당·체육관,구기·라켓스포츠,부딪힘·충돌
SAMPLE-02979,합성 예시 데이터,2025,2025-10-17,10,금요일,1,저학년,쉬는시간,12:08,교실·학습공간,놀이·휴식,기타
SAMPLE-02980,합성 예시 데이터,2022,2022-06-13,6,월요일,5,고학년,5교시,13:33,강당·체육관,구기·라켓스포츠,부딪힘·충돌
SAMPLE-02981,합성 예시 데이터,2025,2025-04-08,4,화요일,4,고학년,쉬는시간,13:36,화장실·위생공간,이동·보행,추락
SAMPLE-02982,합성 예시 데이터,2025,2025-12-18,12,목요일,6,고학년,3교시,11:03,운동장,구기·라켓스포츠,부딪힘·충돌
SAMPLE-02983,합성 예시 데이터,2025,2025-09-23,9,화요일,5,고학년,쉬는시간,11:08,교실·학습공간,수업·실습,부딪힘·충돌
SAMPLE-02984,합성 예시 데이터,2022,2022-12-02,12,금요일,6,고학년,6교시,13:58,강당·체육관,이동·보행,추락
SAMPLE-02985,합성 예시 데이터,2024,2024-12-18,12,수요일,4,고학년,하교,15:05,계단·복도,놀이·휴식,미끄러짐
SAMPLE-02986,합성 예시 데이터,2025,2025-03-19,3,수요일,3,고학년,2교시,10:02,교실·학습공간,수업·실습,넘어짐
SAMPLE-02987,합성 예시 데이터,2023,2023-06-29,6,목요일,3,고학년,점심시간,12:34,급식·위생공간,이동·보행,부딪힘·충돌
SAMPLE-02988,합성 예시 데이터,2023,2023-04-17,4,월요일,5,고학년,점심시간,12:57,운동장,구기·라켓스포츠,부딪힘·충돌
SAMPLE-02989,합성 예시 데이터,2022,2022-09-12,9,월요일,1,저학년,하교,15:21,교문·외부동선,이동·보행,추락
SAMPLE-02990,합성 예시 데이터,2025,2025-10-31,10,금요일,3,고학년,하교,14:47,교문·외부동선,교통·탑승,기타
SAMPLE-02991,합성 예시 데이터,2025,2025-07-25,7,금요일,5,고학년,5교시,13:13,교실·학습공간,놀이·휴식,미끄러짐
SAMPLE-02992,합성 예시 데이터,2025,2025-03-19,3,수요일,3,고학년,점심시간,12:40,급식·위생공간,식사·위생,화상
SAMPLE-02993,합성 예시 데이터,2021,2021-09-20,9,월요일,2,저학년,하교,15:01,교문·외부동선,이동·보행,넘어짐
SAMPLE-02994,합성 예시 데이터,2021,2021-03-16,3,화요일,5,고학년,쉬는시간,12:47,교실·학습공간,수업·실습,넘어짐
SAMPLE-02995,합성 예시 데이터,2022,2022-09-27,9,화요일,3,고학년,1교시,09:15,운동장,놀이·휴식,넘어짐
SAMPLE-02996,합성 예시 데이터,2024,2024-08-26,8,월요일,2,저학년,하교,15:13,운동장,구기·라켓스포츠,기타
SAMPLE-02997,합성 예시 데이터,2023,2023-12-14,12,목요일,1,저학년,점심시간,12:26,교실·학습공간,수업·실습,부딪힘·충돌
SAMPLE-02998,합성 예시 데이터,2024,2024-09-05,9,목요일,2,저학년,방과후,17:02,강당·체육관,구기·라켓스포츠,넘어짐
SAMPLE-02999,합성 예시 데이터,2021,2021-03-08,3,월요일,2,저학년,하교,16:47,계단·복도,이동·보행,부딪힘·충돌
SAMPLE-03000,합성 예시 데이터,2025,2025-03-21,3,금요일,6,고학년,점심시간,12:51,계단·복도,놀이·휴식,기타
SAMPLE-03001,합성 예시 데이터,2024,2024-05-02,5,목요일,4,고학년,쉬는시간,10:43,계단·복도,이동·보행,부딪힘·충돌
SAMPLE-03002,합성 예시 데이터,2022,2022-10-24,10,월요일,3,고학년,쉬는시간,12:27,계단·복도,이동·보행,미끄러짐
SAMPLE-03003,합성 예시 데이터,2023,2023-06-20,6,화요일,5,고학년,3교시,10:53,교실·학습공간,놀이·휴식,기타
SAMPLE-03004,합성 예시 데이터,2024,2024-07-31,7,수요일,2,저학년,하교,14:21,계단·복도,이동·보행,부딪힘·충돌
SAMPLE-03005,합성 예시 데이터,2022,2022-09-28,9,수요일,5,고학년,방과후,14:38,강당·체육관,구기·라켓스포츠,부딪힘·충돌
SAMPLE-03006,합성 예시 데이터,2021,2021-07-21,7,수요일,3,고학년,등교 전,07:56,계단·복도,이동·보행,추락
SAMPLE-03007,합성 예시 데이터,2022,2022-11-02,11,수요일,3,고학년,5교시,13:33,운동장,놀이·휴식,넘어짐
SAMPLE-03008,합성 예시 데이터,2025,2025-12-03,12,수요일,2,저학년,6교시,13:56,운동장,기타 체육,추락
SAMPLE-03009,합성 예시 데이터,2025,2025-05-29,5,목요일,3,고학년,6교시,14:26,강당·체육관,구기·라켓스포츠,물체에 맞음
SAMPLE-03010,합성 예시 데이터,2023,2023-10-02,10,월요일,1,저학년,쉬는시간,13:04,계단·복도,이동·보행,부딪힘·충돌
SAMPLE-03011,합성 예시 데이터,2025,2025-03-03,3,월요일,4,고학년,점심시간,12:22,운동장,구기·라켓스포츠,물체에 맞음
SAMPLE-03012,합성 예시 데이터,2022,2022-05-16,5,월요일,1,저학년,1교시,09:17,계단·복도,놀이·휴식,부딪힘·충돌
SAMPLE-03013,합성 예시 데이터,2025,2025-09-23,9,화요일,6,고학년,방과후,16:04,운동장,구기·라켓스포츠,넘어짐
SAMPLE-03014,합성 예시 데이터,2024,2024-07-02,7,화요일,3,고학년,방과후,16:29,교실·학습공간,수업·실습,부딪힘·충돌
SAMPLE-03015,합성 예시 데이터,2024,2024-10-21,10,월요일,2,저학년,방과후,15:26,강당·체육관,기타 체육,부딪힘·충돌
SAMPLE-03016,합성 예시 데이터,2025,2025-08-04,8,월요일,5,고학년,하교,15:23,교문·외부동선,놀이·휴식,넘어짐
SAMPLE-03017,합성 예시 데이터,2024,2024-10-22,10,화요일,1,저학년,하교,16:54,운동장,이동·보행,넘어짐
SAMPLE-03018,합성 예시 데이터,2022,2022-04-21,4,목요일,5,고학년,3교시,10:55,교실·학습공간,놀이·휴식,넘어짐
SAMPLE-03019,합성 예시 데이터,2025,2025-03-25,3,화요일,3,고학년,하교,16:52,계단·복도,이동·보행,넘어짐
SAMPLE-03020,합성 예시 데이터,2023,2023-05-08,5,월요일,5,고학년,6교시,14:28,운동장,구기·라켓스포츠,기타
SAMPLE-03021,합성 예시 데이터,2024,2024-07-09,7,화요일,6,고학년,6교시,14:18,교실·학습공간,놀이·휴식,부딪힘·충돌
SAMPLE-03022,합성 예시 데이터,2023,2023-07-03,7,월요일,6,고학년,2교시,10:03,교실·학습공간,수업·실습,부딪힘·충돌
SAMPLE-03023,합성 예시 데이터,2025,2025-08-04,8,월요일,5,고학년,점심시간,12:17,계단·복도,놀이·휴식,넘어짐
SAMPLE-03024,합성 예시 데이터,2021,2021-11-01,11,월요일,3,고학년,3교시,11:08,교실·학습공간,이동·보행,부딪힘·충돌
SAMPLE-03025,합성 예시 데이터,2025,2025-11-27,11,목요일,3,고학년,점심시간,12:33,급식·위생공간,식사·위생,넘어짐
SAMPLE-03026,합성 예시 데이터,2024,2024-05-28,5,화요일,4,고학년,방과후,16:02,강당·체육관,구기·라켓스포츠,물체에 맞음
SAMPLE-03027,합성 예시 데이터,2023,2023-04-24,4,월요일,2,저학년,방과후,17:12,강당·체육관,구기·라켓스포츠,부딪힘·충돌
SAMPLE-03028,합성 예시 데이터,2024,2024-05-23,5,목요일,6,고학년,6교시,14:20,운동장,이동·보행,추락
SAMPLE-03029,합성 예시 데이터,2024,2024-08-27,8,화요일,5,고학년,3교시,10:55,교실·학습공간,놀이·휴식,기타
SAMPLE-03030,합성 예시 데이터,2023,2023-03-28,3,화요일,1,저학년,점심시간,12:44,교실·학습공간,이동·보행,넘어짐
SAMPLE-03031,합성 예시 데이터,2023,2023-03-30,3,목요일,1,저학년,1교시,09:47,계단·복도,이동·보행,미끄러짐
SAMPLE-03032,합성 예시 데이터,2022,2022-05-16,5,월요일,4,고학년,쉬는시간,11:00,교실·학습공간,수업·실습,넘어짐
SAMPLE-03033,합성 예시 데이터,2025,2025-05-29,5,목요일,2,저학년,2교시,10:07,강당·체육관,기타 체육,넘어짐
SAMPLE-03034,합성 예시 데이터,2025,2025-11-03,11,월요일,6,고학년,2교시,10:16,운동장,구기·라켓스포츠,부딪힘·충돌
SAMPLE-03035,합성 예시 데이터,2021,2021-09-02,9,목요일,6,고학년,하교,15:30,교문·외부동선,이동·보행,넘어짐
SAMPLE-03036,합성 예시 데이터,2022,2022-03-31,3,목요일,5,고학년,3교시,10:56,강당·체육관,구기·라켓스포츠,넘어짐
SAMPLE-03037,합성 예시 데이터,2024,2024-11-19,11,화요일,3,고학년,6교시,14:17,교실·학습공간,수업·실습,물체에 맞음
SAMPLE-03038,합성 예시 데이터,2024,2024-09-02,9,월요일,4,고학년,3교시,10:41,운동장,구기·라켓스포츠,부딪힘·충돌
SAMPLE-03039,합성 예시 데이터,2025,2025-05-16,5,금요일,1,저학년,3교시,11:02,운동장,놀이·휴식,넘어짐
SAMPLE-03040,합성 예시 데이터,2023,2023-09-04,9,월요일,4,고학년,쉬는시간,11:38,교실·학습공간,수업·실습,부딪힘·충돌
SAMPLE-03041,합성 예시 데이터,2025,2025-03-14,3,금요일,3,고학년,4교시,11:59,교실·학습공간,수업·실습,부딪힘·충돌
SAMPLE-03042,합성 예시 데이터,2023,2023-04-07,4,금요일,1,저학년,3교시,11:16,강당·체육관,기타 체육,추락
SAMPLE-03043,합성 예시 데이터,2023,2023-08-17,8,목요일,4,고학년,5교시,13:43,교실·학습공간,놀이·휴식,기타
SAMPLE-03044,합성 예시 데이터,2021,2021-05-04,5,화요일,1,저학년,점심시간,12:46,교실·학습공간,놀이·휴식,미끄러짐
SAMPLE-03045,합성 예시 데이터,2024,2024-12-13,12,금요일,6,고학년,쉬는시간,10:24,운동장,구기·라켓스포츠,물체에 맞음
SAMPLE-03046,합성 예시 데이터,2024,2024-08-20,8,화요일,1,저학년,점심시간,12:40,계단·복도,이동·보행,부딪힘·충돌
SAMPLE-03047,합성 예시 데이터,2021,2021-05-17,5,월요일,4,고학년,5교시,13:13,교실·학습공간,수업·실습,물체에 맞음
SAMPLE-03048,합성 예시 데이터,2024,2024-09-12,9,목요일,1,저학년,점심시간,12:50,급식·위생공간,놀이·휴식,미끄러짐
SAMPLE-03049,합성 예시 데이터,2023,2023-06-13,6,화요일,1,저학년,쉬는시간,11:44,계단·복도,놀이·휴식,기타
SAMPLE-03050,합성 예시 데이터,2024,2024-12-20,12,금요일,2,저학년,쉬는시간,13:34,교실·학습공간,이동·보행,부딪힘·충돌
SAMPLE-03051,합성 예시 데이터,2024,2024-04-18,4,목요일,6,고학년,등교 전,07:50,교실·학습공간,놀이·휴식,넘어짐
SAMPLE-03052,합성 예시 데이터,2021,2021-10-22,10,금요일,2,저학년,하교,16:07,교문·외부동선,이동·보행,넘어짐
SAMPLE-03053,합성 예시 데이터,2024,2024-04-12,4,금요일,6,고학년,방과후,17:15,강당·체육관,기타 체육,부딪힘·충돌
SAMPLE-03054,합성 예시 데이터,2022,2022-11-11,11,금요일,1,저학년,1교시,09:39,강당·체육관,기타 체육,넘어짐
SAMPLE-03055,합성 예시 데이터,2023,2023-03-03,3,금요일,4,고학년,점심시간,12:25,계단·복도,이동·보행,추락
SAMPLE-03056,합성 예시 데이터,2023,2023-07-25,7,화요일,1,저학년,하교,14:03,교실·학습공간,수업·실습,기타
SAMPLE-03057,합성 예시 데이터,2024,2024-10-01,10,화요일,5,고학년,점심시간,12:50,급식·위생공간,이동·보행,미끄러짐
SAMPLE-03058,합성 예시 데이터,2025,2025-12-11,12,목요일,3,고학년,1교시,09:35,계단·복도,이동·보행,넘어짐
SAMPLE-03059,합성 예시 데이터,2021,2021-08-24,8,화요일,5,고학년,하교,16:12,교문·외부동선,이동·보행,넘어짐
SAMPLE-03060,합성 예시 데이터,2021,2021-12-20,12,월요일,3,고학년,2교시,10:06,강당·체육관,기타 체육,넘어짐
SAMPLE-03061,합성 예시 데이터,2023,2023-08-03,8,목요일,5,고학년,1교시,09:28,강당·체육관,구기·라켓스포츠,부딪힘·충돌
SAMPLE-03062,합성 예시 데이터,2023,2023-05-11,5,목요일,3,고학년,2교시,10:01,강당·체육관,이동·보행,미끄러짐
SAMPLE-03063,합성 예시 데이터,2025,2025-06-27,6,금요일,6,고학년,3교시,10:51,운동장,기타 체육,넘어짐
SAMPLE-03064,합성 예시 데이터,2023,2023-10-06,10,금요일,3,고학년,6교시,13:57,계단·복도,놀이·휴식,넘어짐
SAMPLE-03065,합성 예시 데이터,2025,2025-04-24,4,목요일,4,고학년,6교시,14:00,운동장,기타 체육,기타
SAMPLE-03066,합성 예시 데이터,2022,2022-08-25,8,목요일,1,저학년,1교시,09:15,교실·학습공간,놀이·휴식,넘어짐
SAMPLE-03067,합성 예시 데이터,2021,2021-05-20,5,목요일,3,고학년,5교시,13:12,강당·체육관,구기·라켓스포츠,물체에 맞음
SAMPLE-03068,합성 예시 데이터,2025,2025-12-17,12,수요일,3,고학년,쉬는시간,13:40,계단·복도,놀이·휴식,넘어짐
SAMPLE-03069,합성 예시 데이터,2025,2025-11-03,11,월요일,1,저학년,2교시,10:25,강당·체육관,기타 체육,넘어짐
SAMPLE-03070,합성 예시 데이터,2021,2021-10-25,10,월요일,2,저학년,점심시간,12:15,운동장,구기·라켓스포츠,물체에 맞음
SAMPLE-03071,합성 예시 데이터,2023,2023-07-24,7,월요일,6,고학년,방과후,16:07,교실·학습공간,놀이·휴식,기타
SAMPLE-03072,합성 예시 데이터,2025,2025-04-16,4,수요일,3,고학년,3교시,10:41,교실·학습공간,놀이·휴식,미끄러짐
SAMPLE-03073,합성 예시 데이터,2023,2023-03-20,3,월요일,4,고학년,4교시,11:45,강당·체육관,구기·라켓스포츠,부딪힘·충돌
SAMPLE-03074,합성 예시 데이터,2021,2021-03-24,3,수요일,6,고학년,3교시,11:11,운동장,이동·보행,넘어짐
SAMPLE-03075,합성 예시 데이터,2025,2025-07-09,7,수요일,5,고학년,등교 전,08:30,교실·학습공간,수업·실습,기타
SAMPLE-03076,합성 예시 데이터,2022,2022-08-16,8,화요일,1,저학년,쉬는시간,11:24,계단·복도,이동·보행,추락
SAMPLE-03077,합성 예시 데이터,2023,2023-09-04,9,월요일,4,고학년,6교시,13:54,운동장,구기·라켓스포츠,부딪힘·충돌
SAMPLE-03078,합성 예시 데이터,2025,2025-05-02,5,금요일,4,고학년,2교시,09:50,강당·체육관,구기·라켓스포츠,부딪힘·충돌
SAMPLE-03079,합성 예시 데이터,2021,2021-09-22,9,수요일,2,저학년,쉬는시간,11:43,교실·학습공간,놀이·휴식,넘어짐
SAMPLE-03080,합성 예시 데이터,2025,2025-08-18,8,월요일,2,저학년,쉬는시간,13:52,교실·학습공간,수업·실습,부딪힘·충돌
SAMPLE-03081,합성 예시 데이터,2024,2024-11-18,11,월요일,6,고학년,하교,17:22,계단·복도,이동·보행,부딪힘·충돌
SAMPLE-03082,합성 예시 데이터,2025,2025-10-20,10,월요일,2,저학년,1교시,09:26,강당·체육관,구기·라켓스포츠,넘어짐
SAMPLE-03083,합성 예시 데이터,2025,2025-12-02,12,화요일,3,고학년,점심시간,12:21,교실·학습공간,이동·보행,넘어짐
SAMPLE-03084,합성 예시 데이터,2025,2025-09-09,9,화요일,3,고학년,점심시간,12:57,계단·복도,이동·보행,미끄러짐
SAMPLE-03085,합성 예시 데이터,2024,2024-08-01,8,목요일,3,고학년,3교시,11:21,운동장,놀이·휴식,부딪힘·충돌
SAMPLE-03086,합성 예시 데이터,2022,2022-05-18,5,수요일,4,고학년,5교시,13:01,강당·체육관,기타 체육,넘어짐
SAMPLE-03087,합성 예시 데이터,2024,2024-07-11,7,목요일,2,저학년,점심시간,12:44,계단·복도,이동·보행,부딪힘·충돌
SAMPLE-03088,합성 예시 데이터,2022,2022-08-03,8,수요일,4,고학년,6교시,14:19,운동장,놀이·휴식,넘어짐
SAMPLE-03089,합성 예시 데이터,2021,2021-04-07,4,수요일,4,고학년,쉬는시간,13:14,계단·복도,이동·보행,추락
SAMPLE-03090,합성 예시 데이터,2022,2022-04-01,4,금요일,5,고학년,2교시,10:11,강당·체육관,기타 체육,넘어짐
SAMPLE-03091,합성 예시 데이터,2023,2023-03-27,3,월요일,5,고학년,쉬는시간,11:37,운동장,놀이·휴식,넘어짐
SAMPLE-03092,합성 예시 데이터,2025,2025-07-22,7,화요일,3,고학년,하교,16:21,계단·복도,놀이·휴식,부딪힘·충돌
SAMPLE-03093,합성 예시 데이터,2022,2022-10-20,10,목요일,1,저학년,5교시,13:06,강당·체육관,구기·라켓스포츠,부딪힘·충돌
SAMPLE-03094,합성 예시 데이터,2023,2023-05-31,5,수요일,2,저학년,쉬는시간,11:17,운동장,놀이·휴식,넘어짐
SAMPLE-03095,합성 예시 데이터,2022,2022-12-19,12,월요일,6,고학년,6교시,14:23,교실·학습공간,수업·실습,넘어짐
SAMPLE-03096,합성 예시 데이터,2024,2024-07-08,7,월요일,4,고학년,방과후,15:06,운동장,구기·라켓스포츠,물체에 맞음
SAMPLE-03097,합성 예시 데이터,2021,2021-11-25,11,목요일,2,저학년,점심시간,12:42,운동장,구기·라켓스포츠,기타
SAMPLE-03098,합성 예시 데이터,2022,2022-10-03,10,월요일,2,저학년,5교시,13:41,계단·복도,이동·보행,미끄러짐
SAMPLE-03099,합성 예시 데이터,2022,2022-11-01,11,화요일,1,저학년,쉬는시간,12:12,계단·복도,이동·보행,부딪힘·충돌
SAMPLE-03100,합성 예시 데이터,2021,2021-09-09,9,목요일,2,저학년,5교시,13:31,교실·학습공간,수업·실습,넘어짐
SAMPLE-03101,합성 예시 데이터,2024,2024-12-18,12,수요일,1,저학년,1교시,09:42,운동장,구기·라켓스포츠,넘어짐
SAMPLE-03102,합성 예시 데이터,2021,2021-12-15,12,수요일,1,저학년,5교시,13:30,강당·체육관,구기·라켓스포츠,부딪힘·충돌
SAMPLE-03103,합성 예시 데이터,2021,2021-09-30,9,목요일,5,고학년,2교시,10:29,강당·체육관,구기·라켓스포츠,부딪힘·충돌
SAMPLE-03104,합성 예시 데이터,2023,2023-11-22,11,수요일,4,고학년,4교시,11:37,강당·체육관,이동·보행,미끄러짐
SAMPLE-03105,합성 예시 데이터,2025,2025-03-03,3,월요일,2,저학년,점심시간,12:48,급식·위생공간,놀이·휴식,넘어짐
SAMPLE-03106,합성 예시 데이터,2025,2025-05-19,5,월요일,4,고학년,2교시,10:22,운동장,기타 체육,넘어짐
SAMPLE-03107,합성 예시 데이터,2022,2022-03-04,3,금요일,3,고학년,4교시,11:41,강당·체육관,기타 체육,추락
SAMPLE-03108,합성 예시 데이터,2023,2023-08-01,8,화요일,1,저학년,하교,14:35,계단·복도,이동·보행,넘어짐
SAMPLE-03109,합성 예시 데이터,2024,2024-08-12,8,월요일,2,저학년,4교시,11:44,계단·복도,놀이·휴식,부딪힘·충돌
SAMPLE-03110,합성 예시 데이터,2025,2025-11-20,11,목요일,6,고학년,4교시,12:01,계단·복도,기타,넘어짐
SAMPLE-03111,합성 예시 데이터,2025,2025-04-03,4,목요일,5,고학년,방과후,15:09,강당·체육관,구기·라켓스포츠,넘어짐
SAMPLE-03112,합성 예시 데이터,2021,2021-11-12,11,금요일,4,고학년,방과후,15:20,강당·체육관,구기·라켓스포츠,물체에 맞음
SAMPLE-03113,합성 예시 데이터,2024,2024-07-12,7,금요일,2,저학년,3교시,10:42,강당·체육관,구기·라켓스포츠,부딪힘·충돌
SAMPLE-03114,합성 예시 데이터,2023,2023-05-05,5,금요일,4,고학년,1교시,09:27,계단·복도,이동·보행,넘어짐
SAMPLE-03115,합성 예시 데이터,2025,2025-07-10,7,목요일,2,저학년,하교,17:06,계단·복도,기타,넘어짐
SAMPLE-03116,합성 예시 데이터,2023,2023-10-18,10,수요일,5,고학년,점심시간,12:26,운동장,기타 체육,부딪힘·충돌
SAMPLE-03117,합성 예시 데이터,2023,2023-07-03,7,월요일,4,고학년,4교시,12:05,운동장,기타 체육,부딪힘·충돌
SAMPLE-03118,합성 예시 데이터,2025,2025-03-06,3,목요일,6,고학년,하교,17:02,계단·복도,놀이·휴식,넘어짐
SAMPLE-03119,합성 예시 데이터,2021,2021-09-22,9,수요일,6,고학년,방과후,17:03,계단·복도,이동·보행,미끄러짐
SAMPLE-03120,합성 예시 데이터,2024,2024-05-31,5,금요일,4,고학년,쉬는시간,11:09,화장실·위생공간,이동·보행,부딪힘·충돌
SAMPLE-03121,합성 예시 데이터,2025,2025-07-23,7,수요일,5,고학년,5교시,13:49,교실·학습공간,수업·실습,기타
SAMPLE-03122,합성 예시 데이터,2025,2025-05-30,5,금요일,6,고학년,4교시,12:07,교실·학습공간,수업·실습,넘어짐
SAMPLE-03123,합성 예시 데이터,2025,2025-08-22,8,금요일,3,고학년,5교시,13:11,운동장,구기·라켓스포츠,부딪힘·충돌
SAMPLE-03124,합성 예시 데이터,2022,2022-12-07,12,수요일,6,고학년,점심시간,12:54,계단·복도,이동·보행,넘어짐
SAMPLE-03125,합성 예시 데이터,2023,2023-07-18,7,화요일,6,고학년,쉬는시간,12:19,화장실·위생공간,이동·보행,부딪힘·충돌
SAMPLE-03126,합성 예시 데이터,2021,2021-11-10,11,수요일,5,고학년,6교시,14:12,운동장,이동·보행,미끄러짐
SAMPLE-03127,합성 예시 데이터,2022,2022-04-28,4,목요일,6,고학년,쉬는시간,14:15,계단·복도,놀이·휴식,넘어짐
SAMPLE-03128,합성 예시 데이터,2025,2025-06-09,6,월요일,3,고학년,쉬는시간,11:36,운동장,놀이·휴식,넘어짐
SAMPLE-03129,합성 예시 데이터,2025,2025-11-05,11,수요일,4,고학년,점심시간,12:28,급식·위생공간,이동·보행,부딪힘·충돌
SAMPLE-03130,합성 예시 데이터,2022,2022-07-18,7,월요일,4,고학년,1교시,09:43,계단·복도,이동·보행,부딪힘·충돌
SAMPLE-03131,합성 예시 데이터,2023,2023-03-03,3,금요일,2,저학년,쉬는시간,11:00,계단·복도,기타,부딪힘·충돌
SAMPLE-03132,합성 예시 데이터,2025,2025-09-05,9,금요일,6,고학년,쉬는시간,13:55,운동장,구기·라켓스포츠,부딪힘·충돌
SAMPLE-03133,합성 예시 데이터,2025,2025-06-13,6,금요일,2,저학년,쉬는시간,11:58,화장실·위생공간,식사·위생,미끄러짐
SAMPLE-03134,합성 예시 데이터,2021,2021-06-24,6,목요일,4,고학년,방과후,17:13,운동장,기타 체육,추락
SAMPLE-03135,합성 예시 데이터,2025,2025-05-19,5,월요일,5,고학년,5교시,13:19,강당·체육관,구기·라켓스포츠,부딪힘·충돌
SAMPLE-03136,합성 예시 데이터,2025,2025-09-05,9,금요일,6,고학년,등교 전,07:58,교문·외부동선,이동·보행,부딪힘·충돌
SAMPLE-03137,합성 예시 데이터,2023,2023-07-11,7,화요일,5,고학년,6교시,13:53,교실·학습공간,수업·실습,넘어짐
SAMPLE-03138,합성 예시 데이터,2022,2022-12-02,12,금요일,1,저학년,쉬는시간,12:02,교실·학습공간,이동·보행,넘어짐
SAMPLE-03139,합성 예시 데이터,2024,2024-10-28,10,월요일,6,고학년,4교시,11:32,교실·학습공간,놀이·휴식,넘어짐
SAMPLE-03140,합성 예시 데이터,2022,2022-11-17,11,목요일,3,고학년,쉬는시간,13:12,계단·복도,이동·보행,미끄러짐
SAMPLE-03141,합성 예시 데이터,2025,2025-04-16,4,수요일,6,고학년,쉬는시간,10:03,운동장,이동·보행,부딪힘·충돌
SAMPLE-03142,합성 예시 데이터,2022,2022-03-30,3,수요일,2,저학년,점심시간,12:15,급식·위생공간,식사·위생,기타
SAMPLE-03143,합성 예시 데이터,2023,2023-10-05,10,목요일,6,고학년,2교시,10:13,계단·복도,이동·보행,넘어짐
SAMPLE-03144,합성 예시 데이터,2022,2022-09-27,9,화요일,2,저학년,점심시간,12:18,급식·위생공간,식사·위생,넘어짐
SAMPLE-03145,합성 예시 데이터,2024,2024-08-05,8,월요일,4,고학년,쉬는시간,10:15,계단·복도,놀이·휴식,넘어짐
SAMPLE-03146,합성 예시 데이터,2023,2023-07-24,7,월요일,5,고학년,하교,17:05,계단·복도,기타,부딪힘·충돌
SAMPLE-03147,합성 예시 데이터,2021,2021-09-22,9,수요일,3,고학년,쉬는시간,11:56,계단·복도,이동·보행,넘어짐
SAMPLE-03148,합성 예시 데이터,2025,2025-10-16,10,목요일,1,저학년,3교시,10:40,교실·학습공간,수업·실습,물체에 맞음
SAMPLE-03149,합성 예시 데이터,2023,2023-08-29,8,화요일,5,고학년,4교시,11:31,교실·학습공간,수업·실습,넘어짐
SAMPLE-03150,합성 예시 데이터,2024,2024-04-16,4,화요일,1,저학년,쉬는시간,09:45,교실·학습공간,수업·실습,기타
SAMPLE-03151,합성 예시 데이터,2025,2025-12-17,12,수요일,3,고학년,방과후,15:47,운동장,구기·라켓스포츠,부딪힘·충돌
SAMPLE-03152,합성 예시 데이터,2023,2023-12-15,12,금요일,6,고학년,점심시간,12:19,급식·위생공간,식사·위생,기타
SAMPLE-03153,합성 예시 데이터,2022,2022-07-29,7,금요일,1,저학년,5교시,13:11,교실·학습공간,수업·실습,넘어짐
SAMPLE-03154,합성 예시 데이터,2021,2021-08-18,8,수요일,1,저학년,쉬는시간,11:59,교실·학습공간,수업·실습,부딪힘·충돌
SAMPLE-03155,합성 예시 데이터,2023,2023-08-01,8,화요일,5,고학년,3교시,11:06,계단·복도,이동·보행,부딪힘·충돌
SAMPLE-03156,합성 예시 데이터,2023,2023-08-03,8,목요일,6,고학년,점심시간,12:34,교실·학습공간,수업·실습,기타
SAMPLE-03157,합성 예시 데이터,2025,2025-07-04,7,금요일,2,저학년,3교시,11:27,계단·복도,이동·보행,미끄러짐
SAMPLE-03158,합성 예시 데이터,2025,2025-07-02,7,수요일,5,고학년,5교시,13:25,강당·체육관,구기·라켓스포츠,부딪힘·충돌
SAMPLE-03159,합성 예시 데이터,2023,2023-07-05,7,수요일,4,고학년,5교시,13:29,계단·복도,이동·보행,넘어짐
SAMPLE-03160,합성 예시 데이터,2023,2023-06-01,6,목요일,6,고학년,6교시,14:26,강당·체육관,기타 체육,추락
SAMPLE-03161,합성 예시 데이터,2021,2021-06-23,6,수요일,3,고학년,쉬는시간,11:12,교실·학습공간,놀이·휴식,부딪힘·충돌
SAMPLE-03162,합성 예시 데이터,2022,2022-05-20,5,금요일,4,고학년,6교시,13:52,교실·학습공간,수업·실습,넘어짐
SAMPLE-03163,합성 예시 데이터,2024,2024-11-28,11,목요일,3,고학년,점심시간,12:41,급식·위생공간,이동·보행,넘어짐
SAMPLE-03164,합성 예시 데이터,2021,2021-08-31,8,화요일,6,고학년,6교시,13:55,계단·복도,이동·보행,미끄러짐
SAMPLE-03165,합성 예시 데이터,2023,2023-04-06,4,목요일,5,고학년,4교시,12:06,계단·복도,기타,부딪힘·충돌
SAMPLE-03166,합성 예시 데이터,2025,2025-09-15,9,월요일,5,고학년,5교시,13:29,강당·체육관,구기·라켓스포츠,기타
SAMPLE-03167,합성 예시 데이터,2022,2022-07-22,7,금요일,6,고학년,6교시,13:56,운동장,구기·라켓스포츠,부딪힘·충돌
SAMPLE-03168,합성 예시 데이터,2022,2022-10-06,10,목요일,1,저학년,점심시간,12:24,운동장,놀이·휴식,부딪힘·충돌
SAMPLE-03169,합성 예시 데이터,2021,2021-06-30,6,수요일,6,고학년,점심시간,12:53,급식·위생공간,식사·위생,미끄러짐
SAMPLE-03170,합성 예시 데이터,2022,2022-08-02,8,화요일,1,저학년,1교시,09:07,교실·학습공간,수업·실습,넘어짐
SAMPLE-03171,합성 예시 데이터,2022,2022-09-13,9,화요일,1,저학년,쉬는시간,12:23,교실·학습공간,놀이·휴식,미끄러짐
SAMPLE-03172,합성 예시 데이터,2021,2021-09-27,9,월요일,4,고학년,5교시,13:24,계단·복도,기타,기타
SAMPLE-03173,합성 예시 데이터,2025,2025-06-11,6,수요일,1,저학년,방과후,15:46,교실·학습공간,수업·실습,넘어짐
SAMPLE-03174,합성 예시 데이터,2021,2021-04-14,4,수요일,1,저학년,쉬는시간,13:40,교실·학습공간,놀이·휴식,부딪힘·충돌
SAMPLE-03175,합성 예시 데이터,2021,2021-06-02,6,수요일,1,저학년,쉬는시간,10:24,계단·복도,이동·보행,미끄러짐
SAMPLE-03176,합성 예시 데이터,2023,2023-10-16,10,월요일,1,저학년,쉬는시간,10:33,운동장,구기·라켓스포츠,물체에 맞음
SAMPLE-03177,합성 예시 데이터,2025,2025-06-23,6,월요일,1,저학년,쉬는시간,09:41,교실·학습공간,수업·실습,물체에 맞음
SAMPLE-03178,합성 예시 데이터,2023,2023-05-24,5,수요일,2,저학년,2교시,10:14,교실·학습공간,수업·실습,넘어짐
SAMPLE-03179,합성 예시 데이터,2024,2024-05-24,5,금요일,2,저학년,하교,14:02,교실·학습공간,놀이·휴식,부딪힘·충돌
SAMPLE-03180,합성 예시 데이터,2024,2024-04-25,4,목요일,5,고학년,하교,16:45,계단·복도,놀이·휴식,기타
SAMPLE-03181,합성 예시 데이터,2023,2023-04-03,4,월요일,6,고학년,6교시,14:20,교실·학습공간,수업·실습,물체에 맞음
SAMPLE-03182,합성 예시 데이터,2025,2025-05-20,5,화요일,6,고학년,1교시,09:36,교실·학습공간,이동·보행,부딪힘·충돌
SAMPLE-03183,합성 예시 데이터,2021,2021-11-26,11,금요일,6,고학년,6교시,14:15,운동장,기타 체육,넘어짐
SAMPLE-03184,합성 예시 데이터,2025,2025-06-18,6,수요일,5,고학년,쉬는시간,11:23,교실·학습공간,수업·실습,부딪힘·충돌
SAMPLE-03185,합성 예시 데이터,2021,2021-08-09,8,월요일,1,저학년,점심시간,12:33,교실·학습공간,놀이·휴식,부딪힘·충돌
SAMPLE-03186,합성 예시 데이터,2024,2024-09-03,9,화요일,2,저학년,2교시,10:39,계단·복도,이동·보행,넘어짐
SAMPLE-03187,합성 예시 데이터,2022,2022-07-22,7,금요일,2,저학년,3교시,10:47,계단·복도,이동·보행,미끄러짐
SAMPLE-03188,합성 예시 데이터,2025,2025-04-10,4,목요일,1,저학년,점심시간,12:25,계단·복도,이동·보행,넘어짐
SAMPLE-03189,합성 예시 데이터,2022,2022-11-04,11,금요일,2,저학년,점심시간,12:50,교실·학습공간,놀이·휴식,넘어짐
SAMPLE-03190,합성 예시 데이터,2021,2021-04-27,4,화요일,5,고학년,2교시,10:36,교실·학습공간,놀이·휴식,넘어짐
SAMPLE-03191,합성 예시 데이터,2023,2023-05-24,5,수요일,3,고학년,쉬는시간,14:05,운동장,놀이·휴식,넘어짐
SAMPLE-03192,합성 예시 데이터,2022,2022-06-03,6,금요일,5,고학년,하교,15:33,교실·학습공간,놀이·휴식,넘어짐
SAMPLE-03193,합성 예시 데이터,2025,2025-05-28,5,수요일,4,고학년,하교,17:29,교실·학습공간,이동·보행,미끄러짐
SAMPLE-03194,합성 예시 데이터,2025,2025-06-16,6,월요일,3,고학년,방과후,15:13,계단·복도,이동·보행,부딪힘·충돌
SAMPLE-03195,합성 예시 데이터,2021,2021-04-19,4,월요일,4,고학년,하교,14:28,계단·복도,이동·보행,넘어짐
SAMPLE-03196,합성 예시 데이터,2024,2024-04-24,4,수요일,2,저학년,방과후,14:45,운동장,놀이·휴식,미끄러짐
SAMPLE-03197,합성 예시 데이터,2024,2024-03-27,3,수요일,4,고학년,점심시간,12:54,계단·복도,이동·보행,넘어짐
SAMPLE-03198,합성 예시 데이터,2022,2022-11-04,11,금요일,5,고학년,쉬는시간,12:37,계단·복도,이동·보행,넘어짐
SAMPLE-03199,합성 예시 데이터,2024,2024-11-25,11,월요일,1,저학년,쉬는시간,13:17,화장실·위생공간,식사·위생,넘어짐
SAMPLE-03200,합성 예시 데이터,2024,2024-09-19,9,목요일,6,고학년,6교시,14:18,강당·체육관,구기·라켓스포츠,부딪힘·충돌
SAMPLE-03201,합성 예시 데이터,2022,2022-09-20,9,화요일,4,고학년,점심시간,12:22,급식·위생공간,식사·위생,화상
SAMPLE-03202,합성 예시 데이터,2021,2021-08-05,8,목요일,6,고학년,쉬는시간,14:14,운동장,구기·라켓스포츠,기타
SAMPLE-03203,합성 예시 데이터,2024,2024-06-25,6,화요일,1,저학년,방과후,16:42,운동장,구기·라켓스포츠,부딪힘·충돌
SAMPLE-03204,합성 예시 데이터,2025,2025-12-01,12,월요일,2,저학년,2교시,10:27,운동장,기타 체육,추락
SAMPLE-03205,합성 예시 데이터,2024,2024-03-06,3,수요일,3,고학년,5교시,13:18,교실·학습공간,놀이·휴식,부딪힘·충돌
SAMPLE-03206,합성 예시 데이터,2022,2022-10-25,10,화요일,2,저학년,쉬는시간,13:10,계단·복도,이동·보행,미끄러짐
SAMPLE-03207,합성 예시 데이터,2023,2023-05-03,5,수요일,4,고학년,점심시간,12:41,계단·복도,이동·보행,넘어짐
SAMPLE-03208,합성 예시 데이터,2021,2021-07-08,7,목요일,3,고학년,2교시,10:24,교실·학습공간,놀이·휴식,미끄러짐
SAMPLE-03209,합성 예시 데이터,2022,2022-03-03,3,목요일,4,고학년,4교시,11:47,운동장,구기·라켓스포츠,넘어짐
SAMPLE-03210,합성 예시 데이터,2025,2025-08-22,8,금요일,2,저학년,5교시,13:34,운동장,기타 체육,부딪힘·충돌
SAMPLE-03211,합성 예시 데이터,2021,2021-10-25,10,월요일,3,고학년,점심시간,12:19,운동장,구기·라켓스포츠,넘어짐
SAMPLE-03212,합성 예시 데이터,2025,2025-09-12,9,금요일,5,고학년,점심시간,12:29,급식·위생공간,식사·위생,넘어짐
SAMPLE-03213,합성 예시 데이터,2022,2022-07-21,7,목요일,5,고학년,하교,15:28,교문·외부동선,이동·보행,넘어짐
SAMPLE-03214,합성 예시 데이터,2023,2023-07-31,7,월요일,4,고학년,3교시,11:25,교실·학습공간,놀이·휴식,넘어짐
SAMPLE-03215,합성 예시 데이터,2025,2025-10-31,10,금요일,6,고학년,6교시,14:22,교실·학습공간,수업·실습,넘어짐
SAMPLE-03216,합성 예시 데이터,2025,2025-05-20,5,화요일,5,고학년,6교시,14:15,교실·학습공간,이동·보행,추락
SAMPLE-03217,합성 예시 데이터,2021,2021-05-25,5,화요일,6,고학년,점심시간,12:10,급식·위생공간,식사·위생,화상
SAMPLE-03218,합성 예시 데이터,2024,2024-07-30,7,화요일,5,고학년,1교시,09:32,계단·복도,이동·보행,부딪힘·충돌
SAMPLE-03219,합성 예시 데이터,2021,2021-05-19,5,수요일,1,저학년,6교시,13:51,계단·복도,놀이·휴식,넘어짐
SAMPLE-03220,합성 예시 데이터,2021,2021-12-16,12,목요일,5,고학년,점심시간,12:20,교실·학습공간,수업·실습,부딪힘·충돌
SAMPLE-03221,합성 예시 데이터,2023,2023-10-24,10,화요일,4,고학년,점심시간,12:30,급식·위생공간,식사·위생,넘어짐
SAMPLE-03222,합성 예시 데이터,2024,2024-07-19,7,금요일,3,고학년,4교시,11:59,강당·체육관,기타 체육,넘어짐
SAMPLE-03223,합성 예시 데이터,2021,2021-08-10,8,화요일,6,고학년,쉬는시간,12:11,계단·복도,놀이·휴식,부딪힘·충돌
SAMPLE-03224,합성 예시 데이터,2021,2021-06-10,6,목요일,1,저학년,방과후,14:41,강당·체육관,구기·라켓스포츠,넘어짐
SAMPLE-03225,합성 예시 데이터,2024,2024-04-17,4,수요일,2,저학년,쉬는시간,14:10,운동장,기타 체육,넘어짐
SAMPLE-03226,합성 예시 데이터,2021,2021-04-27,4,화요일,4,고학년,쉬는시간,09:45,계단·복도,이동·보행,부딪힘·충돌
SAMPLE-03227,합성 예시 데이터,2025,2025-06-20,6,금요일,6,고학년,1교시,09:20,강당·체육관,구기·라켓스포츠,물체에 맞음
SAMPLE-03228,합성 예시 데이터,2022,2022-10-10,10,월요일,2,저학년,쉬는시간,13:46,화장실·위생공간,이동·보행,추락
SAMPLE-03229,합성 예시 데이터,2023,2023-03-14,3,화요일,6,고학년,방과후,15:36,운동장,놀이·휴식,미끄러짐
SAMPLE-03230,합성 예시 데이터,2021,2021-09-24,9,금요일,6,고학년,쉬는시간,13:16,교실·학습공간,이동·보행,추락
SAMPLE-03231,합성 예시 데이터,2025,2025-06-12,6,목요일,6,고학년,6교시,14:07,교실·학습공간,이동·보행,미끄러짐
SAMPLE-03232,합성 예시 데이터,2023,2023-10-09,10,월요일,6,고학년,하교,15:59,교문·외부동선,이동·보행,미끄러짐
SAMPLE-03233,합성 예시 데이터,2022,2022-09-06,9,화요일,2,저학년,쉬는시간,13:26,계단·복도,이동·보행,추락
SAMPLE-03234,합성 예시 데이터,2022,2022-09-02,9,금요일,6,고학년,점심시간,12:26,교실·학습공간,놀이·휴식,넘어짐
SAMPLE-03235,합성 예시 데이터,2025,2025-05-28,5,수요일,4,고학년,6교시,13:58,운동장,기타 체육,추락
SAMPLE-03236,합성 예시 데이터,2023,2023-08-04,8,금요일,4,고학년,쉬는시간,10:55,화장실·위생공간,식사·위생,미끄러짐
SAMPLE-03237,합성 예시 데이터,2021,2021-04-12,4,월요일,4,고학년,2교시,10:15,교실·학습공간,수업·실습,물체에 맞음
SAMPLE-03238,합성 예시 데이터,2021,2021-07-26,7,월요일,1,저학년,점심시간,12:13,급식·위생공간,식사·위생,기타
SAMPLE-03239,합성 예시 데이터,2023,2023-11-15,11,수요일,3,고학년,등교 전,07:54,교문·외부동선,이동·보행,부딪힘·충돌
SAMPLE-03240,합성 예시 데이터,2021,2021-12-02,12,목요일,4,고학년,하교,14:23,교실·학습공간,이동·보행,미끄러짐
SAMPLE-03241,합성 예시 데이터,2023,2023-03-31,3,금요일,4,고학년,점심시간,12:35,급식·위생공간,식사·위생,기타
SAMPLE-03242,합성 예시 데이터,2021,2021-08-04,8,수요일,1,저학년,방과후,15:21,강당·체육관,구기·라켓스포츠,넘어짐
SAMPLE-03243,합성 예시 데이터,2022,2022-03-14,3,월요일,5,고학년,6교시,13:53,강당·체육관,기타 체육,부딪힘·충돌
SAMPLE-03244,합성 예시 데이터,2025,2025-03-21,3,금요일,2,저학년,5교시,13:15,강당·체육관,구기·라켓스포츠,기타
SAMPLE-03245,합성 예시 데이터,2024,2024-07-16,7,화요일,3,고학년,1교시,09:24,교실·학습공간,놀이·휴식,부딪힘·충돌
SAMPLE-03246,합성 예시 데이터,2023,2023-07-25,7,화요일,1,저학년,쉬는시간,10:27,계단·복도,기타,넘어짐
SAMPLE-03247,합성 예시 데이터,2023,2023-07-17,7,월요일,4,고학년,1교시,09:19,계단·복도,이동·보행,넘어짐
SAMPLE-03248,합성 예시 데이터,2024,2024-09-11,9,수요일,2,저학년,5교시,13:20,교실·학습공간,놀이·휴식,넘어짐
SAMPLE-03249,합성 예시 데이터,2023,2023-08-30,8,수요일,4,고학년,점심시간,12:36,계단·복도,이동·보행,부딪힘·충돌
SAMPLE-03250,합성 예시 데이터,2025,2025-04-08,4,화요일,6,고학년,쉬는시간,12:55,교실·학습공간,수업·실습,넘어짐
SAMPLE-03251,합성 예시 데이터,2024,2024-07-22,7,월요일,5,고학년,3교시,10:55,계단·복도,놀이·휴식,기타
SAMPLE-03252,합성 예시 데이터,2022,2022-05-11,5,수요일,6,고학년,방과후,15:35,운동장,이동·보행,부딪힘·충돌
SAMPLE-03253,합성 예시 데이터,2022,2022-04-06,4,수요일,3,고학년,2교시,09:56,운동장,구기·라켓스포츠,물체에 맞음
SAMPLE-03254,합성 예시 데이터,2021,2021-10-20,10,수요일,1,저학년,쉬는시간,10:36,화장실·위생공간,이동·보행,미끄러짐
SAMPLE-03255,합성 예시 데이터,2024,2024-11-26,11,화요일,4,고학년,1교시,09:41,강당·체육관,구기·라켓스포츠,넘어짐
SAMPLE-03256,합성 예시 데이터,2024,2024-09-02,9,월요일,1,저학년,쉬는시간,11:06,교실·학습공간,이동·보행,넘어짐
SAMPLE-03257,합성 예시 데이터,2022,2022-03-11,3,금요일,4,고학년,하교,14:20,교문·외부동선,교통·탑승,부딪힘·충돌
SAMPLE-03258,합성 예시 데이터,2022,2022-07-28,7,목요일,2,저학년,방과후,16:37,교실·학습공간,놀이·휴식,넘어짐
SAMPLE-03259,합성 예시 데이터,2024,2024-05-16,5,목요일,3,고학년,4교시,11:37,강당·체육관,이동·보행,추락
SAMPLE-03260,합성 예시 데이터,2023,2023-09-19,9,화요일,4,고학년,방과후,15:02,운동장,구기·라켓스포츠,넘어짐
SAMPLE-03261,합성 예시 데이터,2022,2022-12-05,12,월요일,4,고학년,3교시,11:24,운동장,구기·라켓스포츠,넘어짐
SAMPLE-03262,합성 예시 데이터,2024,2024-11-13,11,수요일,3,고학년,등교 전,07:35,교실·학습공간,수업·실습,넘어짐
SAMPLE-03263,합성 예시 데이터,2025,2025-09-17,9,수요일,2,저학년,방과후,14:33,교실·학습공간,놀이·휴식,넘어짐
SAMPLE-03264,합성 예시 데이터,2024,2024-09-19,9,목요일,4,고학년,3교시,11:07,교실·학습공간,이동·보행,넘어짐
SAMPLE-03265,합성 예시 데이터,2025,2025-05-13,5,화요일,3,고학년,하교,14:11,계단·복도,이동·보행,추락
SAMPLE-03266,합성 예시 데이터,2022,2022-05-11,5,수요일,3,고학년,6교시,13:58,강당·체육관,이동·보행,미끄러짐
SAMPLE-03267,합성 예시 데이터,2024,2024-11-08,11,금요일,3,고학년,쉬는시간,14:17,화장실·위생공간,식사·위생,미끄러짐
SAMPLE-03268,합성 예시 데이터,2023,2023-04-20,4,목요일,3,고학년,쉬는시간,14:08,계단·복도,이동·보행,부딪힘·충돌
SAMPLE-03269,합성 예시 데이터,2025,2025-05-07,5,수요일,4,고학년,점심시간,12:27,계단·복도,놀이·휴식,넘어짐
SAMPLE-03270,합성 예시 데이터,2021,2021-09-27,9,월요일,6,고학년,1교시,09:01,교실·학습공간,수업·실습,넘어짐
SAMPLE-03271,합성 예시 데이터,2021,2021-11-23,11,화요일,4,고학년,방과후,16:04,교실·학습공간,놀이·휴식,부딪힘·충돌
SAMPLE-03272,합성 예시 데이터,2024,2024-06-17,6,월요일,1,저학년,하교,16:33,교실·학습공간,수업·실습,기타
SAMPLE-03273,합성 예시 데이터,2022,2022-03-23,3,수요일,3,고학년,5교시,13:42,운동장,구기·라켓스포츠,넘어짐
SAMPLE-03274,합성 예시 데이터,2021,2021-09-20,9,월요일,5,고학년,점심시간,12:40,교실·학습공간,수업·실습,기타
SAMPLE-03275,합성 예시 데이터,2023,2023-09-14,9,목요일,3,고학년,방과후,14:33,운동장,놀이·휴식,넘어짐
SAMPLE-03276,합성 예시 데이터,2024,2024-06-12,6,수요일,4,고학년,방과후,16:26,운동장,구기·라켓스포츠,물체에 맞음
SAMPLE-03277,합성 예시 데이터,2025,2025-06-19,6,목요일,5,고학년,1교시,09:08,운동장,놀이·휴식,미끄러짐
SAMPLE-03278,합성 예시 데이터,2022,2022-12-01,12,목요일,3,고학년,3교시,11:08,계단·복도,이동·보행,넘어짐
SAMPLE-03279,합성 예시 데이터,2021,2021-04-29,4,목요일,1,저학년,방과후,16:44,교실·학습공간,수업·실습,기타
SAMPLE-03280,합성 예시 데이터,2022,2022-04-06,4,수요일,3,고학년,2교시,10:35,운동장,구기·라켓스포츠,기타
SAMPLE-03281,합성 예시 데이터,2021,2021-07-21,7,수요일,6,고학년,5교시,13:49,운동장,구기·라켓스포츠,넘어짐
SAMPLE-03282,합성 예시 데이터,2025,2025-06-12,6,목요일,1,저학년,하교,15:28,계단·복도,이동·보행,미끄러짐
SAMPLE-03283,합성 예시 데이터,2025,2025-10-07,10,화요일,5,고학년,6교시,13:54,교실·학습공간,놀이·휴식,기타
SAMPLE-03284,합성 예시 데이터,2021,2021-06-17,6,목요일,1,저학년,방과후,14:53,강당·체육관,구기·라켓스포츠,부딪힘·충돌
SAMPLE-03285,합성 예시 데이터,2022,2022-11-15,11,화요일,4,고학년,쉬는시간,12:27,계단·복도,이동·보행,넘어짐
SAMPLE-03286,합성 예시 데이터,2024,2024-05-23,5,목요일,1,저학년,하교,16:04,교실·학습공간,놀이·휴식,미끄러짐
SAMPLE-03287,합성 예시 데이터,2022,2022-11-29,11,화요일,4,고학년,하교,15:27,운동장,구기·라켓스포츠,넘어짐
SAMPLE-03288,합성 예시 데이터,2025,2025-04-24,4,목요일,6,고학년,6교시,14:28,교실·학습공간,놀이·휴식,기타
SAMPLE-03289,합성 예시 데이터,2022,2022-07-19,7,화요일,2,저학년,하교,14:07,교문·외부동선,이동·보행,넘어짐
SAMPLE-03290,합성 예시 데이터,2021,2021-05-07,5,금요일,2,저학년,3교시,11:12,교실·학습공간,수업·실습,물체에 맞음
SAMPLE-03291,합성 예시 데이터,2022,2022-04-12,4,화요일,2,저학년,등교 전,07:45,운동장,구기·라켓스포츠,부딪힘·충돌
SAMPLE-03292,합성 예시 데이터,2022,2022-12-08,12,목요일,2,저학년,3교시,10:50,강당·체육관,구기·라켓스포츠,넘어짐
SAMPLE-03293,합성 예시 데이터,2025,2025-11-17,11,월요일,4,고학년,2교시,10:20,계단·복도,이동·보행,넘어짐
SAMPLE-03294,합성 예시 데이터,2023,2023-05-10,5,수요일,1,저학년,점심시간,12:54,급식·위생공간,식사·위생,미끄러짐
SAMPLE-03295,합성 예시 데이터,2024,2024-07-09,7,화요일,3,고학년,점심시간,12:19,계단·복도,이동·보행,넘어짐
SAMPLE-03296,합성 예시 데이터,2024,2024-10-25,10,금요일,6,고학년,5교시,13:12,교실·학습공간,수업·실습,부딪힘·충돌
SAMPLE-03297,합성 예시 데이터,2021,2021-04-28,4,수요일,1,저학년,4교시,12:07,운동장,기타 체육,기타
SAMPLE-03298,합성 예시 데이터,2024,2024-10-08,10,화요일,3,고학년,점심시간,12:18,급식·위생공간,이동·보행,넘어짐
SAMPLE-03299,합성 예시 데이터,2024,2024-05-16,5,목요일,3,고학년,점심시간,12:46,교실·학습공간,놀이·휴식,부딪힘·충돌
SAMPLE-03300,합성 예시 데이터,2025,2025-04-17,4,목요일,4,고학년,4교시,11:44,교실·학습공간,이동·보행,넘어짐
SAMPLE-03301,합성 예시 데이터,2024,2024-08-14,8,수요일,3,고학년,쉬는시간,10:31,교실·학습공간,놀이·휴식,미끄러짐
SAMPLE-03302,합성 예시 데이터,2023,2023-12-15,12,금요일,6,고학년,쉬는시간,11:27,교실·학습공간,이동·보행,추락
SAMPLE-03303,합성 예시 데이터,2024,2024-10-22,10,화요일,5,고학년,5교시,13:40,운동장,구기·라켓스포츠,물체에 맞음
SAMPLE-03304,합성 예시 데이터,2025,2025-11-14,11,금요일,6,고학년,1교시,09:05,교실·학습공간,놀이·휴식,넘어짐
SAMPLE-03305,합성 예시 데이터,2024,2024-03-29,3,금요일,4,고학년,방과후,16:18,운동장,놀이·휴식,부딪힘·충돌
SAMPLE-03306,합성 예시 데이터,2022,2022-04-11,4,월요일,4,고학년,4교시,11:31,강당·체육관,구기·라켓스포츠,넘어짐
SAMPLE-03307,합성 예시 데이터,2021,2021-08-23,8,월요일,3,고학년,하교,16:37,교문·외부동선,이동·보행,넘어짐
SAMPLE-03308,합성 예시 데이터,2025,2025-05-13,5,화요일,2,저학년,방과후,15:03,교실·학습공간,놀이·휴식,넘어짐
SAMPLE-03309,합성 예시 데이터,2025,2025-09-26,9,금요일,6,고학년,점심시간,12:27,급식·위생공간,식사·위생,미끄러짐
SAMPLE-03310,합성 예시 데이터,2025,2025-03-05,3,수요일,3,고학년,점심시간,12:14,급식·위생공간,놀이·휴식,넘어짐
SAMPLE-03311,합성 예시 데이터,2025,2025-09-30,9,화요일,2,저학년,4교시,11:31,강당·체육관,구기·라켓스포츠,물체에 맞음
SAMPLE-03312,합성 예시 데이터,2021,2021-06-24,6,목요일,5,고학년,1교시,09:13,교실·학습공간,놀이·휴식,기타
SAMPLE-03313,합성 예시 데이터,2022,2022-10-28,10,금요일,6,고학년,방과후,14:37,강당·체육관,구기·라켓스포츠,부딪힘·충돌
SAMPLE-03314,합성 예시 데이터,2023,2023-08-04,8,금요일,1,저학년,5교시,13:01,강당·체육관,구기·라켓스포츠,부딪힘·충돌
SAMPLE-03315,합성 예시 데이터,2022,2022-08-04,8,목요일,5,고학년,쉬는시간,10:50,교실·학습공간,수업·실습,넘어짐
SAMPLE-03316,합성 예시 데이터,2024,2024-06-21,6,금요일,6,고학년,3교시,11:27,운동장,구기·라켓스포츠,물체에 맞음
SAMPLE-03317,합성 예시 데이터,2025,2025-03-06,3,목요일,5,고학년,4교시,11:46,운동장,기타 체육,부딪힘·충돌
SAMPLE-03318,합성 예시 데이터,2025,2025-04-21,4,월요일,5,고학년,2교시,09:54,교실·학습공간,수업·실습,부딪힘·충돌
SAMPLE-03319,합성 예시 데이터,2025,2025-09-01,9,월요일,4,고학년,하교,16:49,운동장,구기·라켓스포츠,물체에 맞음
SAMPLE-03320,합성 예시 데이터,2023,2023-03-15,3,수요일,2,저학년,점심시간,12:30,계단·복도,놀이·휴식,넘어짐
SAMPLE-03321,합성 예시 데이터,2025,2025-10-10,10,금요일,1,저학년,3교시,11:11,교실·학습공간,수업·실습,부딪힘·충돌
SAMPLE-03322,합성 예시 데이터,2025,2025-04-22,4,화요일,3,고학년,5교시,13:29,교실·학습공간,이동·보행,미끄러짐
SAMPLE-03323,합성 예시 데이터,2025,2025-06-18,6,수요일,3,고학년,5교시,13:22,강당·체육관,구기·라켓스포츠,물체에 맞음
SAMPLE-03324,합성 예시 데이터,2022,2022-10-07,10,금요일,5,고학년,6교시,14:04,강당·체육관,구기·라켓스포츠,넘어짐
SAMPLE-03325,합성 예시 데이터,2023,2023-03-22,3,수요일,5,고학년,1교시,09:27,교실·학습공간,놀이·휴식,부딪힘·충돌
SAMPLE-03326,합성 예시 데이터,2023,2023-09-05,9,화요일,6,고학년,점심시간,12:27,급식·위생공간,식사·위생,미끄러짐
SAMPLE-03327,합성 예시 데이터,2023,2023-06-20,6,화요일,3,고학년,쉬는시간,13:50,운동장,놀이·휴식,넘어짐
SAMPLE-03328,합성 예시 데이터,2024,2024-09-23,9,월요일,4,고학년,3교시,10:40,강당·체육관,기타 체육,넘어짐
SAMPLE-03329,합성 예시 데이터,2022,2022-08-11,8,목요일,6,고학년,하교,16:21,교문·외부동선,이동·보행,부딪힘·충돌
SAMPLE-03330,합성 예시 데이터,2021,2021-11-22,11,월요일,1,저학년,쉬는시간,13:38,운동장,구기·라켓스포츠,물체에 맞음
SAMPLE-03331,합성 예시 데이터,2024,2024-07-23,7,화요일,6,고학년,5교시,13:41,계단·복도,이동·보행,부딪힘·충돌
SAMPLE-03332,합성 예시 데이터,2022,2022-07-05,7,화요일,4,고학년,5교시,13:38,교실·학습공간,놀이·휴식,넘어짐
SAMPLE-03333,합성 예시 데이터,2025,2025-05-30,5,금요일,1,저학년,쉬는시간,10:31,운동장,기타 체육,넘어짐
SAMPLE-03334,합성 예시 데이터,2021,2021-10-19,10,화요일,6,고학년,쉬는시간,11:38,계단·복도,이동·보행,미끄러짐
SAMPLE-03335,합성 예시 데이터,2021,2021-03-08,3,월요일,2,저학년,5교시,13:24,교실·학습공간,수업·실습,넘어짐
SAMPLE-03336,합성 예시 데이터,2021,2021-10-05,10,화요일,1,저학년,점심시간,12:33,급식·위생공간,식사·위생,넘어짐
SAMPLE-03337,합성 예시 데이터,2023,2023-03-16,3,목요일,5,고학년,4교시,11:41,강당·체육관,구기·라켓스포츠,부딪힘·충돌
SAMPLE-03338,합성 예시 데이터,2024,2024-03-12,3,화요일,1,저학년,방과후,14:55,운동장,이동·보행,부딪힘·충돌
SAMPLE-03339,합성 예시 데이터,2022,2022-12-05,12,월요일,6,고학년,방과후,17:04,교실·학습공간,수업·실습,넘어짐
SAMPLE-03340,합성 예시 데이터,2021,2021-12-09,12,목요일,4,고학년,2교시,10:22,강당·체육관,이동·보행,부딪힘·충돌
SAMPLE-03341,합성 예시 데이터,2025,2025-06-13,6,금요일,4,고학년,방과후,17:09,운동장,이동·보행,미끄러짐
SAMPLE-03342,합성 예시 데이터,2023,2023-09-12,9,화요일,5,고학년,4교시,11:30,운동장,기타 체육,추락
SAMPLE-03343,합성 예시 데이터,2024,2024-03-13,3,수요일,6,고학년,3교시,11:07,강당·체육관,구기·라켓스포츠,부딪힘·충돌
SAMPLE-03344,합성 예시 데이터,2022,2022-07-21,7,목요일,1,저학년,등교 전,07:59,교문·외부동선,이동·보행,넘어짐
SAMPLE-03345,합성 예시 데이터,2025,2025-06-20,6,금요일,4,고학년,3교시,11:23,강당·체육관,구기·라켓스포츠,부딪힘·충돌
SAMPLE-03346,합성 예시 데이터,2025,2025-03-26,3,수요일,4,고학년,2교시,10:18,교실·학습공간,놀이·휴식,부딪힘·충돌
SAMPLE-03347,합성 예시 데이터,2024,2024-11-18,11,월요일,3,고학년,1교시,09:07,교실·학습공간,수업·실습,부딪힘·충돌
SAMPLE-03348,합성 예시 데이터,2024,2024-06-19,6,수요일,6,고학년,방과후,16:01,교실·학습공간,놀이·휴식,부딪힘·충돌
SAMPLE-03349,합성 예시 데이터,2025,2025-07-30,7,수요일,2,저학년,5교시,13:25,운동장,놀이·휴식,부딪힘·충돌
SAMPLE-03350,합성 예시 데이터,2023,2023-12-12,12,화요일,4,고학년,4교시,12:03,운동장,이동·보행,넘어짐
SAMPLE-03351,합성 예시 데이터,2024,2024-07-16,7,화요일,5,고학년,점심시간,12:31,계단·복도,이동·보행,부딪힘·충돌
SAMPLE-03352,합성 예시 데이터,2025,2025-08-19,8,화요일,5,고학년,쉬는시간,13:46,운동장,기타 체육,부딪힘·충돌
SAMPLE-03353,합성 예시 데이터,2023,2023-10-25,10,수요일,5,고학년,쉬는시간,13:47,운동장,구기·라켓스포츠,넘어짐
SAMPLE-03354,합성 예시 데이터,2023,2023-04-11,4,화요일,4,고학년,3교시,10:40,교실·학습공간,수업·실습,물체에 맞음
SAMPLE-03355,합성 예시 데이터,2025,2025-03-04,3,화요일,3,고학년,쉬는시간,13:16,계단·복도,이동·보행,부딪힘·충돌
SAMPLE-03356,합성 예시 데이터,2023,2023-11-02,11,목요일,1,저학년,쉬는시간,11:29,화장실·위생공간,이동·보행,부딪힘·충돌
SAMPLE-03357,합성 예시 데이터,2025,2025-10-21,10,화요일,5,고학년,쉬는시간,11:17,운동장,구기·라켓스포츠,넘어짐
SAMPLE-03358,합성 예시 데이터,2025,2025-07-30,7,수요일,2,저학년,방과후,16:47,운동장,구기·라켓스포츠,넘어짐
SAMPLE-03359,합성 예시 데이터,2022,2022-12-19,12,월요일,3,고학년,4교시,11:44,운동장,이동·보행,부딪힘·충돌
SAMPLE-03360,합성 예시 데이터,2024,2024-05-23,5,목요일,1,저학년,쉬는시간,10:43,계단·복도,놀이·휴식,미끄러짐
SAMPLE-03361,합성 예시 데이터,2024,2024-10-23,10,수요일,5,고학년,4교시,11:39,운동장,구기·라켓스포츠,물체에 맞음
SAMPLE-03362,합성 예시 데이터,2024,2024-09-05,9,목요일,5,고학년,쉬는시간,12:28,교실·학습공간,놀이·휴식,넘어짐
SAMPLE-03363,합성 예시 데이터,2022,2022-08-03,8,수요일,4,고학년,4교시,11:55,교실·학습공간,놀이·휴식,넘어짐
SAMPLE-03364,합성 예시 데이터,2021,2021-12-06,12,월요일,6,고학년,등교 전,08:59,운동장,구기·라켓스포츠,부딪힘·충돌
SAMPLE-03365,합성 예시 데이터,2025,2025-10-31,10,금요일,3,고학년,쉬는시간,12:07,화장실·위생공간,식사·위생,미끄러짐
SAMPLE-03366,합성 예시 데이터,2021,2021-07-15,7,목요일,6,고학년,5교시,13:13,교실·학습공간,수업·실습,물체에 맞음
SAMPLE-03367,합성 예시 데이터,2022,2022-06-28,6,화요일,1,저학년,쉬는시간,10:07,계단·복도,놀이·휴식,부딪힘·충돌
SAMPLE-03368,합성 예시 데이터,2022,2022-08-24,8,수요일,1,저학년,점심시간,12:59,운동장,구기·라켓스포츠,부딪힘·충돌
SAMPLE-03369,합성 예시 데이터,2024,2024-03-12,3,화요일,3,고학년,등교 전,08:24,교실·학습공간,놀이·휴식,넘어짐
SAMPLE-03370,합성 예시 데이터,2021,2021-07-12,7,월요일,6,고학년,6교시,14:11,강당·체육관,이동·보행,미끄러짐
SAMPLE-03371,합성 예시 데이터,2021,2021-11-01,11,월요일,4,고학년,점심시간,12:16,급식·위생공간,놀이·휴식,부딪힘·충돌
SAMPLE-03372,합성 예시 데이터,2025,2025-09-04,9,목요일,6,고학년,3교시,11:23,계단·복도,이동·보행,부딪힘·충돌
SAMPLE-03373,합성 예시 데이터,2021,2021-12-16,12,목요일,2,저학년,5교시,13:21,교실·학습공간,수업·실습,물체에 맞음
SAMPLE-03374,합성 예시 데이터,2023,2023-04-17,4,월요일,4,고학년,5교시,13:10,운동장,이동·보행,넘어짐
SAMPLE-03375,합성 예시 데이터,2023,2023-09-07,9,목요일,2,저학년,쉬는시간,10:42,운동장,구기·라켓스포츠,물체에 맞음
SAMPLE-03376,합성 예시 데이터,2023,2023-03-07,3,화요일,5,고학년,3교시,11:07,계단·복도,놀이·휴식,부딪힘·충돌
SAMPLE-03377,합성 예시 데이터,2023,2023-09-28,9,목요일,6,고학년,방과후,16:55,교실·학습공간,수업·실습,물체에 맞음
SAMPLE-03378,합성 예시 데이터,2022,2022-12-08,12,목요일,5,고학년,쉬는시간,11:44,운동장,기타 체육,부딪힘·충돌
SAMPLE-03379,합성 예시 데이터,2024,2024-05-21,5,화요일,4,고학년,쉬는시간,12:37,운동장,구기·라켓스포츠,물체에 맞음
SAMPLE-03380,합성 예시 데이터,2021,2021-09-14,9,화요일,4,고학년,1교시,09:14,계단·복도,이동·보행,넘어짐
SAMPLE-03381,합성 예시 데이터,2024,2024-03-27,3,수요일,5,고학년,4교시,11:46,교실·학습공간,수업·실습,넘어짐
SAMPLE-03382,합성 예시 데이터,2025,2025-09-01,9,월요일,3,고학년,점심시간,12:14,급식·위생공간,식사·위생,기타
SAMPLE-03383,합성 예시 데이터,2022,2022-07-28,7,목요일,1,저학년,쉬는시간,14:15,교실·학습공간,수업·실습,기타
SAMPLE-03384,합성 예시 데이터,2022,2022-03-01,3,화요일,1,저학년,방과후,14:49,운동장,놀이·휴식,넘어짐
SAMPLE-03385,합성 예시 데이터,2023,2023-06-23,6,금요일,6,고학년,5교시,13:04,강당·체육관,이동·보행,미끄러짐
SAMPLE-03386,합성 예시 데이터,2024,2024-11-27,11,수요일,5,고학년,점심시간,12:25,급식·위생공간,식사·위생,기타
SAMPLE-03387,합성 예시 데이터,2025,2025-06-18,6,수요일,1,저학년,점심시간,12:39,교실·학습공간,수업·실습,부딪힘·충돌
SAMPLE-03388,합성 예시 데이터,2022,2022-07-25,7,월요일,5,고학년,쉬는시간,13:41,화장실·위생공간,놀이·휴식,부딪힘·충돌
SAMPLE-03389,합성 예시 데이터,2021,2021-03-04,3,목요일,5,고학년,5교시,13:29,교실·학습공간,수업·실습,부딪힘·충돌
SAMPLE-03390,합성 예시 데이터,2021,2021-05-10,5,월요일,6,고학년,점심시간,12:46,교실·학습공간,수업·실습,기타
SAMPLE-03391,합성 예시 데이터,2022,2022-03-02,3,수요일,1,저학년,방과후,16:04,운동장,놀이·휴식,미끄러짐
SAMPLE-03392,합성 예시 데이터,2025,2025-04-29,4,화요일,1,저학년,4교시,11:58,교실·학습공간,놀이·휴식,부딪힘·충돌
SAMPLE-03393,합성 예시 데이터,2022,2022-06-14,6,화요일,6,고학년,3교시,11:07,교실·학습공간,수업·실습,넘어짐
SAMPLE-03394,합성 예시 데이터,2021,2021-05-19,5,수요일,1,저학년,4교시,12:05,교실·학습공간,수업·실습,물체에 맞음
SAMPLE-03395,합성 예시 데이터,2023,2023-06-20,6,화요일,2,저학년,5교시,13:05,운동장,구기·라켓스포츠,부딪힘·충돌
SAMPLE-03396,합성 예시 데이터,2025,2025-09-12,9,금요일,5,고학년,방과후,14:56,운동장,이동·보행,미끄러짐
SAMPLE-03397,합성 예시 데이터,2023,2023-05-26,5,금요일,6,고학년,쉬는시간,09:44,화장실·위생공간,놀이·휴식,넘어짐
SAMPLE-03398,합성 예시 데이터,2021,2021-07-20,7,화요일,5,고학년,점심시간,12:23,교실·학습공간,수업·실습,넘어짐
SAMPLE-03399,합성 예시 데이터,2025,2025-07-29,7,화요일,2,저학년,방과후,16:10,운동장,이동·보행,미끄러짐
SAMPLE-03400,합성 예시 데이터,2025,2025-06-23,6,월요일,2,저학년,점심시간,12:40,계단·복도,이동·보행,넘어짐
SAMPLE-03401,합성 예시 데이터,2025,2025-11-13,11,목요일,5,고학년,쉬는시간,09:56,계단·복도,기타,넘어짐
SAMPLE-03402,합성 예시 데이터,2023,2023-03-03,3,금요일,4,고학년,하교,16:54,계단·복도,이동·보행,미끄러짐
SAMPLE-03403,합성 예시 데이터,2023,2023-04-19,4,수요일,5,고학년,5교시,13:12,강당·체육관,기타 체육,기타
SAMPLE-03404,합성 예시 데이터,2022,2022-03-22,3,화요일,4,고학년,5교시,13:40,강당·체육관,구기·라켓스포츠,부딪힘·충돌
SAMPLE-03405,합성 예시 데이터,2023,2023-08-29,8,화요일,6,고학년,3교시,11:06,교실·학습공간,수업·실습,물체에 맞음
SAMPLE-03406,합성 예시 데이터,2021,2021-10-26,10,화요일,2,저학년,등교 전,07:55,교실·학습공간,놀이·휴식,넘어짐
SAMPLE-03407,합성 예시 데이터,2022,2022-07-13,7,수요일,1,저학년,하교,15:35,교문·외부동선,놀이·휴식,부딪힘·충돌
SAMPLE-03408,합성 예시 데이터,2023,2023-06-13,6,화요일,2,저학년,점심시간,12:50,교실·학습공간,수업·실습,넘어짐
SAMPLE-03409,합성 예시 데이터,2022,2022-04-26,4,화요일,4,고학년,4교시,11:46,운동장,기타 체육,부딪힘·충돌
SAMPLE-03410,합성 예시 데이터,2023,2023-08-22,8,화요일,6,고학년,6교시,14:09,계단·복도,이동·보행,넘어짐
SAMPLE-03411,합성 예시 데이터,2022,2022-10-25,10,화요일,2,저학년,점심시간,12:10,운동장,구기·라켓스포츠,부딪힘·충돌
SAMPLE-03412,합성 예시 데이터,2024,2024-09-27,9,금요일,3,고학년,쉬는시간,12:04,교실·학습공간,놀이·휴식,넘어짐
SAMPLE-03413,합성 예시 데이터,2023,2023-07-26,7,수요일,5,고학년,5교시,13:24,계단·복도,놀이·휴식,미끄러짐
SAMPLE-03414,합성 예시 데이터,2023,2023-10-23,10,월요일,6,고학년,5교시,13:43,교실·학습공간,수업·실습,부딪힘·충돌
SAMPLE-03415,합성 예시 데이터,2024,2024-06-21,6,금요일,4,고학년,5교시,13:01,강당·체육관,이동·보행,추락
SAMPLE-03416,합성 예시 데이터,2024,2024-09-25,9,수요일,6,고학년,5교시,13:38,강당·체육관,기타 체육,부딪힘·충돌
SAMPLE-03417,합성 예시 데이터,2024,2024-07-09,7,화요일,6,고학년,쉬는시간,12:15,운동장,기타 체육,추락
SAMPLE-03418,합성 예시 데이터,2023,2023-08-11,8,금요일,5,고학년,쉬는시간,11:56,운동장,구기·라켓스포츠,물체에 맞음
SAMPLE-03419,합성 예시 데이터,2021,2021-06-22,6,화요일,3,고학년,2교시,10:37,강당·체육관,구기·라켓스포츠,물체에 맞음
SAMPLE-03420,합성 예시 데이터,2022,2022-07-19,7,화요일,1,저학년,5교시,13:24,교실·학습공간,수업·실습,부딪힘·충돌
SAMPLE-03421,합성 예시 데이터,2023,2023-11-21,11,화요일,4,고학년,방과후,17:08,교실·학습공간,놀이·휴식,넘어짐
SAMPLE-03422,합성 예시 데이터,2024,2024-07-10,7,수요일,5,고학년,6교시,14:23,강당·체육관,기타 체육,넘어짐
SAMPLE-03423,합성 예시 데이터,2025,2025-05-30,5,금요일,5,고학년,쉬는시간,09:49,계단·복도,이동·보행,넘어짐
SAMPLE-03424,합성 예시 데이터,2022,2022-09-16,9,금요일,5,고학년,2교시,10:10,강당·체육관,구기·라켓스포츠,부딪힘·충돌
SAMPLE-03425,합성 예시 데이터,2022,2022-03-21,3,월요일,6,고학년,점심시간,12:57,계단·복도,이동·보행,넘어짐
SAMPLE-03426,합성 예시 데이터,2023,2023-07-12,7,수요일,3,고학년,쉬는시간,12:34,화장실·위생공간,이동·보행,부딪힘·충돌
SAMPLE-03427,합성 예시 데이터,2023,2023-05-15,5,월요일,6,고학년,3교시,11:12,강당·체육관,구기·라켓스포츠,물체에 맞음
SAMPLE-03428,합성 예시 데이터,2021,2021-08-24,8,화요일,2,저학년,1교시,09:26,강당·체육관,구기·라켓스포츠,물체에 맞음
SAMPLE-03429,합성 예시 데이터,2021,2021-09-23,9,목요일,5,고학년,3교시,10:57,강당·체육관,이동·보행,넘어짐
SAMPLE-03430,합성 예시 데이터,2022,2022-12-09,12,금요일,2,저학년,1교시,09:11,교실·학습공간,수업·실습,기타
SAMPLE-03431,합성 예시 데이터,2024,2024-06-14,6,금요일,4,고학년,점심시간,12:32,교실·학습공간,수업·실습,부딪힘·충돌
SAMPLE-03432,합성 예시 데이터,2025,2025-03-27,3,목요일,2,저학년,쉬는시간,10:30,교실·학습공간,수업·실습,넘어짐
SAMPLE-03433,합성 예시 데이터,2022,2022-03-09,3,수요일,2,저학년,4교시,11:58,계단·복도,놀이·휴식,넘어짐
SAMPLE-03434,합성 예시 데이터,2023,2023-10-16,10,월요일,6,고학년,1교시,09:17,강당·체육관,구기·라켓스포츠,물체에 맞음
SAMPLE-03435,합성 예시 데이터,2022,2022-08-24,8,수요일,1,저학년,5교시,13:47,강당·체육관,구기·라켓스포츠,기타
SAMPLE-03436,합성 예시 데이터,2025,2025-08-06,8,수요일,4,고학년,하교,14:28,계단·복도,놀이·휴식,부딪힘·충돌
SAMPLE-03437,합성 예시 데이터,2022,2022-11-30,11,수요일,3,고학년,4교시,11:50,강당·체육관,기타 체육,부딪힘·충돌
SAMPLE-03438,합성 예시 데이터,2025,2025-12-12,12,금요일,2,저학년,4교시,11:39,운동장,구기·라켓스포츠,넘어짐
SAMPLE-03439,합성 예시 데이터,2021,2021-11-08,11,월요일,2,저학년,쉬는시간,11:42,운동장,기타 체육,부딪힘·충돌
SAMPLE-03440,합성 예시 데이터,2022,2022-05-03,5,화요일,4,고학년,하교,16:07,교문·외부동선,놀이·휴식,넘어짐
SAMPLE-03441,합성 예시 데이터,2025,2025-08-22,8,금요일,2,저학년,쉬는시간,13:28,화장실·위생공간,이동·보행,넘어짐
SAMPLE-03442,합성 예시 데이터,2025,2025-08-13,8,수요일,6,고학년,3교시,10:43,강당·체육관,구기·라켓스포츠,넘어짐
SAMPLE-03443,합성 예시 데이터,2021,2021-06-10,6,목요일,4,고학년,5교시,13:45,운동장,구기·라켓스포츠,넘어짐
SAMPLE-03444,합성 예시 데이터,2024,2024-09-23,9,월요일,1,저학년,1교시,09:15,교실·학습공간,이동·보행,부딪힘·충돌
SAMPLE-03445,합성 예시 데이터,2024,2024-10-18,10,금요일,3,고학년,점심시간,12:31,계단·복도,놀이·휴식,부딪힘·충돌
SAMPLE-03446,합성 예시 데이터,2025,2025-06-24,6,화요일,3,고학년,5교시,13:20,강당·체육관,구기·라켓스포츠,물체에 맞음
SAMPLE-03447,합성 예시 데이터,2025,2025-08-19,8,화요일,3,고학년,6교시,14:12,강당·체육관,기타 체육,추락
SAMPLE-03448,합성 예시 데이터,2025,2025-09-24,9,수요일,4,고학년,6교시,13:55,운동장,구기·라켓스포츠,물체에 맞음
SAMPLE-03449,합성 예시 데이터,2021,2021-05-17,5,월요일,2,저학년,4교시,11:56,강당·체육관,구기·라켓스포츠,물체에 맞음
SAMPLE-03450,합성 예시 데이터,2024,2024-08-19,8,월요일,4,고학년,1교시,09:36,강당·체육관,이동·보행,부딪힘·충돌
SAMPLE-03451,합성 예시 데이터,2025,2025-05-27,5,화요일,1,저학년,2교시,10:23,운동장,구기·라켓스포츠,물체에 맞음
SAMPLE-03452,합성 예시 데이터,2021,2021-03-03,3,수요일,1,저학년,6교시,14:18,교실·학습공간,수업·실습,기타
SAMPLE-03453,합성 예시 데이터,2024,2024-07-25,7,목요일,1,저학년,4교시,11:31,교실·학습공간,수업·실습,넘어짐
SAMPLE-03454,합성 예시 데이터,2022,2022-03-22,3,화요일,5,고학년,4교시,12:09,강당·체육관,구기·라켓스포츠,부딪힘·충돌
SAMPLE-03455,합성 예시 데이터,2021,2021-06-23,6,수요일,5,고학년,점심시간,12:15,교실·학습공간,놀이·휴식,부딪힘·충돌
SAMPLE-03456,합성 예시 데이터,2025,2025-07-29,7,화요일,2,저학년,쉬는시간,09:50,교실·학습공간,이동·보행,미끄러짐
SAMPLE-03457,합성 예시 데이터,2022,2022-07-14,7,목요일,2,저학년,점심시간,12:43,급식·위생공간,놀이·휴식,부딪힘·충돌
SAMPLE-03458,합성 예시 데이터,2022,2022-06-14,6,화요일,4,고학년,4교시,11:41,강당·체육관,구기·라켓스포츠,부딪힘·충돌
SAMPLE-03459,합성 예시 데이터,2023,2023-08-16,8,수요일,3,고학년,쉬는시간,11:52,계단·복도,기타,부딪힘·충돌
SAMPLE-03460,합성 예시 데이터,2023,2023-03-02,3,목요일,6,고학년,3교시,10:58,운동장,구기·라켓스포츠,부딪힘·충돌
SAMPLE-03461,합성 예시 데이터,2025,2025-07-28,7,월요일,3,고학년,4교시,11:56,강당·체육관,기타 체육,부딪힘·충돌
SAMPLE-03462,합성 예시 데이터,2021,2021-12-06,12,월요일,4,고학년,5교시,13:14,강당·체육관,구기·라켓스포츠,부딪힘·충돌
SAMPLE-03463,합성 예시 데이터,2024,2024-08-27,8,화요일,4,고학년,3교시,11:17,계단·복도,놀이·휴식,넘어짐
SAMPLE-03464,합성 예시 데이터,2025,2025-04-09,4,수요일,5,고학년,4교시,12:09,운동장,구기·라켓스포츠,넘어짐
SAMPLE-03465,합성 예시 데이터,2021,2021-12-15,12,수요일,1,저학년,점심시간,12:24,급식·위생공간,식사·위생,화상
SAMPLE-03466,합성 예시 데이터,2021,2021-08-27,8,금요일,6,고학년,점심시간,12:14,운동장,기타 체육,추락
SAMPLE-03467,합성 예시 데이터,2023,2023-09-08,9,금요일,4,고학년,1교시,09:33,교실·학습공간,수업·실습,기타
SAMPLE-03468,합성 예시 데이터,2022,2022-12-08,12,목요일,4,고학년,6교시,14:11,강당·체육관,구기·라켓스포츠,기타
SAMPLE-03469,합성 예시 데이터,2022,2022-10-05,10,수요일,5,고학년,3교시,10:49,교실·학습공간,수업·실습,기타
SAMPLE-03470,합성 예시 데이터,2023,2023-03-15,3,수요일,5,고학년,방과후,16:37,운동장,놀이·휴식,넘어짐
SAMPLE-03471,합성 예시 데이터,2025,2025-09-08,9,월요일,5,고학년,쉬는시간,11:17,계단·복도,이동·보행,넘어짐
SAMPLE-03472,합성 예시 데이터,2021,2021-10-13,10,수요일,4,고학년,4교시,11:44,강당·체육관,구기·라켓스포츠,물체에 맞음
SAMPLE-03473,합성 예시 데이터,2023,2023-03-28,3,화요일,6,고학년,3교시,11:06,강당·체육관,구기·라켓스포츠,부딪힘·충돌
SAMPLE-03474,합성 예시 데이터,2023,2023-08-30,8,수요일,1,저학년,방과후,17:03,운동장,놀이·휴식,미끄러짐
SAMPLE-03475,합성 예시 데이터,2023,2023-07-03,7,월요일,2,저학년,쉬는시간,11:32,계단·복도,이동·보행,부딪힘·충돌
SAMPLE-03476,합성 예시 데이터,2022,2022-04-25,4,월요일,2,저학년,방과후,15:26,강당·체육관,기타 체육,기타
SAMPLE-03477,합성 예시 데이터,2025,2025-07-18,7,금요일,3,고학년,방과후,16:11,운동장,구기·라켓스포츠,넘어짐
SAMPLE-03478,합성 예시 데이터,2025,2025-05-05,5,월요일,4,고학년,점심시간,12:59,교실·학습공간,수업·실습,넘어짐
SAMPLE-03479,합성 예시 데이터,2024,2024-08-29,8,목요일,3,고학년,6교시,13:58,운동장,놀이·휴식,넘어짐
SAMPLE-03480,합성 예시 데이터,2025,2025-09-04,9,목요일,5,고학년,쉬는시간,10:31,계단·복도,놀이·휴식,부딪힘·충돌
SAMPLE-03481,합성 예시 데이터,2021,2021-06-10,6,목요일,4,고학년,6교시,14:03,운동장,기타 체육,부딪힘·충돌
SAMPLE-03482,합성 예시 데이터,2024,2024-04-29,4,월요일,1,저학년,점심시간,12:35,계단·복도,이동·보행,넘어짐
SAMPLE-03483,합성 예시 데이터,2025,2025-10-21,10,화요일,1,저학년,점심시간,12:28,급식·위생공간,식사·위생,화상
SAMPLE-03484,합성 예시 데이터,2024,2024-08-23,8,금요일,5,고학년,점심시간,12:37,운동장,구기·라켓스포츠,부딪힘·충돌
SAMPLE-03485,합성 예시 데이터,2023,2023-08-03,8,목요일,3,고학년,쉬는시간,14:03,교실·학습공간,수업·실습,부딪힘·충돌
SAMPLE-03486,합성 예시 데이터,2021,2021-12-06,12,월요일,3,고학년,6교시,14:20,교실·학습공간,수업·실습,물체에 맞음
SAMPLE-03487,합성 예시 데이터,2024,2024-08-27,8,화요일,5,고학년,하교,14:25,계단·복도,이동·보행,넘어짐
SAMPLE-03488,합성 예시 데이터,2023,2023-09-06,9,수요일,4,고학년,4교시,11:39,강당·체육관,구기·라켓스포츠,부딪힘·충돌
SAMPLE-03489,합성 예시 데이터,2025,2025-08-05,8,화요일,6,고학년,쉬는시간,12:44,계단·복도,기타,기타
SAMPLE-03490,합성 예시 데이터,2022,2022-09-13,9,화요일,3,고학년,3교시,11:16,교실·학습공간,이동·보행,미끄러짐
SAMPLE-03491,합성 예시 데이터,2023,2023-04-03,4,월요일,5,고학년,3교시,10:46,운동장,구기·라켓스포츠,부딪힘·충돌
SAMPLE-03492,합성 예시 데이터,2025,2025-06-02,6,월요일,1,저학년,방과후,15:29,강당·체육관,구기·라켓스포츠,넘어짐
SAMPLE-03493,합성 예시 데이터,2022,2022-04-28,4,목요일,2,저학년,쉬는시간,10:35,교실·학습공간,수업·실습,물체에 맞음
SAMPLE-03494,합성 예시 데이터,2021,2021-05-21,5,금요일,1,저학년,점심시간,12:38,급식·위생공간,이동·보행,미끄러짐
SAMPLE-03495,합성 예시 데이터,2021,2021-08-16,8,월요일,6,고학년,1교시,09:40,교실·학습공간,수업·실습,물체에 맞음
SAMPLE-03496,합성 예시 데이터,2025,2025-09-25,9,목요일,3,고학년,방과후,14:59,교실·학습공간,놀이·휴식,넘어짐
SAMPLE-03497,합성 예시 데이터,2021,2021-10-26,10,화요일,3,고학년,5교시,13:09,강당·체육관,기타 체육,부딪힘·충돌
SAMPLE-03498,합성 예시 데이터,2025,2025-12-10,12,수요일,1,저학년,5교시,13:31,강당·체육관,구기·라켓스포츠,부딪힘·충돌
SAMPLE-03499,합성 예시 데이터,2023,2023-10-26,10,목요일,4,고학년,하교,15:21,계단·복도,이동·보행,부딪힘·충돌
SAMPLE-03500,합성 예시 데이터,2023,2023-10-17,10,화요일,5,고학년,점심시간,12:47,급식·위생공간,식사·위생,넘어짐
SAMPLE-03501,합성 예시 데이터,2025,2025-08-26,8,화요일,1,저학년,쉬는시간,14:17,계단·복도,놀이·휴식,부딪힘·충돌
SAMPLE-03502,합성 예시 데이터,2021,2021-07-06,7,화요일,6,고학년,쉬는시간,13:11,교실·학습공간,놀이·휴식,넘어짐
SAMPLE-03503,합성 예시 데이터,2024,2024-10-18,10,금요일,3,고학년,점심시간,12:15,급식·위생공간,이동·보행,넘어짐
SAMPLE-03504,합성 예시 데이터,2025,2025-04-09,4,수요일,5,고학년,점심시간,12:44,급식·위생공간,이동·보행,부딪힘·충돌
SAMPLE-03505,합성 예시 데이터,2021,2021-04-08,4,목요일,6,고학년,1교시,09:11,강당·체육관,구기·라켓스포츠,부딪힘·충돌
SAMPLE-03506,합성 예시 데이터,2022,2022-07-18,7,월요일,4,고학년,쉬는시간,13:53,운동장,놀이·휴식,부딪힘·충돌
SAMPLE-03507,합성 예시 데이터,2025,2025-05-12,5,월요일,4,고학년,방과후,16:24,계단·복도,놀이·휴식,넘어짐
SAMPLE-03508,합성 예시 데이터,2022,2022-11-10,11,목요일,6,고학년,쉬는시간,11:12,운동장,구기·라켓스포츠,부딪힘·충돌
SAMPLE-03509,합성 예시 데이터,2022,2022-08-05,8,금요일,5,고학년,5교시,13:27,운동장,기타 체육,추락
SAMPLE-03510,합성 예시 데이터,2021,2021-10-05,10,화요일,3,고학년,2교시,10:33,운동장,이동·보행,추락
SAMPLE-03511,합성 예시 데이터,2022,2022-03-08,3,화요일,3,고학년,방과후,16:00,계단·복도,이동·보행,넘어짐
SAMPLE-03512,합성 예시 데이터,2021,2021-08-27,8,금요일,4,고학년,방과후,14:39,강당·체육관,이동·보행,부딪힘·충돌
SAMPLE-03513,합성 예시 데이터,2025,2025-03-14,3,금요일,4,고학년,2교시,10:21,교실·학습공간,수업·실습,넘어짐
SAMPLE-03514,합성 예시 데이터,2022,2022-05-05,5,목요일,2,저학년,쉬는시간,12:49,운동장,기타 체육,추락
SAMPLE-03515,합성 예시 데이터,2023,2023-07-03,7,월요일,3,고학년,6교시,14:27,강당·체육관,이동·보행,부딪힘·충돌
SAMPLE-03516,합성 예시 데이터,2021,2021-07-30,7,금요일,5,고학년,3교시,11:18,계단·복도,기타,기타
SAMPLE-03517,합성 예시 데이터,2021,2021-07-30,7,금요일,2,저학년,하교,14:54,계단·복도,이동·보행,넘어짐
SAMPLE-03518,합성 예시 데이터,2024,2024-09-05,9,목요일,2,저학년,점심시간,12:20,급식·위생공간,식사·위생,넘어짐
SAMPLE-03519,합성 예시 데이터,2022,2022-04-25,4,월요일,1,저학년,6교시,14:04,운동장,이동·보행,미끄러짐
SAMPLE-03520,합성 예시 데이터,2021,2021-06-09,6,수요일,3,고학년,5교시,13:26,강당·체육관,기타 체육,부딪힘·충돌
SAMPLE-03521,합성 예시 데이터,2021,2021-07-01,7,목요일,2,저학년,쉬는시간,14:17,교실·학습공간,수업·실습,넘어짐
SAMPLE-03522,합성 예시 데이터,2022,2022-03-28,3,월요일,4,고학년,3교시,10:51,강당·체육관,기타 체육,부딪힘·충돌
SAMPLE-03523,합성 예시 데이터,2023,2023-03-20,3,월요일,6,고학년,3교시,11:00,강당·체육관,구기·라켓스포츠,부딪힘·충돌
SAMPLE-03524,합성 예시 데이터,2025,2025-12-10,12,수요일,4,고학년,방과후,17:11,교실·학습공간,이동·보행,넘어짐
SAMPLE-03525,합성 예시 데이터,2024,2024-05-17,5,금요일,3,고학년,방과후,16:29,계단·복도,이동·보행,미끄러짐
SAMPLE-03526,합성 예시 데이터,2024,2024-12-05,12,목요일,3,고학년,2교시,09:59,교실·학습공간,놀이·휴식,넘어짐
SAMPLE-03527,합성 예시 데이터,2024,2024-03-04,3,월요일,2,저학년,등교 전,07:43,운동장,이동·보행,추락
SAMPLE-03528,합성 예시 데이터,2025,2025-11-21,11,금요일,4,고학년,점심시간,12:43,급식·위생공간,이동·보행,넘어짐
SAMPLE-03529,합성 예시 데이터,2025,2025-06-23,6,월요일,5,고학년,4교시,11:41,강당·체육관,기타 체육,기타
SAMPLE-03530,합성 예시 데이터,2025,2025-06-27,6,금요일,4,고학년,쉬는시간,11:13,운동장,구기·라켓스포츠,부딪힘·충돌
SAMPLE-03531,합성 예시 데이터,2023,2023-08-29,8,화요일,5,고학년,6교시,14:15,교실·학습공간,수업·실습,부딪힘·충돌
SAMPLE-03532,합성 예시 데이터,2021,2021-09-16,9,목요일,4,고학년,3교시,11:15,운동장,이동·보행,미끄러짐
SAMPLE-03533,합성 예시 데이터,2022,2022-10-17,10,월요일,5,고학년,쉬는시간,14:15,교실·학습공간,놀이·휴식,부딪힘·충돌
SAMPLE-03534,합성 예시 데이터,2021,2021-05-14,5,금요일,3,고학년,방과후,14:35,운동장,놀이·휴식,넘어짐
SAMPLE-03535,합성 예시 데이터,2023,2023-06-16,6,금요일,3,고학년,5교시,13:19,계단·복도,놀이·휴식,부딪힘·충돌
SAMPLE-03536,합성 예시 데이터,2021,2021-05-07,5,금요일,5,고학년,5교시,13:00,교실·학습공간,수업·실습,물체에 맞음
SAMPLE-03537,합성 예시 데이터,2024,2024-04-08,4,월요일,2,저학년,3교시,10:42,강당·체육관,이동·보행,미끄러짐
SAMPLE-03538,합성 예시 데이터,2021,2021-07-22,7,목요일,5,고학년,방과후,16:05,계단·복도,기타,부딪힘·충돌
SAMPLE-03539,합성 예시 데이터,2022,2022-06-16,6,목요일,1,저학년,쉬는시간,10:31,교실·학습공간,수업·실습,부딪힘·충돌
SAMPLE-03540,합성 예시 데이터,2022,2022-12-06,12,화요일,3,고학년,쉬는시간,11:34,화장실·위생공간,식사·위생,넘어짐
SAMPLE-03541,합성 예시 데이터,2025,2025-04-22,4,화요일,6,고학년,하교,17:21,교문·외부동선,이동·보행,넘어짐
SAMPLE-03542,합성 예시 데이터,2021,2021-03-09,3,화요일,4,고학년,쉬는시간,12:55,계단·복도,이동·보행,미끄러짐
SAMPLE-03543,합성 예시 데이터,2025,2025-11-14,11,금요일,6,고학년,쉬는시간,10:20,교실·학습공간,놀이·휴식,기타
SAMPLE-03544,합성 예시 데이터,2025,2025-06-13,6,금요일,3,고학년,방과후,15:34,교실·학습공간,놀이·휴식,부딪힘·충돌
SAMPLE-03545,합성 예시 데이터,2023,2023-07-31,7,월요일,5,고학년,점심시간,12:55,운동장,기타 체육,부딪힘·충돌
SAMPLE-03546,합성 예시 데이터,2022,2022-03-07,3,월요일,6,고학년,방과후,15:37,운동장,기타 체육,부딪힘·충돌
SAMPLE-03547,합성 예시 데이터,2023,2023-08-03,8,목요일,6,고학년,점심시간,12:20,교실·학습공간,수업·실습,넘어짐
SAMPLE-03548,합성 예시 데이터,2023,2023-11-21,11,화요일,6,고학년,하교,17:08,계단·복도,이동·보행,추락
SAMPLE-03549,합성 예시 데이터,2021,2021-06-01,6,화요일,1,저학년,5교시,13:28,운동장,이동·보행,넘어짐
SAMPLE-03550,합성 예시 데이터,2025,2025-10-29,10,수요일,2,저학년,3교시,11:00,운동장,구기·라켓스포츠,부딪힘·충돌
SAMPLE-03551,합성 예시 데이터,2023,2023-10-10,10,화요일,1,저학년,쉬는시간,12:36,교실·학습공간,이동·보행,미끄러짐
SAMPLE-03552,합성 예시 데이터,2022,2022-08-25,8,목요일,3,고학년,3교시,10:41,교실·학습공간,수업·실습,넘어짐
SAMPLE-03553,합성 예시 데이터,2023,2023-05-30,5,화요일,4,고학년,점심시간,12:51,급식·위생공간,식사·위생,기타
SAMPLE-03554,합성 예시 데이터,2025,2025-06-27,6,금요일,5,고학년,쉬는시간,12:51,계단·복도,이동·보행,미끄러짐
SAMPLE-03555,합성 예시 데이터,2023,2023-11-17,11,금요일,2,저학년,4교시,11:48,운동장,기타 체육,넘어짐
SAMPLE-03556,합성 예시 데이터,2021,2021-12-08,12,수요일,5,고학년,방과후,14:37,교실·학습공간,이동·보행,미끄러짐
SAMPLE-03557,합성 예시 데이터,2024,2024-05-20,5,월요일,2,저학년,3교시,11:09,운동장,기타 체육,부딪힘·충돌
SAMPLE-03558,합성 예시 데이터,2024,2024-05-20,5,월요일,6,고학년,4교시,11:44,교실·학습공간,놀이·휴식,부딪힘·충돌
SAMPLE-03559,합성 예시 데이터,2021,2021-11-18,11,목요일,3,고학년,1교시,09:37,운동장,기타 체육,부딪힘·충돌
SAMPLE-03560,합성 예시 데이터,2024,2024-10-10,10,목요일,6,고학년,5교시,13:02,교실·학습공간,이동·보행,넘어짐
SAMPLE-03561,합성 예시 데이터,2022,2022-12-14,12,수요일,3,고학년,5교시,13:34,강당·체육관,구기·라켓스포츠,부딪힘·충돌
SAMPLE-03562,합성 예시 데이터,2023,2023-09-28,9,목요일,4,고학년,점심시간,12:44,급식·위생공간,놀이·휴식,넘어짐
SAMPLE-03563,합성 예시 데이터,2025,2025-12-19,12,금요일,6,고학년,쉬는시간,13:38,계단·복도,이동·보행,추락
SAMPLE-03564,합성 예시 데이터,2025,2025-07-07,7,월요일,5,고학년,3교시,11:27,교실·학습공간,놀이·휴식,기타
SAMPLE-03565,합성 예시 데이터,2025,2025-05-01,5,목요일,2,저학년,3교시,11:01,운동장,구기·라켓스포츠,부딪힘·충돌
SAMPLE-03566,합성 예시 데이터,2023,2023-11-03,11,금요일,3,고학년,방과후,14:32,운동장,기타 체육,기타
SAMPLE-03567,합성 예시 데이터,2022,2022-04-08,4,금요일,3,고학년,4교시,11:45,계단·복도,이동·보행,부딪힘·충돌
SAMPLE-03568,합성 예시 데이터,2022,2022-09-23,9,금요일,6,고학년,3교시,10:45,교실·학습공간,놀이·휴식,부딪힘·충돌
SAMPLE-03569,합성 예시 데이터,2023,2023-12-06,12,수요일,1,저학년,5교시,13:05,교실·학습공간,수업·실습,부딪힘·충돌
SAMPLE-03570,합성 예시 데이터,2021,2021-10-04,10,월요일,5,고학년,방과후,16:02,교실·학습공간,수업·실습,물체에 맞음
SAMPLE-03571,합성 예시 데이터,2023,2023-04-12,4,수요일,3,고학년,쉬는시간,12:27,계단·복도,이동·보행,부딪힘·충돌
SAMPLE-03572,합성 예시 데이터,2022,2022-06-30,6,목요일,4,고학년,쉬는시간,10:22,계단·복도,이동·보행,넘어짐
SAMPLE-03573,합성 예시 데이터,2023,2023-03-20,3,월요일,1,저학년,쉬는시간,10:38,화장실·위생공간,식사·위생,넘어짐
SAMPLE-03574,합성 예시 데이터,2021,2021-07-22,7,목요일,2,저학년,점심시간,12:27,교실·학습공간,수업·실습,넘어짐
SAMPLE-03575,합성 예시 데이터,2023,2023-11-27,11,월요일,6,고학년,쉬는시간,13:41,화장실·위생공간,식사·위생,넘어짐
SAMPLE-03576,합성 예시 데이터,2021,2021-06-16,6,수요일,4,고학년,쉬는시간,11:43,운동장,구기·라켓스포츠,물체에 맞음
SAMPLE-03577,합성 예시 데이터,2025,2025-07-09,7,수요일,1,저학년,방과후,14:51,교실·학습공간,수업·실습,부딪힘·충돌
SAMPLE-03578,합성 예시 데이터,2024,2024-09-20,9,금요일,4,고학년,6교시,13:57,교실·학습공간,이동·보행,부딪힘·충돌
SAMPLE-03579,합성 예시 데이터,2024,2024-09-04,9,수요일,2,저학년,3교시,11:12,강당·체육관,구기·라켓스포츠,넘어짐
SAMPLE-03580,합성 예시 데이터,2022,2022-11-29,11,화요일,2,저학년,점심시간,12:22,급식·위생공간,식사·위생,미끄러짐
SAMPLE-03581,합성 예시 데이터,2025,2025-07-14,7,월요일,6,고학년,쉬는시간,11:49,교실·학습공간,놀이·휴식,기타
SAMPLE-03582,합성 예시 데이터,2021,2021-03-23,3,화요일,5,고학년,점심시간,12:29,운동장,놀이·휴식,넘어짐
SAMPLE-03583,합성 예시 데이터,2023,2023-12-13,12,수요일,6,고학년,3교시,11:16,강당·체육관,구기·라켓스포츠,물체에 맞음
SAMPLE-03584,합성 예시 데이터,2022,2022-04-28,4,목요일,5,고학년,쉬는시간,10:40,운동장,기타 체육,추락
SAMPLE-03585,합성 예시 데이터,2023,2023-12-19,12,화요일,5,고학년,하교,16:51,운동장,구기·라켓스포츠,물체에 맞음
SAMPLE-03586,합성 예시 데이터,2024,2024-11-29,11,금요일,5,고학년,점심시간,12:44,급식·위생공간,이동·보행,넘어짐
SAMPLE-03587,합성 예시 데이터,2025,2025-10-29,10,수요일,5,고학년,6교시,14:25,강당·체육관,기타 체육,넘어짐
SAMPLE-03588,합성 예시 데이터,2025,2025-11-27,11,목요일,2,저학년,점심시간,12:21,계단·복도,이동·보행,미끄러짐
SAMPLE-03589,합성 예시 데이터,2025,2025-11-06,11,목요일,5,고학년,1교시,09:02,교실·학습공간,놀이·휴식,넘어짐
SAMPLE-03590,합성 예시 데이터,2025,2025-10-28,10,화요일,3,고학년,쉬는시간,12:38,계단·복도,이동·보행,추락
SAMPLE-03591,합성 예시 데이터,2024,2024-06-14,6,금요일,1,저학년,쉬는시간,12:17,계단·복도,놀이·휴식,부딪힘·충돌
SAMPLE-03592,합성 예시 데이터,2023,2023-10-23,10,월요일,4,고학년,1교시,09:13,교실·학습공간,놀이·휴식,기타
SAMPLE-03593,합성 예시 데이터,2023,2023-06-28,6,수요일,2,저학년,쉬는시간,12:46,운동장,놀이·휴식,부딪힘·충돌
SAMPLE-03594,합성 예시 데이터,2025,2025-07-04,7,금요일,3,고학년,3교시,10:48,교실·학습공간,놀이·휴식,부딪힘·충돌
SAMPLE-03595,합성 예시 데이터,2025,2025-12-12,12,금요일,4,고학년,쉬는시간,12:21,계단·복도,이동·보행,넘어짐
SAMPLE-03596,합성 예시 데이터,2025,2025-05-23,5,금요일,6,고학년,6교시,14:09,운동장,기타 체육,부딪힘·충돌
SAMPLE-03597,합성 예시 데이터,2025,2025-04-28,4,월요일,2,저학년,1교시,09:37,강당·체육관,기타 체육,추락
SAMPLE-03598,합성 예시 데이터,2024,2024-08-08,8,목요일,1,저학년,2교시,10:05,운동장,구기·라켓스포츠,넘어짐
SAMPLE-03599,합성 예시 데이터,2025,2025-10-28,10,화요일,1,저학년,하교,15:40,교실·학습공간,이동·보행,넘어짐
SAMPLE-03600,합성 예시 데이터,2025,2025-06-10,6,화요일,1,저학년,방과후,15:11,강당·체육관,구기·라켓스포츠,부딪힘·충돌
SAMPLE-03601,합성 예시 데이터,2022,2022-04-22,4,금요일,2,저학년,6교시,14:16,강당·체육관,구기·라켓스포츠,넘어짐
SAMPLE-03602,합성 예시 데이터,2023,2023-07-25,7,화요일,4,고학년,방과후,16:27,교실·학습공간,이동·보행,미끄러짐
SAMPLE-03603,합성 예시 데이터,2023,2023-10-04,10,수요일,6,고학년,쉬는시간,11:16,교실·학습공간,놀이·휴식,넘어짐
SAMPLE-03604,합성 예시 데이터,2024,2024-09-23,9,월요일,5,고학년,4교시,12:08,교실·학습공간,수업·실습,기타
SAMPLE-03605,합성 예시 데이터,2022,2022-07-29,7,금요일,1,저학년,점심시간,12:56,급식·위생공간,식사·위생,넘어짐
SAMPLE-03606,합성 예시 데이터,2023,2023-08-15,8,화요일,5,고학년,1교시,09:49,교실·학습공간,수업·실습,넘어짐
SAMPLE-03607,합성 예시 데이터,2023,2023-08-04,8,금요일,5,고학년,5교시,13:19,강당·체육관,구기·라켓스포츠,부딪힘·충돌
SAMPLE-03608,합성 예시 데이터,2024,2024-07-26,7,금요일,3,고학년,쉬는시간,09:43,교실·학습공간,수업·실습,물체에 맞음
SAMPLE-03609,합성 예시 데이터,2022,2022-12-08,12,목요일,6,고학년,하교,14:53,계단·복도,이동·보행,미끄러짐
SAMPLE-03610,합성 예시 데이터,2023,2023-04-25,4,화요일,5,고학년,등교 전,08:58,운동장,기타 체육,추락
SAMPLE-03611,합성 예시 데이터,2025,2025-06-20,6,금요일,3,고학년,하교,17:29,교실·학습공간,수업·실습,부딪힘·충돌
SAMPLE-03612,합성 예시 데이터,2024,2024-09-30,9,월요일,5,고학년,5교시,13:28,교실·학습공간,놀이·휴식,부딪힘·충돌
SAMPLE-03613,합성 예시 데이터,2021,2021-04-09,4,금요일,6,고학년,등교 전,08:00,계단·복도,이동·보행,넘어짐
SAMPLE-03614,합성 예시 데이터,2023,2023-10-20,10,금요일,4,고학년,점심시간,12:45,급식·위생공간,놀이·휴식,넘어짐
SAMPLE-03615,합성 예시 데이터,2025,2025-03-25,3,화요일,1,저학년,6교시,14:02,교실·학습공간,수업·실습,물체에 맞음
SAMPLE-03616,합성 예시 데이터,2024,2024-12-02,12,월요일,5,고학년,6교시,14:00,교실·학습공간,수업·실습,넘어짐
SAMPLE-03617,합성 예시 데이터,2022,2022-05-13,5,금요일,1,저학년,4교시,12:08,교실·학습공간,이동·보행,넘어짐
SAMPLE-03618,합성 예시 데이터,2023,2023-10-25,10,수요일,5,고학년,쉬는시간,13:53,교실·학습공간,놀이·휴식,부딪힘·충돌
SAMPLE-03619,합성 예시 데이터,2025,2025-03-12,3,수요일,2,저학년,2교시,10:07,강당·체육관,구기·라켓스포츠,물체에 맞음
SAMPLE-03620,합성 예시 데이터,2021,2021-03-19,3,금요일,4,고학년,하교,17:25,계단·복도,이동·보행,넘어짐
SAMPLE-03621,합성 예시 데이터,2025,2025-11-19,11,수요일,3,고학년,쉬는시간,10:58,교실·학습공간,놀이·휴식,부딪힘·충돌
SAMPLE-03622,합성 예시 데이터,2024,2024-05-31,5,금요일,4,고학년,쉬는시간,11:14,운동장,기타 체육,추락
SAMPLE-03623,합성 예시 데이터,2023,2023-09-05,9,화요일,1,저학년,하교,15:29,교실·학습공간,이동·보행,미끄러짐
SAMPLE-03624,합성 예시 데이터,2023,2023-06-08,6,목요일,4,고학년,4교시,11:34,강당·체육관,기타 체육,넘어짐
SAMPLE-03625,합성 예시 데이터,2023,2023-09-14,9,목요일,3,고학년,5교시,13:26,교실·학습공간,수업·실습,넘어짐
SAMPLE-03626,합성 예시 데이터,2024,2024-04-29,4,월요일,4,고학년,6교시,14:29,교실·학습공간,수업·실습,부딪힘·충돌
SAMPLE-03627,합성 예시 데이터,2022,2022-06-24,6,금요일,5,고학년,점심시간,12:15,급식·위생공간,식사·위생,미끄러짐
SAMPLE-03628,합성 예시 데이터,2025,2025-07-08,7,화요일,5,고학년,6교시,14:07,강당·체육관,이동·보행,미끄러짐
SAMPLE-03629,합성 예시 데이터,2022,2022-10-11,10,화요일,3,고학년,6교시,14:15,교실·학습공간,수업·실습,넘어짐
SAMPLE-03630,합성 예시 데이터,2024,2024-10-14,10,월요일,5,고학년,5교시,13:37,운동장,구기·라켓스포츠,물체에 맞음
SAMPLE-03631,합성 예시 데이터,2025,2025-06-12,6,목요일,2,저학년,점심시간,12:40,계단·복도,이동·보행,넘어짐
SAMPLE-03632,합성 예시 데이터,2023,2023-10-04,10,수요일,5,고학년,점심시간,12:49,계단·복도,놀이·휴식,넘어짐
SAMPLE-03633,합성 예시 데이터,2025,2025-08-19,8,화요일,2,저학년,점심시간,12:58,계단·복도,기타,부딪힘·충돌
SAMPLE-03634,합성 예시 데이터,2022,2022-06-21,6,화요일,1,저학년,1교시,09:48,계단·복도,이동·보행,넘어짐
SAMPLE-03635,합성 예시 데이터,2023,2023-10-02,10,월요일,1,저학년,점심시간,12:39,교실·학습공간,수업·실습,부딪힘·충돌
SAMPLE-03636,합성 예시 데이터,2021,2021-12-03,12,금요일,6,고학년,5교시,13:19,강당·체육관,구기·라켓스포츠,물체에 맞음
SAMPLE-03637,합성 예시 데이터,2024,2024-03-12,3,화요일,4,고학년,2교시,09:57,교실·학습공간,수업·실습,기타
SAMPLE-03638,합성 예시 데이터,2025,2025-08-06,8,수요일,4,고학년,5교시,13:17,강당·체육관,이동·보행,추락
SAMPLE-03639,합성 예시 데이터,2022,2022-07-06,7,수요일,5,고학년,3교시,10:44,강당·체육관,이동·보행,넘어짐
SAMPLE-03640,합성 예시 데이터,2025,2025-03-07,3,금요일,1,저학년,3교시,10:58,운동장,구기·라켓스포츠,기타
SAMPLE-03641,합성 예시 데이터,2023,2023-12-14,12,목요일,4,고학년,쉬는시간,10:22,계단·복도,놀이·휴식,기타
SAMPLE-03642,합성 예시 데이터,2024,2024-05-02,5,목요일,6,고학년,점심시간,12:40,교실·학습공간,놀이·휴식,부딪힘·충돌
SAMPLE-03643,합성 예시 데이터,2024,2024-11-27,11,수요일,4,고학년,점심시간,12:45,교실·학습공간,수업·실습,넘어짐
SAMPLE-03644,합성 예시 데이터,2021,2021-05-04,5,화요일,2,저학년,점심시간,12:25,교실·학습공간,수업·실습,부딪힘·충돌
SAMPLE-03645,합성 예시 데이터,2023,2023-11-13,11,월요일,3,고학년,5교시,13:29,강당·체육관,이동·보행,부딪힘·충돌
SAMPLE-03646,합성 예시 데이터,2023,2023-06-14,6,수요일,5,고학년,3교시,10:52,교실·학습공간,수업·실습,넘어짐
SAMPLE-03647,합성 예시 데이터,2022,2022-03-17,3,목요일,4,고학년,3교시,11:08,강당·체육관,구기·라켓스포츠,부딪힘·충돌
SAMPLE-03648,합성 예시 데이터,2025,2025-06-30,6,월요일,3,고학년,쉬는시간,11:07,운동장,놀이·휴식,미끄러짐
SAMPLE-03649,합성 예시 데이터,2024,2024-07-03,7,수요일,6,고학년,1교시,09:41,교실·학습공간,이동·보행,넘어짐
SAMPLE-03650,합성 예시 데이터,2021,2021-11-30,11,화요일,3,고학년,4교시,11:35,강당·체육관,기타 체육,기타
SAMPLE-03651,합성 예시 데이터,2021,2021-03-22,3,월요일,1,저학년,점심시간,12:55,운동장,기타 체육,추락
SAMPLE-03652,합성 예시 데이터,2023,2023-08-10,8,목요일,2,저학년,방과후,14:57,강당·체육관,구기·라켓스포츠,부딪힘·충돌
SAMPLE-03653,합성 예시 데이터,2022,2022-03-31,3,목요일,4,고학년,2교시,10:25,강당·체육관,기타 체육,부딪힘·충돌
SAMPLE-03654,합성 예시 데이터,2024,2024-11-04,11,월요일,4,고학년,방과후,16:09,운동장,이동·보행,넘어짐
SAMPLE-03655,합성 예시 데이터,2023,2023-03-01,3,수요일,3,고학년,점심시간,12:57,급식·위생공간,이동·보행,부딪힘·충돌
SAMPLE-03656,합성 예시 데이터,2025,2025-06-27,6,금요일,1,저학년,하교,15:48,교문·외부동선,이동·보행,미끄러짐
SAMPLE-03657,합성 예시 데이터,2021,2021-03-03,3,수요일,5,고학년,4교시,11:58,운동장,구기·라켓스포츠,물체에 맞음
SAMPLE-03658,합성 예시 데이터,2024,2024-07-31,7,수요일,4,고학년,2교시,10:05,교실·학습공간,이동·보행,부딪힘·충돌
SAMPLE-03659,합성 예시 데이터,2023,2023-04-12,4,수요일,3,고학년,6교시,14:08,교실·학습공간,수업·실습,부딪힘·충돌
SAMPLE-03660,합성 예시 데이터,2025,2025-10-20,10,월요일,3,고학년,1교시,09:29,교실·학습공간,이동·보행,미끄러짐
SAMPLE-03661,합성 예시 데이터,2024,2024-08-26,8,월요일,4,고학년,3교시,10:47,강당·체육관,기타 체육,기타
SAMPLE-03662,합성 예시 데이터,2022,2022-03-16,3,수요일,6,고학년,쉬는시간,10:29,교실·학습공간,이동·보행,넘어짐
SAMPLE-03663,합성 예시 데이터,2023,2023-05-10,5,수요일,3,고학년,3교시,11:11,교실·학습공간,이동·보행,넘어짐
SAMPLE-03664,합성 예시 데이터,2025,2025-08-25,8,월요일,3,고학년,쉬는시간,13:36,계단·복도,이동·보행,미끄러짐
SAMPLE-03665,합성 예시 데이터,2024,2024-04-29,4,월요일,3,고학년,점심시간,12:32,계단·복도,이동·보행,넘어짐
SAMPLE-03666,합성 예시 데이터,2025,2025-05-01,5,목요일,3,고학년,2교시,10:07,강당·체육관,기타 체육,부딪힘·충돌
SAMPLE-03667,합성 예시 데이터,2025,2025-04-04,4,금요일,5,고학년,점심시간,12:24,교실·학습공간,놀이·휴식,넘어짐
SAMPLE-03668,합성 예시 데이터,2024,2024-06-07,6,금요일,1,저학년,3교시,10:52,교실·학습공간,이동·보행,넘어짐
SAMPLE-03669,합성 예시 데이터,2023,2023-07-12,7,수요일,3,고학년,쉬는시간,14:12,운동장,놀이·휴식,부딪힘·충돌
SAMPLE-03670,합성 예시 데이터,2024,2024-09-13,9,금요일,5,고학년,1교시,09:09,교실·학습공간,이동·보행,넘어짐
SAMPLE-03671,합성 예시 데이터,2021,2021-07-29,7,목요일,5,고학년,쉬는시간,12:45,교실·학습공간,놀이·휴식,부딪힘·충돌
SAMPLE-03672,합성 예시 데이터,2022,2022-12-20,12,화요일,4,고학년,점심시간,12:41,급식·위생공간,식사·위생,넘어짐
SAMPLE-03673,합성 예시 데이터,2025,2025-08-20,8,수요일,6,고학년,쉬는시간,09:44,교실·학습공간,수업·실습,기타
SAMPLE-03674,합성 예시 데이터,2023,2023-09-25,9,월요일,2,저학년,3교시,10:51,교실·학습공간,이동·보행,미끄러짐
SAMPLE-03675,합성 예시 데이터,2025,2025-05-14,5,수요일,6,고학년,4교시,12:07,강당·체육관,구기·라켓스포츠,기타
SAMPLE-03676,합성 예시 데이터,2021,2021-08-20,8,금요일,4,고학년,5교시,13:37,교실·학습공간,이동·보행,추락
SAMPLE-03677,합성 예시 데이터,2024,2024-07-04,7,목요일,2,저학년,쉬는시간,12:50,교실·학습공간,수업·실습,넘어짐
SAMPLE-03678,합성 예시 데이터,2024,2024-05-01,5,수요일,5,고학년,5교시,13:03,교실·학습공간,수업·실습,넘어짐
SAMPLE-03679,합성 예시 데이터,2025,2025-11-13,11,목요일,1,저학년,쉬는시간,10:51,교실·학습공간,이동·보행,부딪힘·충돌
SAMPLE-03680,합성 예시 데이터,2021,2021-07-19,7,월요일,5,고학년,점심시간,12:53,급식·위생공간,식사·위생,기타
SAMPLE-03681,합성 예시 데이터,2022,2022-11-22,11,화요일,4,고학년,방과후,15:21,강당·체육관,구기·라켓스포츠,물체에 맞음
SAMPLE-03682,합성 예시 데이터,2021,2021-06-22,6,화요일,2,저학년,3교시,10:46,강당·체육관,구기·라켓스포츠,넘어짐
SAMPLE-03683,합성 예시 데이터,2022,2022-05-31,5,화요일,5,고학년,6교시,14:24,강당·체육관,기타 체육,추락
SAMPLE-03684,합성 예시 데이터,2025,2025-09-26,9,금요일,3,고학년,하교,14:03,교문·외부동선,이동·보행,넘어짐
SAMPLE-03685,합성 예시 데이터,2025,2025-06-18,6,수요일,3,고학년,4교시,11:30,강당·체육관,구기·라켓스포츠,물체에 맞음
SAMPLE-03686,합성 예시 데이터,2023,2023-12-14,12,목요일,2,저학년,쉬는시간,11:13,교실·학습공간,수업·실습,부딪힘·충돌
SAMPLE-03687,합성 예시 데이터,2024,2024-08-27,8,화요일,2,저학년,방과후,16:57,교실·학습공간,이동·보행,넘어짐
SAMPLE-03688,합성 예시 데이터,2021,2021-05-31,5,월요일,4,고학년,방과후,15:32,강당·체육관,구기·라켓스포츠,부딪힘·충돌
SAMPLE-03689,합성 예시 데이터,2024,2024-12-13,12,금요일,1,저학년,3교시,10:49,운동장,이동·보행,부딪힘·충돌
SAMPLE-03690,합성 예시 데이터,2024,2024-06-17,6,월요일,5,고학년,1교시,09:26,교실·학습공간,수업·실습,부딪힘·충돌
SAMPLE-03691,합성 예시 데이터,2021,2021-04-12,4,월요일,2,저학년,쉬는시간,13:07,계단·복도,놀이·휴식,미끄러짐
SAMPLE-03692,합성 예시 데이터,2024,2024-07-11,7,목요일,3,고학년,방과후,16:44,교실·학습공간,수업·실습,물체에 맞음
SAMPLE-03693,합성 예시 데이터,2021,2021-10-12,10,화요일,4,고학년,6교시,13:51,강당·체육관,기타 체육,추락
SAMPLE-03694,합성 예시 데이터,2022,2022-04-04,4,월요일,6,고학년,5교시,13:24,강당·체육관,구기·라켓스포츠,물체에 맞음
SAMPLE-03695,합성 예시 데이터,2025,2025-04-30,4,수요일,6,고학년,5교시,13:19,교실·학습공간,놀이·휴식,부딪힘·충돌
SAMPLE-03696,합성 예시 데이터,2024,2024-09-25,9,수요일,5,고학년,방과후,15:34,강당·체육관,구기·라켓스포츠,기타
SAMPLE-03697,합성 예시 데이터,2023,2023-03-27,3,월요일,6,고학년,쉬는시간,10:12,교실·학습공간,수업·실습,넘어짐
SAMPLE-03698,합성 예시 데이터,2025,2025-06-11,6,수요일,1,저학년,2교시,09:58,강당·체육관,기타 체육,부딪힘·충돌
SAMPLE-03699,합성 예시 데이터,2022,2022-06-20,6,월요일,2,저학년,점심시간,12:18,급식·위생공간,식사·위생,기타
SAMPLE-03700,합성 예시 데이터,2025,2025-11-24,11,월요일,1,저학년,쉬는시간,13:36,계단·복도,이동·보행,넘어짐
SAMPLE-03701,합성 예시 데이터,2024,2024-08-19,8,월요일,5,고학년,4교시,11:45,계단·복도,이동·보행,넘어짐
SAMPLE-03702,합성 예시 데이터,2023,2023-06-27,6,화요일,5,고학년,6교시,13:52,강당·체육관,이동·보행,부딪힘·충돌
SAMPLE-03703,합성 예시 데이터,2023,2023-11-23,11,목요일,2,저학년,4교시,11:34,운동장,이동·보행,부딪힘·충돌
SAMPLE-03704,합성 예시 데이터,2025,2025-10-14,10,화요일,1,저학년,점심시간,12:15,운동장,기타 체육,넘어짐
SAMPLE-03705,합성 예시 데이터,2022,2022-09-27,9,화요일,6,고학년,3교시,11:17,교실·학습공간,수업·실습,부딪힘·충돌
SAMPLE-03706,합성 예시 데이터,2022,2022-06-21,6,화요일,5,고학년,3교시,11:20,운동장,구기·라켓스포츠,넘어짐
SAMPLE-03707,합성 예시 데이터,2023,2023-10-17,10,화요일,1,저학년,6교시,14:22,강당·체육관,구기·라켓스포츠,기타
SAMPLE-03708,합성 예시 데이터,2024,2024-10-23,10,수요일,3,고학년,쉬는시간,10:21,화장실·위생공간,식사·위생,미끄러짐
SAMPLE-03709,합성 예시 데이터,2023,2023-10-31,10,화요일,1,저학년,4교시,11:42,계단·복도,이동·보행,부딪힘·충돌
SAMPLE-03710,합성 예시 데이터,2025,2025-08-15,8,금요일,5,고학년,1교시,09:44,교실·학습공간,이동·보행,부딪힘·충돌
SAMPLE-03711,합성 예시 데이터,2023,2023-09-04,9,월요일,5,고학년,6교시,14:05,강당·체육관,기타 체육,추락
SAMPLE-03712,합성 예시 데이터,2023,2023-10-10,10,화요일,1,저학년,하교,16:27,운동장,이동·보행,미끄러짐
SAMPLE-03713,합성 예시 데이터,2023,2023-03-13,3,월요일,4,고학년,쉬는시간,12:00,운동장,기타 체육,부딪힘·충돌
SAMPLE-03714,합성 예시 데이터,2022,2022-09-16,9,금요일,6,고학년,6교시,14:19,강당·체육관,구기·라켓스포츠,부딪힘·충돌
SAMPLE-03715,합성 예시 데이터,2024,2024-07-05,7,금요일,6,고학년,5교시,13:31,강당·체육관,구기·라켓스포츠,넘어짐
SAMPLE-03716,합성 예시 데이터,2024,2024-06-24,6,월요일,5,고학년,6교시,14:01,강당·체육관,구기·라켓스포츠,부딪힘·충돌
SAMPLE-03717,합성 예시 데이터,2023,2023-05-29,5,월요일,5,고학년,5교시,13:00,운동장,구기·라켓스포츠,넘어짐
SAMPLE-03718,합성 예시 데이터,2023,2023-11-01,11,수요일,3,고학년,하교,14:34,계단·복도,놀이·휴식,넘어짐
SAMPLE-03719,합성 예시 데이터,2025,2025-07-11,7,금요일,2,저학년,4교시,11:38,교실·학습공간,이동·보행,넘어짐
SAMPLE-03720,합성 예시 데이터,2023,2023-06-12,6,월요일,6,고학년,쉬는시간,10:08,운동장,놀이·휴식,부딪힘·충돌
SAMPLE-03721,합성 예시 데이터,2024,2024-08-12,8,월요일,3,고학년,쉬는시간,13:05,교실·학습공간,수업·실습,넘어짐
SAMPLE-03722,합성 예시 데이터,2023,2023-12-11,12,월요일,2,저학년,쉬는시간,13:25,교실·학습공간,놀이·휴식,기타
SAMPLE-03723,합성 예시 데이터,2022,2022-03-21,3,월요일,6,고학년,하교,14:28,운동장,구기·라켓스포츠,물체에 맞음
SAMPLE-03724,합성 예시 데이터,2025,2025-04-14,4,월요일,1,저학년,5교시,13:35,교실·학습공간,수업·실습,넘어짐
SAMPLE-03725,합성 예시 데이터,2024,2024-07-23,7,화요일,5,고학년,하교,15:53,교실·학습공간,수업·실습,물체에 맞음
SAMPLE-03726,합성 예시 데이터,2023,2023-04-10,4,월요일,3,고학년,쉬는시간,12:42,교실·학습공간,놀이·휴식,미끄러짐
SAMPLE-03727,합성 예시 데이터,2025,2025-07-10,7,목요일,5,고학년,점심시간,12:17,급식·위생공간,이동·보행,부딪힘·충돌
SAMPLE-03728,합성 예시 데이터,2022,2022-06-06,6,월요일,2,저학년,점심시간,12:48,급식·위생공간,식사·위생,기타
SAMPLE-03729,합성 예시 데이터,2024,2024-05-14,5,화요일,2,저학년,등교 전,08:29,교문·외부동선,이동·보행,추락
SAMPLE-03730,합성 예시 데이터,2021,2021-07-22,7,목요일,1,저학년,4교시,11:46,강당·체육관,구기·라켓스포츠,물체에 맞음
SAMPLE-03731,합성 예시 데이터,2022,2022-06-13,6,월요일,6,고학년,6교시,14:13,운동장,기타 체육,부딪힘·충돌
SAMPLE-03732,합성 예시 데이터,2023,2023-06-22,6,목요일,3,고학년,3교시,11:29,교실·학습공간,놀이·휴식,부딪힘·충돌
SAMPLE-03733,합성 예시 데이터,2025,2025-03-14,3,금요일,2,저학년,1교시,09:45,교실·학습공간,놀이·휴식,넘어짐
SAMPLE-03734,합성 예시 데이터,2023,2023-11-17,11,금요일,3,고학년,쉬는시간,13:40,교실·학습공간,놀이·휴식,넘어짐
SAMPLE-03735,합성 예시 데이터,2021,2021-03-25,3,목요일,6,고학년,방과후,15:30,운동장,이동·보행,추락
SAMPLE-03736,합성 예시 데이터,2025,2025-08-12,8,화요일,3,고학년,쉬는시간,13:19,계단·복도,이동·보행,넘어짐
SAMPLE-03737,합성 예시 데이터,2023,2023-05-23,5,화요일,1,저학년,방과후,15:37,계단·복도,이동·보행,넘어짐
SAMPLE-03738,합성 예시 데이터,2022,2022-06-24,6,금요일,3,고학년,쉬는시간,09:55,운동장,기타 체육,넘어짐
SAMPLE-03739,합성 예시 데이터,2021,2021-09-02,9,목요일,2,저학년,쉬는시간,13:49,운동장,기타 체육,기타
SAMPLE-03740,합성 예시 데이터,2021,2021-09-29,9,수요일,1,저학년,점심시간,12:11,계단·복도,놀이·휴식,부딪힘·충돌
SAMPLE-03741,합성 예시 데이터,2024,2024-10-17,10,목요일,6,고학년,점심시간,12:36,운동장,기타 체육,부딪힘·충돌
SAMPLE-03742,합성 예시 데이터,2024,2024-09-10,9,화요일,3,고학년,3교시,10:48,강당·체육관,구기·라켓스포츠,부딪힘·충돌
SAMPLE-03743,합성 예시 데이터,2023,2023-08-31,8,목요일,3,고학년,1교시,09:16,강당·체육관,기타 체육,추락
SAMPLE-03744,합성 예시 데이터,2025,2025-07-15,7,화요일,5,고학년,5교시,13:48,강당·체육관,기타 체육,추락
SAMPLE-03745,합성 예시 데이터,2022,2022-12-13,12,화요일,4,고학년,쉬는시간,11:33,계단·복도,이동·보행,넘어짐
SAMPLE-03746,합성 예시 데이터,2024,2024-04-25,4,목요일,4,고학년,5교시,13:15,강당·체육관,기타 체육,넘어짐
SAMPLE-03747,합성 예시 데이터,2022,2022-07-01,7,금요일,4,고학년,4교시,12:05,교실·학습공간,수업·실습,물체에 맞음
SAMPLE-03748,합성 예시 데이터,2023,2023-08-03,8,목요일,1,저학년,쉬는시간,12:29,교실·학습공간,놀이·휴식,기타
SAMPLE-03749,합성 예시 데이터,2021,2021-05-05,5,수요일,1,저학년,점심시간,12:47,급식·위생공간,이동·보행,추락
SAMPLE-03750,합성 예시 데이터,2024,2024-08-21,8,수요일,3,고학년,쉬는시간,12:44,계단·복도,이동·보행,부딪힘·충돌
SAMPLE-03751,합성 예시 데이터,2021,2021-10-21,10,목요일,5,고학년,쉬는시간,14:02,교실·학습공간,놀이·휴식,넘어짐
SAMPLE-03752,합성 예시 데이터,2025,2025-03-21,3,금요일,5,고학년,점심시간,12:31,급식·위생공간,식사·위생,기타
SAMPLE-03753,합성 예시 데이터,2021,2021-03-05,3,금요일,1,저학년,2교시,10:11,강당·체육관,기타 체육,넘어짐
SAMPLE-03754,합성 예시 데이터,2022,2022-07-29,7,금요일,2,저학년,2교시,10:39,운동장,기타 체육,추락
SAMPLE-03755,합성 예시 데이터,2023,2023-08-03,8,목요일,3,고학년,5교시,13:37,교실·학습공간,수업·실습,기타
SAMPLE-03756,합성 예시 데이터,2024,2024-10-28,10,월요일,5,고학년,쉬는시간,13:48,화장실·위생공간,식사·위생,미끄러짐
SAMPLE-03757,합성 예시 데이터,2023,2023-08-11,8,금요일,5,고학년,하교,14:54,계단·복도,이동·보행,미끄러짐
SAMPLE-03758,합성 예시 데이터,2021,2021-11-24,11,수요일,2,저학년,1교시,09:00,교실·학습공간,수업·실습,물체에 맞음
SAMPLE-03759,합성 예시 데이터,2022,2022-09-13,9,화요일,3,고학년,쉬는시간,11:38,교실·학습공간,놀이·휴식,기타
SAMPLE-03760,합성 예시 데이터,2023,2023-10-04,10,수요일,3,고학년,등교 전,07:30,운동장,기타 체육,부딪힘·충돌
SAMPLE-03761,합성 예시 데이터,2025,2025-09-02,9,화요일,2,저학년,쉬는시간,10:26,운동장,기타 체육,기타
SAMPLE-03762,합성 예시 데이터,2021,2021-05-26,5,수요일,4,고학년,5교시,13:09,교실·학습공간,수업·실습,넘어짐
SAMPLE-03763,합성 예시 데이터,2025,2025-06-06,6,금요일,4,고학년,1교시,09:05,교실·학습공간,수업·실습,부딪힘·충돌
SAMPLE-03764,합성 예시 데이터,2023,2023-08-21,8,월요일,2,저학년,등교 전,07:34,계단·복도,놀이·휴식,부딪힘·충돌
SAMPLE-03765,합성 예시 데이터,2023,2023-11-23,11,목요일,2,저학년,4교시,11:54,강당·체육관,구기·라켓스포츠,부딪힘·충돌
SAMPLE-03766,합성 예시 데이터,2022,2022-03-30,3,수요일,4,고학년,방과후,15:28,계단·복도,놀이·휴식,넘어짐
SAMPLE-03767,합성 예시 데이터,2021,2021-04-13,4,화요일,4,고학년,등교 전,07:52,교실·학습공간,놀이·휴식,기타
SAMPLE-03768,합성 예시 데이터,2023,2023-07-12,7,수요일,5,고학년,쉬는시간,10:37,운동장,구기·라켓스포츠,기타
SAMPLE-03769,합성 예시 데이터,2023,2023-10-25,10,수요일,2,저학년,하교,17:02,교실·학습공간,수업·실습,기타
SAMPLE-03770,합성 예시 데이터,2024,2024-05-06,5,월요일,3,고학년,4교시,12:03,운동장,기타 체육,추락
SAMPLE-03771,합성 예시 데이터,2022,2022-10-06,10,목요일,4,고학년,점심시간,12:58,교실·학습공간,놀이·휴식,넘어짐
SAMPLE-03772,합성 예시 데이터,2024,2024-09-11,9,수요일,3,고학년,5교시,13:19,강당·체육관,이동·보행,부딪힘·충돌
SAMPLE-03773,합성 예시 데이터,2024,2024-08-02,8,금요일,1,저학년,5교시,13:40,교실·학습공간,이동·보행,넘어짐
SAMPLE-03774,합성 예시 데이터,2021,2021-11-18,11,목요일,6,고학년,점심시간,12:46,교실·학습공간,놀이·휴식,넘어짐
SAMPLE-03775,합성 예시 데이터,2024,2024-06-25,6,화요일,1,저학년,쉬는시간,13:03,계단·복도,이동·보행,부딪힘·충돌
SAMPLE-03776,합성 예시 데이터,2024,2024-10-28,10,월요일,5,고학년,쉬는시간,10:19,계단·복도,기타,부딪힘·충돌
SAMPLE-03777,합성 예시 데이터,2025,2025-11-12,11,수요일,5,고학년,4교시,11:51,운동장,이동·보행,부딪힘·충돌
SAMPLE-03778,합성 예시 데이터,2023,2023-05-18,5,목요일,5,고학년,방과후,14:30,운동장,기타 체육,추락
SAMPLE-03779,합성 예시 데이터,2023,2023-08-25,8,금요일,1,저학년,쉬는시간,14:14,화장실·위생공간,이동·보행,넘어짐
SAMPLE-03780,합성 예시 데이터,2021,2021-03-16,3,화요일,6,고학년,4교시,11:38,강당·체육관,기타 체육,넘어짐
SAMPLE-03781,합성 예시 데이터,2025,2025-10-17,10,금요일,5,고학년,6교시,14:14,교실·학습공간,놀이·휴식,넘어짐
SAMPLE-03782,합성 예시 데이터,2022,2022-08-31,8,수요일,2,저학년,쉬는시간,14:03,운동장,놀이·휴식,넘어짐
SAMPLE-03783,합성 예시 데이터,2025,2025-10-06,10,월요일,2,저학년,점심시간,12:14,급식·위생공간,식사·위생,화상
SAMPLE-03784,합성 예시 데이터,2022,2022-09-09,9,금요일,6,고학년,5교시,13:01,운동장,놀이·휴식,넘어짐
SAMPLE-03785,합성 예시 데이터,2023,2023-04-12,4,수요일,2,저학년,쉬는시간,10:54,계단·복도,이동·보행,부딪힘·충돌
SAMPLE-03786,합성 예시 데이터,2025,2025-12-18,12,목요일,5,고학년,4교시,11:33,교실·학습공간,수업·실습,기타
SAMPLE-03787,합성 예시 데이터,2025,2025-10-07,10,화요일,4,고학년,점심시간,12:59,계단·복도,이동·보행,넘어짐
SAMPLE-03788,합성 예시 데이터,2024,2024-12-09,12,월요일,2,저학년,점심시간,12:34,교실·학습공간,수업·실습,물체에 맞음
SAMPLE-03789,합성 예시 데이터,2024,2024-03-06,3,수요일,1,저학년,쉬는시간,13:29,교실·학습공간,수업·실습,기타
SAMPLE-03790,합성 예시 데이터,2024,2024-06-24,6,월요일,3,고학년,점심시간,12:51,교실·학습공간,놀이·휴식,넘어짐
SAMPLE-03791,합성 예시 데이터,2025,2025-09-25,9,목요일,5,고학년,5교시,13:30,운동장,구기·라켓스포츠,물체에 맞음
SAMPLE-03792,합성 예시 데이터,2024,2024-06-13,6,목요일,2,저학년,등교 전,08:54,운동장,놀이·휴식,넘어짐
SAMPLE-03793,합성 예시 데이터,2021,2021-12-06,12,월요일,5,고학년,1교시,09:26,강당·체육관,구기·라켓스포츠,부딪힘·충돌
SAMPLE-03794,합성 예시 데이터,2023,2023-09-15,9,금요일,2,저학년,3교시,11:26,운동장,구기·라켓스포츠,부딪힘·충돌
SAMPLE-03795,합성 예시 데이터,2024,2024-07-11,7,목요일,4,고학년,2교시,10:19,강당·체육관,구기·라켓스포츠,넘어짐
SAMPLE-03796,합성 예시 데이터,2023,2023-04-18,4,화요일,6,고학년,2교시,10:24,교실·학습공간,놀이·휴식,부딪힘·충돌
SAMPLE-03797,합성 예시 데이터,2023,2023-08-17,8,목요일,4,고학년,방과후,16:24,교실·학습공간,이동·보행,미끄러짐
SAMPLE-03798,합성 예시 데이터,2023,2023-09-11,9,월요일,6,고학년,6교시,14:08,강당·체육관,기타 체육,넘어짐
SAMPLE-03799,합성 예시 데이터,2021,2021-06-25,6,금요일,2,저학년,하교,14:49,계단·복도,이동·보행,넘어짐
SAMPLE-03800,합성 예시 데이터,2025,2025-06-25,6,수요일,4,고학년,쉬는시간,12:22,교실·학습공간,놀이·휴식,부딪힘·충돌
SAMPLE-03801,합성 예시 데이터,2025,2025-08-21,8,목요일,6,고학년,하교,16:21,교문·외부동선,이동·보행,미끄러짐
SAMPLE-03802,합성 예시 데이터,2021,2021-06-11,6,금요일,5,고학년,5교시,13:03,강당·체육관,이동·보행,미끄러짐
SAMPLE-03803,합성 예시 데이터,2025,2025-08-25,8,월요일,6,고학년,점심시간,12:33,급식·위생공간,식사·위생,기타
SAMPLE-03804,합성 예시 데이터,2023,2023-09-05,9,화요일,6,고학년,3교시,11:29,교실·학습공간,수업·실습,넘어짐
SAMPLE-03805,합성 예시 데이터,2022,2022-03-18,3,금요일,3,고학년,쉬는시간,10:31,교실·학습공간,수업·실습,넘어짐
SAMPLE-03806,합성 예시 데이터,2023,2023-05-02,5,화요일,6,고학년,2교시,09:52,교실·학습공간,수업·실습,넘어짐
SAMPLE-03807,합성 예시 데이터,2021,2021-04-27,4,화요일,4,고학년,3교시,11:13,강당·체육관,구기·라켓스포츠,부딪힘·충돌
SAMPLE-03808,합성 예시 데이터,2023,2023-12-04,12,월요일,3,고학년,4교시,11:42,교실·학습공간,이동·보행,넘어짐
SAMPLE-03809,합성 예시 데이터,2021,2021-12-03,12,금요일,4,고학년,방과후,14:35,강당·체육관,구기·라켓스포츠,부딪힘·충돌
SAMPLE-03810,합성 예시 데이터,2025,2025-05-20,5,화요일,4,고학년,쉬는시간,10:08,계단·복도,이동·보행,부딪힘·충돌
SAMPLE-03811,합성 예시 데이터,2023,2023-07-20,7,목요일,6,고학년,4교시,12:03,교실·학습공간,수업·실습,물체에 맞음
SAMPLE-03812,합성 예시 데이터,2024,2024-08-19,8,월요일,1,저학년,쉬는시간,12:00,교실·학습공간,수업·실습,물체에 맞음
SAMPLE-03813,합성 예시 데이터,2023,2023-03-27,3,월요일,5,고학년,점심시간,12:36,계단·복도,이동·보행,부딪힘·충돌
SAMPLE-03814,합성 예시 데이터,2022,2022-10-24,10,월요일,5,고학년,5교시,13:19,운동장,구기·라켓스포츠,부딪힘·충돌
SAMPLE-03815,합성 예시 데이터,2023,2023-07-28,7,금요일,6,고학년,하교,14:18,계단·복도,기타,넘어짐
SAMPLE-03816,합성 예시 데이터,2025,2025-06-16,6,월요일,4,고학년,3교시,11:13,교실·학습공간,수업·실습,물체에 맞음
SAMPLE-03817,합성 예시 데이터,2025,2025-11-12,11,수요일,6,고학년,하교,16:07,운동장,이동·보행,부딪힘·충돌
SAMPLE-03818,합성 예시 데이터,2024,2024-10-10,10,목요일,6,고학년,하교,16:41,교실·학습공간,놀이·휴식,넘어짐
SAMPLE-03819,합성 예시 데이터,2023,2023-11-21,11,화요일,5,고학년,5교시,13:21,강당·체육관,기타 체육,부딪힘·충돌
SAMPLE-03820,합성 예시 데이터,2021,2021-04-06,4,화요일,1,저학년,방과후,15:26,운동장,기타 체육,넘어짐
SAMPLE-03821,합성 예시 데이터,2021,2021-09-14,9,화요일,6,고학년,2교시,10:01,강당·체육관,구기·라켓스포츠,부딪힘·충돌
SAMPLE-03822,합성 예시 데이터,2023,2023-08-29,8,화요일,6,고학년,2교시,10:09,운동장,기타 체육,부딪힘·충돌
SAMPLE-03823,합성 예시 데이터,2023,2023-03-10,3,금요일,2,저학년,5교시,13:29,운동장,구기·라켓스포츠,넘어짐
SAMPLE-03824,합성 예시 데이터,2022,2022-07-14,7,목요일,1,저학년,점심시간,12:55,교실·학습공간,이동·보행,부딪힘·충돌
SAMPLE-03825,합성 예시 데이터,2021,2021-09-29,9,수요일,4,고학년,4교시,11:55,교실·학습공간,놀이·휴식,부딪힘·충돌
SAMPLE-03826,합성 예시 데이터,2021,2021-11-02,11,화요일,4,고학년,5교시,13:26,강당·체육관,구기·라켓스포츠,부딪힘·충돌
SAMPLE-03827,합성 예시 데이터,2025,2025-11-20,11,목요일,2,저학년,2교시,10:30,강당·체육관,구기·라켓스포츠,기타
SAMPLE-03828,합성 예시 데이터,2025,2025-05-12,5,월요일,3,고학년,5교시,13:42,계단·복도,이동·보행,부딪힘·충돌
SAMPLE-03829,합성 예시 데이터,2021,2021-08-12,8,목요일,5,고학년,점심시간,12:12,급식·위생공간,식사·위생,화상
SAMPLE-03830,합성 예시 데이터,2022,2022-07-01,7,금요일,1,저학년,등교 전,07:31,교문·외부동선,이동·보행,미끄러짐
SAMPLE-03831,합성 예시 데이터,2023,2023-09-04,9,월요일,5,고학년,쉬는시간,12:54,계단·복도,이동·보행,넘어짐
SAMPLE-03832,합성 예시 데이터,2022,2022-12-14,12,수요일,4,고학년,4교시,11:36,강당·체육관,구기·라켓스포츠,물체에 맞음
SAMPLE-03833,합성 예시 데이터,2022,2022-11-11,11,금요일,5,고학년,4교시,11:36,교실·학습공간,이동·보행,넘어짐
SAMPLE-03834,합성 예시 데이터,2021,2021-12-02,12,목요일,3,고학년,6교시,13:50,운동장,이동·보행,추락
SAMPLE-03835,합성 예시 데이터,2025,2025-10-30,10,목요일,6,고학년,6교시,14:05,교실·학습공간,놀이·휴식,부딪힘·충돌
SAMPLE-03836,합성 예시 데이터,2022,2022-06-28,6,화요일,2,저학년,점심시간,12:50,급식·위생공간,놀이·휴식,기타
SAMPLE-03837,합성 예시 데이터,2022,2022-06-14,6,화요일,2,저학년,2교시,10:29,운동장,이동·보행,부딪힘·충돌
SAMPLE-03838,합성 예시 데이터,2022,2022-08-23,8,화요일,1,저학년,쉬는시간,13:42,화장실·위생공간,식사·위생,기타
SAMPLE-03839,합성 예시 데이터,2021,2021-03-09,3,화요일,2,저학년,쉬는시간,11:31,계단·복도,이동·보행,미끄러짐
SAMPLE-03840,합성 예시 데이터,2023,2023-10-20,10,금요일,3,고학년,쉬는시간,13:53,계단·복도,기타,부딪힘·충돌
SAMPLE-03841,합성 예시 데이터,2024,2024-03-18,3,월요일,1,저학년,하교,14:25,계단·복도,이동·보행,넘어짐
SAMPLE-03842,합성 예시 데이터,2024,2024-11-12,11,화요일,2,저학년,쉬는시간,13:19,계단·복도,이동·보행,부딪힘·충돌
SAMPLE-03843,합성 예시 데이터,2021,2021-03-02,3,화요일,6,고학년,점심시간,12:20,급식·위생공간,이동·보행,넘어짐
SAMPLE-03844,합성 예시 데이터,2024,2024-05-08,5,수요일,2,저학년,쉬는시간,10:20,계단·복도,이동·보행,부딪힘·충돌
SAMPLE-03845,합성 예시 데이터,2021,2021-07-14,7,수요일,1,저학년,쉬는시간,10:26,교실·학습공간,수업·실습,부딪힘·충돌
SAMPLE-03846,합성 예시 데이터,2022,2022-09-12,9,월요일,1,저학년,하교,15:26,교실·학습공간,놀이·휴식,기타
SAMPLE-03847,합성 예시 데이터,2021,2021-11-30,11,화요일,6,고학년,쉬는시간,10:20,화장실·위생공간,이동·보행,넘어짐
SAMPLE-03848,합성 예시 데이터,2025,2025-06-02,6,월요일,1,저학년,쉬는시간,10:34,교실·학습공간,수업·실습,넘어짐
SAMPLE-03849,합성 예시 데이터,2023,2023-08-17,8,목요일,6,고학년,6교시,13:57,교실·학습공간,이동·보행,부딪힘·충돌
SAMPLE-03850,합성 예시 데이터,2025,2025-05-27,5,화요일,2,저학년,쉬는시간,11:10,계단·복도,이동·보행,추락
SAMPLE-03851,합성 예시 데이터,2022,2022-11-02,11,수요일,3,고학년,쉬는시간,10:30,교실·학습공간,수업·실습,넘어짐
SAMPLE-03852,합성 예시 데이터,2025,2025-06-09,6,월요일,3,고학년,점심시간,12:42,계단·복도,놀이·휴식,미끄러짐
SAMPLE-03853,합성 예시 데이터,2022,2022-12-13,12,화요일,6,고학년,점심시간,12:25,교실·학습공간,놀이·휴식,미끄러짐
SAMPLE-03854,합성 예시 데이터,2022,2022-04-08,4,금요일,6,고학년,하교,14:04,교문·외부동선,이동·보행,넘어짐
SAMPLE-03855,합성 예시 데이터,2024,2024-10-22,10,화요일,3,고학년,방과후,15:21,계단·복도,이동·보행,부딪힘·충돌
SAMPLE-03856,합성 예시 데이터,2024,2024-04-25,4,목요일,2,저학년,방과후,16:41,강당·체육관,구기·라켓스포츠,물체에 맞음
SAMPLE-03857,합성 예시 데이터,2023,2023-04-11,4,화요일,2,저학년,6교시,14:21,강당·체육관,기타 체육,부딪힘·충돌
SAMPLE-03858,합성 예시 데이터,2021,2021-10-13,10,수요일,2,저학년,쉬는시간,11:57,교실·학습공간,수업·실습,부딪힘·충돌
SAMPLE-03859,합성 예시 데이터,2024,2024-05-23,5,목요일,2,저학년,점심시간,12:59,계단·복도,이동·보행,넘어짐
SAMPLE-03860,합성 예시 데이터,2025,2025-11-17,11,월요일,5,고학년,하교,14:30,운동장,놀이·휴식,기타
SAMPLE-03861,합성 예시 데이터,2025,2025-04-21,4,월요일,1,저학년,5교시,13:14,교실·학습공간,이동·보행,추락
SAMPLE-03862,합성 예시 데이터,2023,2023-04-28,4,금요일,2,저학년,5교시,13:10,교실·학습공간,수업·실습,기타
SAMPLE-03863,합성 예시 데이터,2024,2024-03-08,3,금요일,6,고학년,방과후,17:13,교실·학습공간,이동·보행,미끄러짐
SAMPLE-03864,합성 예시 데이터,2024,2024-06-14,6,금요일,5,고학년,하교,17:24,계단·복도,이동·보행,넘어짐
SAMPLE-03865,합성 예시 데이터,2024,2024-05-28,5,화요일,6,고학년,6교시,13:57,강당·체육관,구기·라켓스포츠,넘어짐
SAMPLE-03866,합성 예시 데이터,2022,2022-07-18,7,월요일,1,저학년,점심시간,12:39,계단·복도,이동·보행,넘어짐
SAMPLE-03867,합성 예시 데이터,2024,2024-12-11,12,수요일,1,저학년,2교시,09:55,계단·복도,이동·보행,넘어짐
SAMPLE-03868,합성 예시 데이터,2021,2021-08-06,8,금요일,3,고학년,하교,14:47,운동장,구기·라켓스포츠,물체에 맞음
SAMPLE-03869,합성 예시 데이터,2025,2025-09-04,9,목요일,4,고학년,쉬는시간,13:33,운동장,기타 체육,부딪힘·충돌
SAMPLE-03870,합성 예시 데이터,2025,2025-12-16,12,화요일,3,고학년,2교시,10:02,강당·체육관,구기·라켓스포츠,물체에 맞음
SAMPLE-03871,합성 예시 데이터,2023,2023-04-03,4,월요일,3,고학년,1교시,09:25,교실·학습공간,수업·실습,물체에 맞음
SAMPLE-03872,합성 예시 데이터,2022,2022-03-30,3,수요일,2,저학년,방과후,14:57,운동장,놀이·휴식,부딪힘·충돌
SAMPLE-03873,합성 예시 데이터,2021,2021-03-29,3,월요일,1,저학년,등교 전,08:01,교문·외부동선,이동·보행,미끄러짐
SAMPLE-03874,합성 예시 데이터,2024,2024-08-19,8,월요일,5,고학년,쉬는시간,11:36,교실·학습공간,이동·보행,넘어짐
SAMPLE-03875,합성 예시 데이터,2024,2024-06-24,6,월요일,1,저학년,쉬는시간,13:31,교실·학습공간,놀이·휴식,부딪힘·충돌
SAMPLE-03876,합성 예시 데이터,2021,2021-05-14,5,금요일,3,고학년,쉬는시간,10:34,계단·복도,이동·보행,넘어짐
SAMPLE-03877,합성 예시 데이터,2023,2023-10-13,10,금요일,2,저학년,방과후,15:52,강당·체육관,구기·라켓스포츠,부딪힘·충돌
SAMPLE-03878,합성 예시 데이터,2023,2023-07-19,7,수요일,4,고학년,5교시,13:02,강당·체육관,구기·라켓스포츠,물체에 맞음
SAMPLE-03879,합성 예시 데이터,2022,2022-03-04,3,금요일,6,고학년,점심시간,12:38,운동장,기타 체육,부딪힘·충돌
SAMPLE-03880,합성 예시 데이터,2025,2025-09-19,9,금요일,4,고학년,쉬는시간,13:15,교실·학습공간,이동·보행,추락
SAMPLE-03881,합성 예시 데이터,2023,2023-08-22,8,화요일,3,고학년,4교시,12:06,운동장,구기·라켓스포츠,넘어짐
SAMPLE-03882,합성 예시 데이터,2022,2022-09-12,9,월요일,6,고학년,5교시,13:15,운동장,이동·보행,부딪힘·충돌
SAMPLE-03883,합성 예시 데이터,2024,2024-04-30,4,화요일,5,고학년,등교 전,07:54,교실·학습공간,수업·실습,부딪힘·충돌
SAMPLE-03884,합성 예시 데이터,2024,2024-03-11,3,월요일,1,저학년,5교시,13:37,운동장,구기·라켓스포츠,기타
SAMPLE-03885,합성 예시 데이터,2025,2025-09-24,9,수요일,6,고학년,4교시,11:33,운동장,기타 체육,추락
SAMPLE-03886,합성 예시 데이터,2022,2022-06-17,6,금요일,6,고학년,6교시,13:50,교실·학습공간,수업·실습,부딪힘·충돌
SAMPLE-03887,합성 예시 데이터,2025,2025-08-04,8,월요일,5,고학년,4교시,11:48,강당·체육관,구기·라켓스포츠,부딪힘·충돌
SAMPLE-03888,합성 예시 데이터,2025,2025-04-16,4,수요일,5,고학년,쉬는시간,13:22,교실·학습공간,놀이·휴식,기타
SAMPLE-03889,합성 예시 데이터,2023,2023-07-11,7,화요일,3,고학년,쉬는시간,10:56,교실·학습공간,이동·보행,넘어짐
SAMPLE-03890,합성 예시 데이터,2022,2022-10-14,10,금요일,4,고학년,등교 전,08:53,교문·외부동선,교통·탑승,부딪힘·충돌
SAMPLE-03891,합성 예시 데이터,2021,2021-09-03,9,금요일,5,고학년,4교시,11:43,운동장,구기·라켓스포츠,물체에 맞음
SAMPLE-03892,합성 예시 데이터,2022,2022-09-05,9,월요일,3,고학년,2교시,10:19,교실·학습공간,수업·실습,넘어짐
SAMPLE-03893,합성 예시 데이터,2023,2023-09-12,9,화요일,2,저학년,방과후,15:01,운동장,기타 체육,넘어짐
SAMPLE-03894,합성 예시 데이터,2025,2025-10-13,10,월요일,4,고학년,점심시간,12:22,급식·위생공간,식사·위생,기타
SAMPLE-03895,합성 예시 데이터,2021,2021-08-30,8,월요일,5,고학년,하교,14:11,계단·복도,놀이·휴식,기타
SAMPLE-03896,합성 예시 데이터,2021,2021-09-29,9,수요일,4,고학년,쉬는시간,11:52,운동장,기타 체육,부딪힘·충돌
SAMPLE-03897,합성 예시 데이터,2025,2025-11-12,11,수요일,5,고학년,방과후,16:15,교실·학습공간,놀이·휴식,부딪힘·충돌
SAMPLE-03898,합성 예시 데이터,2024,2024-08-05,8,월요일,6,고학년,하교,14:02,교문·외부동선,이동·보행,미끄러짐
SAMPLE-03899,합성 예시 데이터,2024,2024-10-16,10,수요일,6,고학년,1교시,09:18,강당·체육관,구기·라켓스포츠,부딪힘·충돌
SAMPLE-03900,합성 예시 데이터,2021,2021-10-28,10,목요일,6,고학년,점심시간,12:13,운동장,구기·라켓스포츠,물체에 맞음
SAMPLE-03901,합성 예시 데이터,2021,2021-10-01,10,금요일,4,고학년,방과후,15:14,교실·학습공간,수업·실습,넘어짐
SAMPLE-03902,합성 예시 데이터,2024,2024-04-23,4,화요일,3,고학년,점심시간,12:39,급식·위생공간,식사·위생,미끄러짐
SAMPLE-03903,합성 예시 데이터,2022,2022-08-09,8,화요일,1,저학년,2교시,09:50,강당·체육관,기타 체육,부딪힘·충돌
SAMPLE-03904,합성 예시 데이터,2023,2023-12-08,12,금요일,2,저학년,3교시,11:26,교실·학습공간,놀이·휴식,부딪힘·충돌
SAMPLE-03905,합성 예시 데이터,2021,2021-12-16,12,목요일,2,저학년,1교시,09:29,운동장,구기·라켓스포츠,물체에 맞음
SAMPLE-03906,합성 예시 데이터,2025,2025-06-19,6,목요일,1,저학년,5교시,13:00,강당·체육관,이동·보행,넘어짐
SAMPLE-03907,합성 예시 데이터,2021,2021-11-04,11,목요일,4,고학년,2교시,10:01,강당·체육관,구기·라켓스포츠,부딪힘·충돌
SAMPLE-03908,합성 예시 데이터,2024,2024-05-21,5,화요일,6,고학년,쉬는시간,12:43,계단·복도,이동·보행,미끄러짐
SAMPLE-03909,합성 예시 데이터,2024,2024-07-26,7,금요일,3,고학년,방과후,15:35,운동장,기타 체육,부딪힘·충돌
SAMPLE-03910,합성 예시 데이터,2022,2022-08-18,8,목요일,5,고학년,점심시간,12:17,급식·위생공간,식사·위생,넘어짐
SAMPLE-03911,합성 예시 데이터,2025,2025-04-11,4,금요일,6,고학년,방과후,16:03,교실·학습공간,놀이·휴식,미끄러짐
SAMPLE-03912,합성 예시 데이터,2023,2023-03-02,3,목요일,1,저학년,하교,15:33,운동장,놀이·휴식,미끄러짐
SAMPLE-03913,합성 예시 데이터,2025,2025-10-22,10,수요일,4,고학년,5교시,13:46,교실·학습공간,수업·실습,물체에 맞음
SAMPLE-03914,합성 예시 데이터,2021,2021-04-05,4,월요일,1,저학년,쉬는시간,11:13,교실·학습공간,이동·보행,부딪힘·충돌
SAMPLE-03915,합성 예시 데이터,2024,2024-10-09,10,수요일,2,저학년,쉬는시간,10:00,화장실·위생공간,이동·보행,넘어짐
SAMPLE-03916,합성 예시 데이터,2022,2022-05-26,5,목요일,2,저학년,2교시,10:39,강당·체육관,기타 체육,추락
SAMPLE-03917,합성 예시 데이터,2024,2024-04-02,4,화요일,6,고학년,하교,15:57,계단·복도,이동·보행,넘어짐
SAMPLE-03918,합성 예시 데이터,2024,2024-07-25,7,목요일,1,저학년,2교시,10:05,교실·학습공간,수업·실습,부딪힘·충돌
SAMPLE-03919,합성 예시 데이터,2025,2025-12-08,12,월요일,3,고학년,점심시간,12:24,계단·복도,이동·보행,넘어짐
SAMPLE-03920,합성 예시 데이터,2021,2021-11-11,11,목요일,5,고학년,방과후,14:51,운동장,구기·라켓스포츠,부딪힘·충돌
SAMPLE-03921,합성 예시 데이터,2023,2023-03-21,3,화요일,2,저학년,쉬는시간,11:39,계단·복도,놀이·휴식,기타
SAMPLE-03922,합성 예시 데이터,2022,2022-10-31,10,월요일,5,고학년,쉬는시간,10:20,운동장,구기·라켓스포츠,부딪힘·충돌
SAMPLE-03923,합성 예시 데이터,2021,2021-04-05,4,월요일,6,고학년,쉬는시간,12:27,교실·학습공간,이동·보행,추락
SAMPLE-03924,합성 예시 데이터,2022,2022-09-09,9,금요일,3,고학년,하교,16:07,운동장,구기·라켓스포츠,부딪힘·충돌
SAMPLE-03925,합성 예시 데이터,2025,2025-10-08,10,수요일,4,고학년,점심시간,12:11,급식·위생공간,식사·위생,넘어짐
SAMPLE-03926,합성 예시 데이터,2022,2022-10-14,10,금요일,4,고학년,2교시,10:21,계단·복도,이동·보행,추락
SAMPLE-03927,합성 예시 데이터,2022,2022-07-08,7,금요일,6,고학년,4교시,11:37,교실·학습공간,놀이·휴식,부딪힘·충돌
SAMPLE-03928,합성 예시 데이터,2022,2022-07-19,7,화요일,6,고학년,점심시간,12:10,급식·위생공간,식사·위생,미끄러짐
SAMPLE-03929,합성 예시 데이터,2025,2025-09-19,9,금요일,1,저학년,방과후,17:19,계단·복도,놀이·휴식,넘어짐
SAMPLE-03930,합성 예시 데이터,2025,2025-07-23,7,수요일,5,고학년,방과후,14:30,운동장,기타 체육,부딪힘·충돌
SAMPLE-03931,합성 예시 데이터,2022,2022-08-22,8,월요일,6,고학년,쉬는시간,10:41,교실·학습공간,이동·보행,미끄러짐
SAMPLE-03932,합성 예시 데이터,2021,2021-07-26,7,월요일,6,고학년,2교시,10:05,교실·학습공간,수업·실습,부딪힘·충돌
SAMPLE-03933,합성 예시 데이터,2021,2021-09-16,9,목요일,1,저학년,3교시,10:57,교실·학습공간,수업·실습,부딪힘·충돌
SAMPLE-03934,합성 예시 데이터,2025,2025-12-17,12,수요일,3,고학년,점심시간,12:44,운동장,구기·라켓스포츠,기타
SAMPLE-03935,합성 예시 데이터,2023,2023-07-20,7,목요일,5,고학년,점심시간,12:37,급식·위생공간,식사·위생,미끄러짐
SAMPLE-03936,합성 예시 데이터,2023,2023-11-23,11,목요일,4,고학년,5교시,13:15,운동장,구기·라켓스포츠,부딪힘·충돌
SAMPLE-03937,합성 예시 데이터,2022,2022-07-12,7,화요일,5,고학년,점심시간,12:51,급식·위생공간,식사·위생,미끄러짐
SAMPLE-03938,합성 예시 데이터,2023,2023-10-02,10,월요일,5,고학년,하교,17:07,교문·외부동선,이동·보행,넘어짐
SAMPLE-03939,합성 예시 데이터,2023,2023-05-08,5,월요일,4,고학년,점심시간,12:17,계단·복도,이동·보행,넘어짐
SAMPLE-03940,합성 예시 데이터,2022,2022-05-25,5,수요일,5,고학년,하교,15:41,운동장,기타 체육,기타
SAMPLE-03941,합성 예시 데이터,2021,2021-06-21,6,월요일,3,고학년,2교시,10:11,운동장,놀이·휴식,넘어짐
SAMPLE-03942,합성 예시 데이터,2024,2024-08-07,8,수요일,5,고학년,하교,14:06,교문·외부동선,놀이·휴식,미끄러짐
SAMPLE-03943,합성 예시 데이터,2022,2022-05-31,5,화요일,5,고학년,2교시,10:19,강당·체육관,구기·라켓스포츠,물체에 맞음
SAMPLE-03944,합성 예시 데이터,2021,2021-05-05,5,수요일,4,고학년,방과후,17:17,강당·체육관,기타 체육,추락
SAMPLE-03945,합성 예시 데이터,2022,2022-10-25,10,화요일,3,고학년,쉬는시간,13:12,교실·학습공간,놀이·휴식,미끄러짐
SAMPLE-03946,합성 예시 데이터,2021,2021-06-28,6,월요일,4,고학년,3교시,10:54,운동장,구기·라켓스포츠,넘어짐
SAMPLE-03947,합성 예시 데이터,2022,2022-09-26,9,월요일,3,고학년,점심시간,12:52,급식·위생공간,식사·위생,화상
SAMPLE-03948,합성 예시 데이터,2024,2024-05-03,5,금요일,6,고학년,5교시,13:28,운동장,구기·라켓스포츠,기타
SAMPLE-03949,합성 예시 데이터,2021,2021-03-03,3,수요일,4,고학년,방과후,16:20,운동장,기타 체육,넘어짐
SAMPLE-03950,합성 예시 데이터,2025,2025-05-19,5,월요일,5,고학년,4교시,11:53,운동장,구기·라켓스포츠,부딪힘·충돌
SAMPLE-03951,합성 예시 데이터,2021,2021-09-21,9,화요일,2,저학년,3교시,11:07,강당·체육관,구기·라켓스포츠,넘어짐
SAMPLE-03952,합성 예시 데이터,2023,2023-09-13,9,수요일,2,저학년,5교시,13:19,강당·체육관,구기·라켓스포츠,넘어짐
SAMPLE-03953,합성 예시 데이터,2022,2022-09-09,9,금요일,1,저학년,쉬는시간,13:55,계단·복도,이동·보행,넘어짐
SAMPLE-03954,합성 예시 데이터,2022,2022-10-25,10,화요일,5,고학년,5교시,13:34,강당·체육관,구기·라켓스포츠,물체에 맞음
SAMPLE-03955,합성 예시 데이터,2023,2023-06-09,6,금요일,1,저학년,쉬는시간,14:07,계단·복도,놀이·휴식,부딪힘·충돌
SAMPLE-03956,합성 예시 데이터,2021,2021-12-09,12,목요일,4,고학년,3교시,11:28,계단·복도,이동·보행,부딪힘·충돌
SAMPLE-03957,합성 예시 데이터,2021,2021-04-23,4,금요일,1,저학년,쉬는시간,10:27,교실·학습공간,놀이·휴식,부딪힘·충돌
SAMPLE-03958,합성 예시 데이터,2023,2023-06-29,6,목요일,4,고학년,하교,14:10,교실·학습공간,수업·실습,넘어짐
SAMPLE-03959,합성 예시 데이터,2021,2021-04-21,4,수요일,3,고학년,2교시,10:35,운동장,기타 체육,부딪힘·충돌
SAMPLE-03960,합성 예시 데이터,2021,2021-08-06,8,금요일,3,고학년,쉬는시간,11:41,운동장,구기·라켓스포츠,부딪힘·충돌
SAMPLE-03961,합성 예시 데이터,2024,2024-04-19,4,금요일,1,저학년,쉬는시간,10:58,교실·학습공간,수업·실습,부딪힘·충돌
SAMPLE-03962,합성 예시 데이터,2025,2025-04-08,4,화요일,2,저학년,5교시,13:20,교실·학습공간,놀이·휴식,넘어짐
SAMPLE-03963,합성 예시 데이터,2022,2022-10-25,10,화요일,3,고학년,쉬는시간,12:23,운동장,이동·보행,부딪힘·충돌
SAMPLE-03964,합성 예시 데이터,2023,2023-12-15,12,금요일,2,저학년,점심시간,12:52,교실·학습공간,수업·실습,기타
SAMPLE-03965,합성 예시 데이터,2021,2021-07-07,7,수요일,3,고학년,5교시,13:12,운동장,기타 체육,넘어짐
SAMPLE-03966,합성 예시 데이터,2022,2022-11-15,11,화요일,6,고학년,3교시,11:11,운동장,놀이·휴식,넘어짐
SAMPLE-03967,합성 예시 데이터,2024,2024-05-24,5,금요일,5,고학년,5교시,13:36,강당·체육관,이동·보행,넘어짐
SAMPLE-03968,합성 예시 데이터,2022,2022-12-08,12,목요일,4,고학년,등교 전,08:03,교문·외부동선,놀이·휴식,부딪힘·충돌
SAMPLE-03969,합성 예시 데이터,2023,2023-09-04,9,월요일,2,저학년,5교시,13:18,교실·학습공간,수업·실습,부딪힘·충돌
SAMPLE-03970,합성 예시 데이터,2021,2021-04-05,4,월요일,6,고학년,점심시간,12:39,계단·복도,이동·보행,추락
SAMPLE-03971,합성 예시 데이터,2022,2022-07-26,7,화요일,4,고학년,쉬는시간,12:24,계단·복도,이동·보행,넘어짐
SAMPLE-03972,합성 예시 데이터,2021,2021-08-25,8,수요일,6,고학년,쉬는시간,12:22,계단·복도,놀이·휴식,부딪힘·충돌
SAMPLE-03973,합성 예시 데이터,2021,2021-08-24,8,화요일,6,고학년,방과후,16:31,강당·체육관,구기·라켓스포츠,부딪힘·충돌
SAMPLE-03974,합성 예시 데이터,2023,2023-10-03,10,화요일,5,고학년,점심시간,12:54,교실·학습공간,수업·실습,물체에 맞음
SAMPLE-03975,합성 예시 데이터,2024,2024-10-01,10,화요일,4,고학년,5교시,13:47,계단·복도,이동·보행,넘어짐
SAMPLE-03976,합성 예시 데이터,2022,2022-06-21,6,화요일,1,저학년,4교시,12:05,강당·체육관,구기·라켓스포츠,물체에 맞음
SAMPLE-03977,합성 예시 데이터,2023,2023-12-04,12,월요일,2,저학년,점심시간,12:24,교실·학습공간,수업·실습,부딪힘·충돌
SAMPLE-03978,합성 예시 데이터,2024,2024-04-23,4,화요일,6,고학년,쉬는시간,11:22,화장실·위생공간,식사·위생,화상
SAMPLE-03979,합성 예시 데이터,2023,2023-05-22,5,월요일,3,고학년,3교시,11:17,교실·학습공간,이동·보행,미끄러짐
SAMPLE-03980,합성 예시 데이터,2021,2021-11-08,11,월요일,5,고학년,4교시,11:40,강당·체육관,기타 체육,넘어짐
SAMPLE-03981,합성 예시 데이터,2021,2021-03-15,3,월요일,5,고학년,4교시,11:45,교실·학습공간,놀이·휴식,넘어짐
SAMPLE-03982,합성 예시 데이터,2024,2024-07-01,7,월요일,2,저학년,하교,15:02,교문·외부동선,놀이·휴식,미끄러짐
SAMPLE-03983,합성 예시 데이터,2022,2022-03-24,3,목요일,6,고학년,쉬는시간,12:22,교실·학습공간,수업·실습,넘어짐
SAMPLE-03984,합성 예시 데이터,2021,2021-06-16,6,수요일,2,저학년,6교시,14:11,강당·체육관,구기·라켓스포츠,넘어짐
SAMPLE-03985,합성 예시 데이터,2023,2023-05-08,5,월요일,2,저학년,1교시,09:35,운동장,기타 체육,넘어짐
SAMPLE-03986,합성 예시 데이터,2024,2024-03-14,3,목요일,5,고학년,방과후,16:43,강당·체육관,구기·라켓스포츠,물체에 맞음
SAMPLE-03987,합성 예시 데이터,2022,2022-07-25,7,월요일,1,저학년,쉬는시간,10:49,교실·학습공간,수업·실습,물체에 맞음
SAMPLE-03988,합성 예시 데이터,2021,2021-05-25,5,화요일,4,고학년,4교시,12:00,운동장,구기·라켓스포츠,부딪힘·충돌
SAMPLE-03989,합성 예시 데이터,2024,2024-09-09,9,월요일,5,고학년,6교시,14:20,운동장,기타 체육,넘어짐
SAMPLE-03990,합성 예시 데이터,2024,2024-09-10,9,화요일,1,저학년,2교시,10:02,강당·체육관,이동·보행,부딪힘·충돌
SAMPLE-03991,합성 예시 데이터,2021,2021-09-17,9,금요일,3,고학년,점심시간,12:14,계단·복도,이동·보행,부딪힘·충돌
SAMPLE-03992,합성 예시 데이터,2021,2021-05-25,5,화요일,3,고학년,4교시,11:57,계단·복도,이동·보행,넘어짐
SAMPLE-03993,합성 예시 데이터,2025,2025-12-15,12,월요일,1,저학년,방과후,16:33,운동장,구기·라켓스포츠,부딪힘·충돌
SAMPLE-03994,합성 예시 데이터,2023,2023-09-08,9,금요일,6,고학년,2교시,10:03,운동장,구기·라켓스포츠,부딪힘·충돌
SAMPLE-03995,합성 예시 데이터,2021,2021-07-09,7,금요일,6,고학년,점심시간,12:26,운동장,구기·라켓스포츠,부딪힘·충돌
SAMPLE-03996,합성 예시 데이터,2025,2025-08-25,8,월요일,5,고학년,점심시간,12:41,교실·학습공간,놀이·휴식,넘어짐
SAMPLE-03997,합성 예시 데이터,2023,2023-06-20,6,화요일,5,고학년,쉬는시간,12:39,교실·학습공간,이동·보행,추락
SAMPLE-03998,합성 예시 데이터,2025,2025-06-20,6,금요일,5,고학년,점심시간,12:34,교실·학습공간,놀이·휴식,넘어짐
SAMPLE-03999,합성 예시 데이터,2023,2023-03-06,3,월요일,5,고학년,1교시,09:26,강당·체육관,기타 체육,넘어짐
SAMPLE-04000,합성 예시 데이터,2024,2024-04-18,4,목요일,3,고학년,점심시간,12:14,계단·복도,이동·보행,미끄러짐
SAMPLE-04001,합성 예시 데이터,2022,2022-03-16,3,수요일,3,고학년,쉬는시간,09:58,교실·학습공간,놀이·휴식,넘어짐
SAMPLE-04002,합성 예시 데이터,2025,2025-12-16,12,화요일,5,고학년,4교시,12:03,운동장,기타 체육,부딪힘·충돌
SAMPLE-04003,합성 예시 데이터,2022,2022-06-29,6,수요일,2,저학년,쉬는시간,13:26,계단·복도,이동·보행,넘어짐
SAMPLE-04004,합성 예시 데이터,2021,2021-06-07,6,월요일,2,저학년,쉬는시간,12:22,운동장,놀이·휴식,부딪힘·충돌
SAMPLE-04005,합성 예시 데이터,2022,2022-09-26,9,월요일,4,고학년,1교시,09:32,교실·학습공간,수업·실습,부딪힘·충돌
SAMPLE-04006,합성 예시 데이터,2024,2024-06-04,6,화요일,5,고학년,3교시,10:58,운동장,기타 체육,추락
SAMPLE-04007,합성 예시 데이터,2021,2021-04-22,4,목요일,3,고학년,쉬는시간,11:47,화장실·위생공간,식사·위생,화상
SAMPLE-04008,합성 예시 데이터,2025,2025-03-13,3,목요일,3,고학년,쉬는시간,13:46,계단·복도,놀이·휴식,넘어짐
SAMPLE-04009,합성 예시 데이터,2025,2025-07-30,7,수요일,3,고학년,쉬는시간,10:33,계단·복도,이동·보행,미끄러짐
SAMPLE-04010,합성 예시 데이터,2025,2025-08-01,8,금요일,4,고학년,4교시,12:08,교실·학습공간,수업·실습,넘어짐
SAMPLE-04011,합성 예시 데이터,2023,2023-12-05,12,화요일,4,고학년,6교시,13:57,운동장,기타 체육,추락
SAMPLE-04012,합성 예시 데이터,2024,2024-12-12,12,목요일,1,저학년,2교시,09:54,교실·학습공간,놀이·휴식,미끄러짐
SAMPLE-04013,합성 예시 데이터,2023,2023-11-02,11,목요일,5,고학년,방과후,16:08,교실·학습공간,놀이·휴식,기타
SAMPLE-04014,합성 예시 데이터,2025,2025-10-21,10,화요일,1,저학년,쉬는시간,10:11,계단·복도,이동·보행,넘어짐
SAMPLE-04015,합성 예시 데이터,2022,2022-08-04,8,목요일,6,고학년,3교시,10:40,강당·체육관,기타 체육,추락
SAMPLE-04016,합성 예시 데이터,2023,2023-12-06,12,수요일,4,고학년,5교시,13:30,강당·체육관,구기·라켓스포츠,부딪힘·충돌
SAMPLE-04017,합성 예시 데이터,2024,2024-03-05,3,화요일,4,고학년,5교시,13:19,강당·체육관,기타 체육,추락
SAMPLE-04018,합성 예시 데이터,2023,2023-04-13,4,목요일,6,고학년,1교시,09:15,운동장,놀이·휴식,넘어짐
SAMPLE-04019,합성 예시 데이터,2022,2022-09-26,9,월요일,1,저학년,점심시간,12:44,계단·복도,이동·보행,부딪힘·충돌
SAMPLE-04020,합성 예시 데이터,2022,2022-12-20,12,화요일,3,고학년,4교시,11:33,운동장,기타 체육,부딪힘·충돌
SAMPLE-04021,합성 예시 데이터,2021,2021-05-18,5,화요일,4,고학년,5교시,13:04,계단·복도,이동·보행,추락
SAMPLE-04022,합성 예시 데이터,2022,2022-07-05,7,화요일,3,고학년,방과후,15:13,운동장,이동·보행,넘어짐
SAMPLE-04023,합성 예시 데이터,2021,2021-11-04,11,목요일,5,고학년,하교,14:23,교문·외부동선,이동·보행,미끄러짐
SAMPLE-04024,합성 예시 데이터,2024,2024-08-02,8,금요일,5,고학년,6교시,14:14,강당·체육관,구기·라켓스포츠,넘어짐
SAMPLE-04025,합성 예시 데이터,2021,2021-09-06,9,월요일,6,고학년,점심시간,12:37,교실·학습공간,수업·실습,넘어짐
SAMPLE-04026,합성 예시 데이터,2022,2022-03-14,3,월요일,3,고학년,2교시,10:22,운동장,놀이·휴식,기타
SAMPLE-04027,합성 예시 데이터,2023,2023-08-10,8,목요일,2,저학년,4교시,12:08,강당·체육관,구기·라켓스포츠,물체에 맞음
SAMPLE-04028,합성 예시 데이터,2024,2024-10-03,10,목요일,2,저학년,6교시,14:18,강당·체육관,구기·라켓스포츠,부딪힘·충돌
SAMPLE-04029,합성 예시 데이터,2022,2022-03-21,3,월요일,5,고학년,방과후,17:01,운동장,놀이·휴식,부딪힘·충돌
SAMPLE-04030,합성 예시 데이터,2023,2023-04-21,4,금요일,6,고학년,1교시,09:34,교실·학습공간,이동·보행,넘어짐
SAMPLE-04031,합성 예시 데이터,2022,2022-08-05,8,금요일,3,고학년,6교시,14:24,운동장,놀이·휴식,넘어짐
SAMPLE-04032,합성 예시 데이터,2021,2021-10-27,10,수요일,2,저학년,방과후,14:36,교실·학습공간,수업·실습,부딪힘·충돌
SAMPLE-04033,합성 예시 데이터,2025,2025-07-01,7,화요일,2,저학년,쉬는시간,12:09,화장실·위생공간,식사·위생,넘어짐
SAMPLE-04034,합성 예시 데이터,2025,2025-10-22,10,수요일,2,저학년,쉬는시간,13:31,화장실·위생공간,식사·위생,미끄러짐
SAMPLE-04035,합성 예시 데이터,2025,2025-10-06,10,월요일,3,고학년,점심시간,12:58,운동장,구기·라켓스포츠,기타
SAMPLE-04036,합성 예시 데이터,2021,2021-04-16,4,금요일,4,고학년,쉬는시간,10:39,교실·학습공간,놀이·휴식,미끄러짐
SAMPLE-04037,합성 예시 데이터,2025,2025-07-04,7,금요일,2,저학년,4교시,12:07,운동장,구기·라켓스포츠,넘어짐
SAMPLE-04038,합성 예시 데이터,2023,2023-05-15,5,월요일,2,저학년,점심시간,12:52,급식·위생공간,놀이·휴식,부딪힘·충돌
SAMPLE-04039,합성 예시 데이터,2021,2021-10-19,10,화요일,2,저학년,5교시,13:00,교실·학습공간,수업·실습,부딪힘·충돌
SAMPLE-04040,합성 예시 데이터,2022,2022-11-17,11,목요일,1,저학년,쉬는시간,10:45,교실·학습공간,놀이·휴식,부딪힘·충돌
SAMPLE-04041,합성 예시 데이터,2025,2025-07-02,7,수요일,6,고학년,3교시,11:22,운동장,구기·라켓스포츠,기타
SAMPLE-04042,합성 예시 데이터,2024,2024-07-04,7,목요일,4,고학년,방과후,15:38,강당·체육관,이동·보행,부딪힘·충돌
SAMPLE-04043,합성 예시 데이터,2022,2022-04-13,4,수요일,3,고학년,1교시,09:49,운동장,기타 체육,부딪힘·충돌
SAMPLE-04044,합성 예시 데이터,2023,2023-08-29,8,화요일,5,고학년,방과후,14:33,강당·체육관,기타 체육,부딪힘·충돌
SAMPLE-04045,합성 예시 데이터,2021,2021-04-23,4,금요일,2,저학년,점심시간,12:35,계단·복도,이동·보행,넘어짐
SAMPLE-04046,합성 예시 데이터,2024,2024-09-04,9,수요일,5,고학년,1교시,09:17,계단·복도,이동·보행,미끄러짐
SAMPLE-04047,합성 예시 데이터,2025,2025-05-20,5,화요일,2,저학년,점심시간,12:10,교실·학습공간,이동·보행,넘어짐
SAMPLE-04048,합성 예시 데이터,2025,2025-09-26,9,금요일,3,고학년,2교시,10:00,교실·학습공간,수업·실습,기타
SAMPLE-04049,합성 예시 데이터,2022,2022-10-18,10,화요일,5,고학년,2교시,09:56,강당·체육관,기타 체육,부딪힘·충돌
SAMPLE-04050,합성 예시 데이터,2023,2023-08-09,8,수요일,5,고학년,하교,15:33,운동장,기타 체육,부딪힘·충돌
SAMPLE-04051,합성 예시 데이터,2022,2022-03-08,3,화요일,2,저학년,쉬는시간,14:15,화장실·위생공간,이동·보행,부딪힘·충돌
SAMPLE-04052,합성 예시 데이터,2024,2024-08-13,8,화요일,5,고학년,3교시,11:03,교실·학습공간,수업·실습,기타
SAMPLE-04053,합성 예시 데이터,2024,2024-03-14,3,목요일,6,고학년,2교시,09:57,강당·체육관,이동·보행,넘어짐
SAMPLE-04054,합성 예시 데이터,2022,2022-11-23,11,수요일,2,저학년,점심시간,12:48,교실·학습공간,이동·보행,부딪힘·충돌
SAMPLE-04055,합성 예시 데이터,2023,2023-08-10,8,목요일,4,고학년,하교,15:46,계단·복도,놀이·휴식,부딪힘·충돌
SAMPLE-04056,합성 예시 데이터,2022,2022-11-16,11,수요일,4,고학년,방과후,16:18,운동장,이동·보행,미끄러짐
SAMPLE-04057,합성 예시 데이터,2022,2022-04-12,4,화요일,4,고학년,방과후,16:57,강당·체육관,기타 체육,넘어짐
SAMPLE-04058,합성 예시 데이터,2023,2023-08-25,8,금요일,6,고학년,쉬는시간,10:03,교실·학습공간,놀이·휴식,기타
SAMPLE-04059,합성 예시 데이터,2021,2021-10-08,10,금요일,3,고학년,3교시,10:57,교실·학습공간,수업·실습,물체에 맞음
SAMPLE-04060,합성 예시 데이터,2024,2024-07-16,7,화요일,5,고학년,하교,14:58,운동장,놀이·휴식,넘어짐
SAMPLE-04061,합성 예시 데이터,2024,2024-11-15,11,금요일,1,저학년,하교,16:39,교실·학습공간,수업·실습,부딪힘·충돌
SAMPLE-04062,합성 예시 데이터,2024,2024-05-15,5,수요일,2,저학년,1교시,09:14,계단·복도,이동·보행,추락
SAMPLE-04063,합성 예시 데이터,2023,2023-10-11,10,수요일,2,저학년,점심시간,12:35,계단·복도,이동·보행,넘어짐
SAMPLE-04064,합성 예시 데이터,2024,2024-03-11,3,월요일,3,고학년,쉬는시간,11:57,계단·복도,놀이·휴식,넘어짐
SAMPLE-04065,합성 예시 데이터,2021,2021-04-05,4,월요일,5,고학년,2교시,09:58,교실·학습공간,수업·실습,기타
SAMPLE-04066,합성 예시 데이터,2022,2022-07-20,7,수요일,4,고학년,점심시간,12:50,급식·위생공간,이동·보행,부딪힘·충돌
SAMPLE-04067,합성 예시 데이터,2021,2021-03-11,3,목요일,6,고학년,점심시간,12:46,급식·위생공간,놀이·휴식,넘어짐
SAMPLE-04068,합성 예시 데이터,2025,2025-06-19,6,목요일,2,저학년,3교시,11:13,교실·학습공간,놀이·휴식,미끄러짐
SAMPLE-04069,합성 예시 데이터,2024,2024-11-12,11,화요일,1,저학년,점심시간,12:40,급식·위생공간,식사·위생,미끄러짐
SAMPLE-04070,합성 예시 데이터,2023,2023-09-01,9,금요일,5,고학년,방과후,16:38,강당·체육관,기타 체육,부딪힘·충돌
SAMPLE-04071,합성 예시 데이터,2022,2022-12-06,12,화요일,1,저학년,1교시,09:29,강당·체육관,기타 체육,넘어짐
SAMPLE-04072,합성 예시 데이터,2025,2025-11-24,11,월요일,4,고학년,방과후,16:12,강당·체육관,기타 체육,넘어짐
SAMPLE-04073,합성 예시 데이터,2022,2022-08-02,8,화요일,1,저학년,1교시,09:24,강당·체육관,구기·라켓스포츠,부딪힘·충돌
SAMPLE-04074,합성 예시 데이터,2023,2023-09-19,9,화요일,6,고학년,1교시,09:48,강당·체육관,기타 체육,추락
SAMPLE-04075,합성 예시 데이터,2024,2024-04-10,4,수요일,3,고학년,하교,16:19,교실·학습공간,수업·실습,넘어짐
SAMPLE-04076,합성 예시 데이터,2024,2024-07-11,7,목요일,1,저학년,방과후,16:27,교실·학습공간,수업·실습,부딪힘·충돌
SAMPLE-04077,합성 예시 데이터,2022,2022-04-12,4,화요일,3,고학년,5교시,13:13,강당·체육관,구기·라켓스포츠,부딪힘·충돌
SAMPLE-04078,합성 예시 데이터,2024,2024-09-17,9,화요일,6,고학년,하교,16:51,계단·복도,이동·보행,부딪힘·충돌
SAMPLE-04079,합성 예시 데이터,2022,2022-07-08,7,금요일,5,고학년,3교시,11:11,운동장,이동·보행,넘어짐
SAMPLE-04080,합성 예시 데이터,2022,2022-09-23,9,금요일,2,저학년,3교시,11:07,교실·학습공간,수업·실습,기타
SAMPLE-04081,합성 예시 데이터,2023,2023-04-24,4,월요일,2,저학년,1교시,09:46,교실·학습공간,이동·보행,부딪힘·충돌
SAMPLE-04082,합성 예시 데이터,2022,2022-03-08,3,화요일,4,고학년,1교시,09:14,교실·학습공간,놀이·휴식,기타
SAMPLE-04083,합성 예시 데이터,2024,2024-08-29,8,목요일,6,고학년,방과후,14:30,강당·체육관,구기·라켓스포츠,물체에 맞음
SAMPLE-04084,합성 예시 데이터,2022,2022-11-21,11,월요일,2,저학년,3교시,11:02,운동장,기타 체육,부딪힘·충돌
SAMPLE-04085,합성 예시 데이터,2022,2022-07-18,7,월요일,4,고학년,5교시,13:31,강당·체육관,구기·라켓스포츠,넘어짐
SAMPLE-04086,합성 예시 데이터,2025,2025-12-15,12,월요일,5,고학년,2교시,10:28,교실·학습공간,수업·실습,넘어짐
SAMPLE-04087,합성 예시 데이터,2023,2023-11-07,11,화요일,5,고학년,5교시,13:31,계단·복도,이동·보행,추락
SAMPLE-04088,합성 예시 데이터,2024,2024-05-24,5,금요일,2,저학년,점심시간,12:13,계단·복도,놀이·휴식,미끄러짐
SAMPLE-04089,합성 예시 데이터,2025,2025-11-24,11,월요일,2,저학년,점심시간,12:53,교실·학습공간,수업·실습,물체에 맞음
SAMPLE-04090,합성 예시 데이터,2025,2025-05-27,5,화요일,1,저학년,1교시,09:44,교실·학습공간,수업·실습,부딪힘·충돌
SAMPLE-04091,합성 예시 데이터,2022,2022-12-13,12,화요일,1,저학년,점심시간,12:52,급식·위생공간,이동·보행,추락
SAMPLE-04092,합성 예시 데이터,2023,2023-08-23,8,수요일,5,고학년,2교시,10:22,교실·학습공간,놀이·휴식,부딪힘·충돌
SAMPLE-04093,합성 예시 데이터,2024,2024-05-08,5,수요일,3,고학년,2교시,10:33,운동장,놀이·휴식,넘어짐
SAMPLE-04094,합성 예시 데이터,2021,2021-10-26,10,화요일,4,고학년,쉬는시간,09:40,계단·복도,이동·보행,부딪힘·충돌
SAMPLE-04095,합성 예시 데이터,2023,2023-07-06,7,목요일,5,고학년,방과후,16:53,운동장,구기·라켓스포츠,부딪힘·충돌
SAMPLE-04096,합성 예시 데이터,2023,2023-09-18,9,월요일,4,고학년,쉬는시간,12:42,교실·학습공간,놀이·휴식,넘어짐
SAMPLE-04097,합성 예시 데이터,2024,2024-10-18,10,금요일,6,고학년,점심시간,12:34,운동장,기타 체육,넘어짐
SAMPLE-04098,합성 예시 데이터,2025,2025-05-23,5,금요일,2,저학년,쉬는시간,12:57,계단·복도,놀이·휴식,넘어짐
SAMPLE-04099,합성 예시 데이터,2023,2023-08-29,8,화요일,6,고학년,쉬는시간,10:14,화장실·위생공간,식사·위생,미끄러짐
SAMPLE-04100,합성 예시 데이터,2023,2023-12-04,12,월요일,4,고학년,6교시,14:08,운동장,구기·라켓스포츠,부딪힘·충돌
SAMPLE-04101,합성 예시 데이터,2024,2024-11-21,11,목요일,6,고학년,방과후,14:34,계단·복도,기타,넘어짐
SAMPLE-04102,합성 예시 데이터,2023,2023-07-21,7,금요일,6,고학년,점심시간,12:52,운동장,기타 체육,넘어짐
SAMPLE-04103,합성 예시 데이터,2024,2024-08-01,8,목요일,5,고학년,쉬는시간,10:59,계단·복도,이동·보행,미끄러짐
SAMPLE-04104,합성 예시 데이터,2021,2021-06-16,6,수요일,3,고학년,쉬는시간,10:18,운동장,구기·라켓스포츠,넘어짐
SAMPLE-04105,합성 예시 데이터,2024,2024-11-25,11,월요일,6,고학년,쉬는시간,11:12,화장실·위생공간,식사·위생,미끄러짐
SAMPLE-04106,합성 예시 데이터,2023,2023-10-25,10,수요일,2,저학년,하교,14:27,교문·외부동선,교통·탑승,부딪힘·충돌
SAMPLE-04107,합성 예시 데이터,2023,2023-07-21,7,금요일,2,저학년,6교시,14:16,계단·복도,놀이·휴식,넘어짐
SAMPLE-04108,합성 예시 데이터,2025,2025-11-13,11,목요일,3,고학년,쉬는시간,10:44,운동장,구기·라켓스포츠,물체에 맞음
SAMPLE-04109,합성 예시 데이터,2025,2025-10-24,10,금요일,5,고학년,3교시,10:58,교실·학습공간,수업·실습,부딪힘·충돌
SAMPLE-04110,합성 예시 데이터,2023,2023-09-07,9,목요일,4,고학년,5교시,13:08,운동장,구기·라켓스포츠,부딪힘·충돌
SAMPLE-04111,합성 예시 데이터,2023,2023-05-04,5,목요일,3,고학년,2교시,10:26,교실·학습공간,수업·실습,기타
SAMPLE-04112,합성 예시 데이터,2023,2023-04-28,4,금요일,5,고학년,쉬는시간,13:42,계단·복도,이동·보행,넘어짐
SAMPLE-04113,합성 예시 데이터,2023,2023-05-19,5,금요일,4,고학년,5교시,13:07,교실·학습공간,수업·실습,물체에 맞음
SAMPLE-04114,합성 예시 데이터,2023,2023-07-13,7,목요일,4,고학년,점심시간,12:23,급식·위생공간,이동·보행,넘어짐
SAMPLE-04115,합성 예시 데이터,2023,2023-07-21,7,금요일,2,저학년,점심시간,12:17,계단·복도,이동·보행,부딪힘·충돌
SAMPLE-04116,합성 예시 데이터,2025,2025-03-27,3,목요일,5,고학년,4교시,11:35,교실·학습공간,수업·실습,부딪힘·충돌
SAMPLE-04117,합성 예시 데이터,2023,2023-04-13,4,목요일,5,고학년,쉬는시간,10:50,교실·학습공간,놀이·휴식,부딪힘·충돌
SAMPLE-04118,합성 예시 데이터,2025,2025-07-24,7,목요일,5,고학년,하교,14:47,교문·외부동선,놀이·휴식,기타
SAMPLE-04119,합성 예시 데이터,2023,2023-11-07,11,화요일,6,고학년,등교 전,07:36,교문·외부동선,교통·탑승,넘어짐
SAMPLE-04120,합성 예시 데이터,2021,2021-08-19,8,목요일,2,저학년,쉬는시간,09:53,교실·학습공간,수업·실습,물체에 맞음
SAMPLE-04121,합성 예시 데이터,2023,2023-07-10,7,월요일,2,저학년,4교시,11:46,강당·체육관,구기·라켓스포츠,부딪힘·충돌
SAMPLE-04122,합성 예시 데이터,2025,2025-08-07,8,목요일,3,고학년,방과후,16:30,계단·복도,기타,기타
SAMPLE-04123,합성 예시 데이터,2023,2023-11-30,11,목요일,2,저학년,쉬는시간,11:16,교실·학습공간,수업·실습,기타
SAMPLE-04124,합성 예시 데이터,2025,2025-06-03,6,화요일,6,고학년,쉬는시간,14:15,계단·복도,이동·보행,미끄러짐
SAMPLE-04125,합성 예시 데이터,2025,2025-04-10,4,목요일,4,고학년,점심시간,12:50,운동장,놀이·휴식,기타
SAMPLE-04126,합성 예시 데이터,2022,2022-06-01,6,수요일,4,고학년,점심시간,12:18,급식·위생공간,식사·위생,기타
SAMPLE-04127,합성 예시 데이터,2021,2021-07-15,7,목요일,6,고학년,방과후,17:09,운동장,구기·라켓스포츠,넘어짐
SAMPLE-04128,합성 예시 데이터,2022,2022-05-09,5,월요일,1,저학년,하교,16:14,교문·외부동선,놀이·휴식,부딪힘·충돌
SAMPLE-04129,합성 예시 데이터,2021,2021-10-18,10,월요일,1,저학년,쉬는시간,12:37,화장실·위생공간,식사·위생,미끄러짐
SAMPLE-04130,합성 예시 데이터,2021,2021-06-07,6,월요일,6,고학년,점심시간,12:43,급식·위생공간,식사·위생,미끄러짐
SAMPLE-04131,합성 예시 데이터,2025,2025-07-14,7,월요일,5,고학년,5교시,13:24,강당·체육관,구기·라켓스포츠,넘어짐
SAMPLE-04132,합성 예시 데이터,2024,2024-04-05,4,금요일,4,고학년,점심시간,12:43,계단·복도,이동·보행,부딪힘·충돌
SAMPLE-04133,합성 예시 데이터,2022,2022-10-27,10,목요일,5,고학년,1교시,09:27,교실·학습공간,수업·실습,넘어짐
SAMPLE-04134,합성 예시 데이터,2024,2024-08-16,8,금요일,5,고학년,하교,14:03,운동장,구기·라켓스포츠,부딪힘·충돌
SAMPLE-04135,합성 예시 데이터,2023,2023-05-18,5,목요일,5,고학년,방과후,16:08,운동장,구기·라켓스포츠,부딪힘·충돌
SAMPLE-04136,합성 예시 데이터,2024,2024-07-18,7,목요일,5,고학년,방과후,15:14,운동장,구기·라켓스포츠,부딪힘·충돌
SAMPLE-04137,합성 예시 데이터,2025,2025-08-15,8,금요일,5,고학년,1교시,09:21,교실·학습공간,놀이·휴식,넘어짐
SAMPLE-04138,합성 예시 데이터,2024,2024-07-22,7,월요일,6,고학년,2교시,10:16,계단·복도,이동·보행,미끄러짐
SAMPLE-04139,합성 예시 데이터,2023,2023-03-16,3,목요일,1,저학년,방과후,15:53,강당·체육관,기타 체육,넘어짐
SAMPLE-04140,합성 예시 데이터,2023,2023-06-26,6,월요일,5,고학년,쉬는시간,11:01,운동장,구기·라켓스포츠,부딪힘·충돌
SAMPLE-04141,합성 예시 데이터,2025,2025-10-07,10,화요일,6,고학년,4교시,11:40,운동장,놀이·휴식,미끄러짐
SAMPLE-04142,합성 예시 데이터,2023,2023-09-22,9,금요일,3,고학년,3교시,10:51,강당·체육관,이동·보행,넘어짐
SAMPLE-04143,합성 예시 데이터,2021,2021-09-30,9,목요일,6,고학년,6교시,14:28,운동장,놀이·휴식,미끄러짐
SAMPLE-04144,합성 예시 데이터,2024,2024-05-23,5,목요일,5,고학년,쉬는시간,13:07,교실·학습공간,수업·실습,부딪힘·충돌
SAMPLE-04145,합성 예시 데이터,2021,2021-06-17,6,목요일,6,고학년,3교시,10:43,강당·체육관,기타 체육,넘어짐
SAMPLE-04146,합성 예시 데이터,2022,2022-11-22,11,화요일,4,고학년,점심시간,12:50,교실·학습공간,이동·보행,미끄러짐
SAMPLE-04147,합성 예시 데이터,2021,2021-07-22,7,목요일,2,저학년,점심시간,12:20,계단·복도,이동·보행,추락
SAMPLE-04148,합성 예시 데이터,2025,2025-09-11,9,목요일,6,고학년,쉬는시간,10:37,교실·학습공간,놀이·휴식,부딪힘·충돌
SAMPLE-04149,합성 예시 데이터,2024,2024-09-19,9,목요일,2,저학년,3교시,10:45,교실·학습공간,이동·보행,부딪힘·충돌
SAMPLE-04150,합성 예시 데이터,2021,2021-10-11,10,월요일,3,고학년,6교시,14:17,운동장,기타 체육,부딪힘·충돌
SAMPLE-04151,합성 예시 데이터,2022,2022-12-02,12,금요일,4,고학년,6교시,14:24,강당·체육관,구기·라켓스포츠,넘어짐
SAMPLE-04152,합성 예시 데이터,2023,2023-08-25,8,금요일,3,고학년,쉬는시간,14:17,계단·복도,이동·보행,넘어짐
SAMPLE-04153,합성 예시 데이터,2024,2024-10-28,10,월요일,1,저학년,2교시,10:10,교실·학습공간,놀이·휴식,부딪힘·충돌
SAMPLE-04154,합성 예시 데이터,2025,2025-05-02,5,금요일,2,저학년,쉬는시간,10:04,운동장,이동·보행,추락
SAMPLE-04155,합성 예시 데이터,2023,2023-09-29,9,금요일,1,저학년,5교시,13:05,강당·체육관,기타 체육,부딪힘·충돌
SAMPLE-04156,합성 예시 데이터,2022,2022-08-29,8,월요일,5,고학년,점심시간,12:25,계단·복도,놀이·휴식,넘어짐
SAMPLE-04157,합성 예시 데이터,2023,2023-06-08,6,목요일,5,고학년,점심시간,12:58,급식·위생공간,이동·보행,넘어짐
SAMPLE-04158,합성 예시 데이터,2021,2021-12-17,12,금요일,3,고학년,점심시간,12:47,운동장,구기·라켓스포츠,부딪힘·충돌
SAMPLE-04159,합성 예시 데이터,2023,2023-08-16,8,수요일,1,저학년,방과후,14:54,강당·체육관,기타 체육,부딪힘·충돌
SAMPLE-04160,합성 예시 데이터,2024,2024-03-29,3,금요일,6,고학년,5교시,13:16,운동장,이동·보행,미끄러짐
SAMPLE-04161,합성 예시 데이터,2023,2023-06-01,6,목요일,1,저학년,6교시,13:50,교실·학습공간,수업·실습,부딪힘·충돌
SAMPLE-04162,합성 예시 데이터,2021,2021-10-04,10,월요일,3,고학년,쉬는시간,11:14,교실·학습공간,수업·실습,물체에 맞음
SAMPLE-04163,합성 예시 데이터,2024,2024-05-03,5,금요일,3,고학년,1교시,09:11,교실·학습공간,수업·실습,넘어짐
SAMPLE-04164,합성 예시 데이터,2023,2023-08-29,8,화요일,5,고학년,쉬는시간,12:55,화장실·위생공간,이동·보행,미끄러짐
SAMPLE-04165,합성 예시 데이터,2022,2022-11-14,11,월요일,1,저학년,쉬는시간,11:16,교실·학습공간,놀이·휴식,부딪힘·충돌
SAMPLE-04166,합성 예시 데이터,2021,2021-06-16,6,수요일,5,고학년,쉬는시간,12:40,계단·복도,이동·보행,부딪힘·충돌
SAMPLE-04167,합성 예시 데이터,2024,2024-09-13,9,금요일,2,저학년,4교시,11:33,운동장,기타 체육,기타
SAMPLE-04168,합성 예시 데이터,2025,2025-05-27,5,화요일,6,고학년,2교시,09:57,강당·체육관,기타 체육,추락
SAMPLE-04169,합성 예시 데이터,2023,2023-07-18,7,화요일,3,고학년,방과후,16:01,운동장,기타 체육,넘어짐
SAMPLE-04170,합성 예시 데이터,2025,2025-04-01,4,화요일,4,고학년,4교시,11:39,계단·복도,이동·보행,부딪힘·충돌
SAMPLE-04171,합성 예시 데이터,2021,2021-09-01,9,수요일,1,저학년,1교시,09:47,강당·체육관,구기·라켓스포츠,기타
SAMPLE-04172,합성 예시 데이터,2024,2024-07-29,7,월요일,3,고학년,쉬는시간,11:27,계단·복도,이동·보행,넘어짐
SAMPLE-04173,합성 예시 데이터,2021,2021-10-29,10,금요일,6,고학년,5교시,13:26,운동장,구기·라켓스포츠,부딪힘·충돌
SAMPLE-04174,합성 예시 데이터,2024,2024-05-06,5,월요일,3,고학년,4교시,11:56,강당·체육관,구기·라켓스포츠,넘어짐
SAMPLE-04175,합성 예시 데이터,2024,2024-11-26,11,화요일,1,저학년,등교 전,08:15,교실·학습공간,놀이·휴식,미끄러짐
SAMPLE-04176,합성 예시 데이터,2021,2021-04-15,4,목요일,4,고학년,6교시,14:14,운동장,기타 체육,넘어짐
SAMPLE-04177,합성 예시 데이터,2025,2025-08-01,8,금요일,3,고학년,점심시간,12:40,교실·학습공간,놀이·휴식,부딪힘·충돌
SAMPLE-04178,합성 예시 데이터,2025,2025-10-30,10,목요일,2,저학년,쉬는시간,12:20,교실·학습공간,놀이·휴식,미끄러짐
SAMPLE-04179,합성 예시 데이터,2024,2024-04-04,4,목요일,4,고학년,3교시,10:47,계단·복도,이동·보행,미끄러짐
SAMPLE-04180,합성 예시 데이터,2024,2024-06-20,6,목요일,2,저학년,3교시,10:52,운동장,구기·라켓스포츠,부딪힘·충돌
SAMPLE-04181,합성 예시 데이터,2021,2021-09-15,9,수요일,4,고학년,점심시간,12:58,급식·위생공간,이동·보행,넘어짐
SAMPLE-04182,합성 예시 데이터,2024,2024-09-05,9,목요일,5,고학년,점심시간,12:17,계단·복도,이동·보행,미끄러짐
SAMPLE-04183,합성 예시 데이터,2023,2023-05-04,5,목요일,1,저학년,4교시,11:51,강당·체육관,구기·라켓스포츠,부딪힘·충돌
SAMPLE-04184,합성 예시 데이터,2022,2022-11-03,11,목요일,4,고학년,점심시간,12:27,교실·학습공간,놀이·휴식,미끄러짐
SAMPLE-04185,합성 예시 데이터,2024,2024-11-04,11,월요일,1,저학년,쉬는시간,09:59,계단·복도,이동·보행,부딪힘·충돌
SAMPLE-04186,합성 예시 데이터,2022,2022-08-19,8,금요일,2,저학년,쉬는시간,12:34,운동장,구기·라켓스포츠,부딪힘·충돌
SAMPLE-04187,합성 예시 데이터,2022,2022-05-10,5,화요일,4,고학년,방과후,17:09,교실·학습공간,놀이·휴식,부딪힘·충돌
SAMPLE-04188,합성 예시 데이터,2025,2025-06-20,6,금요일,6,고학년,쉬는시간,13:25,계단·복도,이동·보행,추락
SAMPLE-04189,합성 예시 데이터,2023,2023-10-13,10,금요일,4,고학년,점심시간,12:21,계단·복도,기타,기타
SAMPLE-04190,합성 예시 데이터,2022,2022-06-20,6,월요일,6,고학년,6교시,14:08,교실·학습공간,수업·실습,부딪힘·충돌
SAMPLE-04191,합성 예시 데이터,2025,2025-07-22,7,화요일,2,저학년,점심시간,12:16,급식·위생공간,식사·위생,미끄러짐
SAMPLE-04192,합성 예시 데이터,2025,2025-09-11,9,목요일,3,고학년,점심시간,12:10,계단·복도,이동·보행,미끄러짐
SAMPLE-04193,합성 예시 데이터,2021,2021-10-21,10,목요일,4,고학년,쉬는시간,13:31,계단·복도,이동·보행,넘어짐
SAMPLE-04194,합성 예시 데이터,2023,2023-06-13,6,화요일,4,고학년,쉬는시간,13:18,운동장,이동·보행,부딪힘·충돌
SAMPLE-04195,합성 예시 데이터,2023,2023-12-18,12,월요일,3,고학년,2교시,10:38,교실·학습공간,놀이·휴식,부딪힘·충돌
SAMPLE-04196,합성 예시 데이터,2025,2025-05-29,5,목요일,3,고학년,2교시,09:55,교실·학습공간,수업·실습,부딪힘·충돌
SAMPLE-04197,합성 예시 데이터,2025,2025-11-28,11,금요일,1,저학년,쉬는시간,11:15,운동장,놀이·휴식,넘어짐
SAMPLE-04198,합성 예시 데이터,2024,2024-07-25,7,목요일,1,저학년,방과후,15:56,강당·체육관,기타 체육,부딪힘·충돌
SAMPLE-04199,합성 예시 데이터,2024,2024-11-08,11,금요일,4,고학년,방과후,14:59,교실·학습공간,수업·실습,물체에 맞음
SAMPLE-04200,합성 예시 데이터,2021,2021-06-10,6,목요일,6,고학년,쉬는시간,11:40,화장실·위생공간,이동·보행,부딪힘·충돌
SAMPLE-04201,합성 예시 데이터,2023,2023-08-25,8,금요일,4,고학년,방과후,16:05,강당·체육관,기타 체육,부딪힘·충돌
SAMPLE-04202,합성 예시 데이터,2024,2024-09-04,9,수요일,1,저학년,방과후,15:16,강당·체육관,기타 체육,넘어짐
SAMPLE-04203,합성 예시 데이터,2025,2025-10-21,10,화요일,5,고학년,1교시,09:30,교실·학습공간,수업·실습,넘어짐
SAMPLE-04204,합성 예시 데이터,2022,2022-12-02,12,금요일,1,저학년,2교시,09:53,강당·체육관,구기·라켓스포츠,기타
SAMPLE-04205,합성 예시 데이터,2021,2021-05-12,5,수요일,6,고학년,쉬는시간,10:54,교실·학습공간,놀이·휴식,넘어짐
SAMPLE-04206,합성 예시 데이터,2022,2022-03-25,3,금요일,6,고학년,점심시간,12:15,급식·위생공간,놀이·휴식,부딪힘·충돌
SAMPLE-04207,합성 예시 데이터,2024,2024-03-27,3,수요일,3,고학년,2교시,10:07,교실·학습공간,수업·실습,넘어짐
SAMPLE-04208,합성 예시 데이터,2022,2022-08-19,8,금요일,5,고학년,6교시,14:09,운동장,기타 체육,넘어짐
SAMPLE-04209,합성 예시 데이터,2025,2025-03-20,3,목요일,6,고학년,4교시,12:01,계단·복도,이동·보행,미끄러짐
SAMPLE-04210,합성 예시 데이터,2022,2022-08-19,8,금요일,6,고학년,2교시,09:55,교실·학습공간,이동·보행,넘어짐
SAMPLE-04211,합성 예시 데이터,2022,2022-04-11,4,월요일,4,고학년,방과후,17:19,계단·복도,이동·보행,넘어짐
SAMPLE-04212,합성 예시 데이터,2023,2023-04-11,4,화요일,5,고학년,2교시,10:37,강당·체육관,구기·라켓스포츠,부딪힘·충돌
SAMPLE-04213,합성 예시 데이터,2021,2021-10-26,10,화요일,3,고학년,3교시,11:05,강당·체육관,구기·라켓스포츠,부딪힘·충돌
SAMPLE-04214,합성 예시 데이터,2023,2023-11-01,11,수요일,5,고학년,쉬는시간,10:28,계단·복도,이동·보행,미끄러짐
SAMPLE-04215,합성 예시 데이터,2023,2023-11-03,11,금요일,5,고학년,쉬는시간,14:10,계단·복도,놀이·휴식,부딪힘·충돌
SAMPLE-04216,합성 예시 데이터,2024,2024-04-25,4,목요일,1,저학년,3교시,10:54,계단·복도,이동·보행,넘어짐
SAMPLE-04217,합성 예시 데이터,2025,2025-10-14,10,화요일,6,고학년,등교 전,08:10,교실·학습공간,수업·실습,넘어짐
SAMPLE-04218,합성 예시 데이터,2022,2022-07-19,7,화요일,1,저학년,4교시,11:31,계단·복도,놀이·휴식,넘어짐
SAMPLE-04219,합성 예시 데이터,2024,2024-09-20,9,금요일,6,고학년,쉬는시간,10:11,화장실·위생공간,식사·위생,기타
SAMPLE-04220,합성 예시 데이터,2025,2025-12-10,12,수요일,2,저학년,1교시,09:10,계단·복도,놀이·휴식,넘어짐
SAMPLE-04221,합성 예시 데이터,2025,2025-05-06,5,화요일,6,고학년,방과후,16:28,강당·체육관,기타 체육,부딪힘·충돌
SAMPLE-04222,합성 예시 데이터,2024,2024-08-15,8,목요일,2,저학년,점심시간,12:32,교실·학습공간,수업·실습,기타
SAMPLE-04223,합성 예시 데이터,2021,2021-08-18,8,수요일,6,고학년,쉬는시간,10:06,화장실·위생공간,이동·보행,넘어짐
SAMPLE-04224,합성 예시 데이터,2025,2025-08-27,8,수요일,6,고학년,3교시,11:05,계단·복도,놀이·휴식,부딪힘·충돌
SAMPLE-04225,합성 예시 데이터,2024,2024-09-30,9,월요일,2,저학년,6교시,14:16,강당·체육관,기타 체육,넘어짐
SAMPLE-04226,합성 예시 데이터,2022,2022-03-16,3,수요일,4,고학년,5교시,13:45,강당·체육관,구기·라켓스포츠,물체에 맞음
SAMPLE-04227,합성 예시 데이터,2025,2025-06-23,6,월요일,6,고학년,쉬는시간,11:31,계단·복도,이동·보행,추락
SAMPLE-04228,합성 예시 데이터,2023,2023-08-18,8,금요일,2,저학년,2교시,10:28,교실·학습공간,수업·실습,기타
SAMPLE-04229,합성 예시 데이터,2024,2024-10-23,10,수요일,2,저학년,등교 전,07:32,계단·복도,이동·보행,넘어짐
SAMPLE-04230,합성 예시 데이터,2025,2025-09-24,9,수요일,4,고학년,4교시,12:05,강당·체육관,구기·라켓스포츠,넘어짐
SAMPLE-04231,합성 예시 데이터,2024,2024-08-01,8,목요일,1,저학년,하교,14:53,계단·복도,이동·보행,미끄러짐
SAMPLE-04232,합성 예시 데이터,2025,2025-08-28,8,목요일,4,고학년,4교시,11:43,교실·학습공간,수업·실습,물체에 맞음
SAMPLE-04233,합성 예시 데이터,2025,2025-10-02,10,목요일,3,고학년,6교시,13:54,강당·체육관,구기·라켓스포츠,부딪힘·충돌
SAMPLE-04234,합성 예시 데이터,2025,2025-06-17,6,화요일,5,고학년,4교시,11:51,강당·체육관,구기·라켓스포츠,기타
SAMPLE-04235,합성 예시 데이터,2021,2021-06-07,6,월요일,5,고학년,쉬는시간,13:20,계단·복도,이동·보행,넘어짐
SAMPLE-04236,합성 예시 데이터,2021,2021-11-15,11,월요일,5,고학년,점심시간,12:15,계단·복도,놀이·휴식,넘어짐
SAMPLE-04237,합성 예시 데이터,2022,2022-04-05,4,화요일,5,고학년,5교시,13:35,운동장,놀이·휴식,부딪힘·충돌
SAMPLE-04238,합성 예시 데이터,2021,2021-10-25,10,월요일,3,고학년,하교,14:45,계단·복도,이동·보행,넘어짐
SAMPLE-04239,합성 예시 데이터,2021,2021-07-14,7,수요일,2,저학년,쉬는시간,10:19,계단·복도,이동·보행,부딪힘·충돌
SAMPLE-04240,합성 예시 데이터,2025,2025-11-18,11,화요일,5,고학년,쉬는시간,13:17,화장실·위생공간,식사·위생,미끄러짐
SAMPLE-04241,합성 예시 데이터,2025,2025-09-26,9,금요일,1,저학년,쉬는시간,10:48,계단·복도,이동·보행,넘어짐
SAMPLE-04242,합성 예시 데이터,2024,2024-12-04,12,수요일,4,고학년,6교시,14:29,운동장,구기·라켓스포츠,물체에 맞음
SAMPLE-04243,합성 예시 데이터,2025,2025-06-10,6,화요일,6,고학년,2교시,10:29,강당·체육관,구기·라켓스포츠,부딪힘·충돌
SAMPLE-04244,합성 예시 데이터,2024,2024-07-17,7,수요일,4,고학년,쉬는시간,13:43,화장실·위생공간,이동·보행,미끄러짐
SAMPLE-04245,합성 예시 데이터,2024,2024-08-13,8,화요일,4,고학년,2교시,09:51,계단·복도,이동·보행,부딪힘·충돌
SAMPLE-04246,합성 예시 데이터,2025,2025-07-29,7,화요일,6,고학년,쉬는시간,09:58,화장실·위생공간,식사·위생,기타
SAMPLE-04247,합성 예시 데이터,2021,2021-09-17,9,금요일,1,저학년,3교시,10:44,강당·체육관,이동·보행,미끄러짐
SAMPLE-04248,합성 예시 데이터,2025,2025-03-24,3,월요일,1,저학년,2교시,10:16,교실·학습공간,수업·실습,기타
SAMPLE-04249,합성 예시 데이터,2021,2021-03-03,3,수요일,4,고학년,4교시,12:04,운동장,구기·라켓스포츠,부딪힘·충돌
SAMPLE-04250,합성 예시 데이터,2022,2022-09-09,9,금요일,3,고학년,6교시,14:16,강당·체육관,구기·라켓스포츠,부딪힘·충돌
SAMPLE-04251,합성 예시 데이터,2021,2021-08-30,8,월요일,5,고학년,4교시,11:30,교실·학습공간,수업·실습,기타
SAMPLE-04252,합성 예시 데이터,2025,2025-12-03,12,수요일,2,저학년,쉬는시간,10:48,운동장,구기·라켓스포츠,물체에 맞음
SAMPLE-04253,합성 예시 데이터,2025,2025-08-13,8,수요일,6,고학년,5교시,13:39,운동장,이동·보행,미끄러짐
SAMPLE-04254,합성 예시 데이터,2023,2023-09-19,9,화요일,2,저학년,쉬는시간,12:35,교실·학습공간,수업·실습,넘어짐
SAMPLE-04255,합성 예시 데이터,2022,2022-06-13,6,월요일,6,고학년,6교시,13:58,강당·체육관,구기·라켓스포츠,기타
SAMPLE-04256,합성 예시 데이터,2021,2021-04-21,4,수요일,6,고학년,쉬는시간,09:46,계단·복도,이동·보행,넘어짐
SAMPLE-04257,합성 예시 데이터,2025,2025-08-26,8,화요일,2,저학년,4교시,12:02,교실·학습공간,놀이·휴식,넘어짐
SAMPLE-04258,합성 예시 데이터,2023,2023-10-30,10,월요일,1,저학년,점심시간,12:37,교실·학습공간,놀이·휴식,넘어짐
SAMPLE-04259,합성 예시 데이터,2024,2024-12-19,12,목요일,2,저학년,점심시간,12:32,교실·학습공간,이동·보행,미끄러짐
SAMPLE-04260,합성 예시 데이터,2025,2025-03-18,3,화요일,5,고학년,방과후,16:18,계단·복도,놀이·휴식,부딪힘·충돌
SAMPLE-04261,합성 예시 데이터,2024,2024-10-04,10,금요일,5,고학년,점심시간,12:25,운동장,놀이·휴식,부딪힘·충돌
SAMPLE-04262,합성 예시 데이터,2025,2025-10-29,10,수요일,6,고학년,방과후,14:32,강당·체육관,구기·라켓스포츠,물체에 맞음
SAMPLE-04263,합성 예시 데이터,2023,2023-11-27,11,월요일,5,고학년,쉬는시간,11:06,운동장,구기·라켓스포츠,부딪힘·충돌
SAMPLE-04264,합성 예시 데이터,2021,2021-11-25,11,목요일,5,고학년,2교시,10:21,교실·학습공간,수업·실습,기타
SAMPLE-04265,합성 예시 데이터,2022,2022-04-21,4,목요일,4,고학년,하교,15:04,계단·복도,놀이·휴식,부딪힘·충돌
SAMPLE-04266,합성 예시 데이터,2021,2021-04-06,4,화요일,2,저학년,쉬는시간,11:23,교실·학습공간,수업·실습,물체에 맞음
SAMPLE-04267,합성 예시 데이터,2022,2022-09-13,9,화요일,1,저학년,점심시간,12:34,계단·복도,이동·보행,미끄러짐
SAMPLE-04268,합성 예시 데이터,2021,2021-10-14,10,목요일,5,고학년,쉬는시간,13:16,교실·학습공간,수업·실습,물체에 맞음
SAMPLE-04269,합성 예시 데이터,2024,2024-05-06,5,월요일,3,고학년,4교시,11:45,교실·학습공간,이동·보행,넘어짐
SAMPLE-04270,합성 예시 데이터,2021,2021-07-20,7,화요일,3,고학년,4교시,11:45,강당·체육관,구기·라켓스포츠,부딪힘·충돌
SAMPLE-04271,합성 예시 데이터,2023,2023-05-10,5,수요일,3,고학년,점심시간,12:13,급식·위생공간,식사·위생,미끄러짐
SAMPLE-04272,합성 예시 데이터,2021,2021-07-12,7,월요일,5,고학년,점심시간,12:15,급식·위생공간,이동·보행,미끄러짐
SAMPLE-04273,합성 예시 데이터,2021,2021-04-22,4,목요일,5,고학년,쉬는시간,13:55,운동장,놀이·휴식,부딪힘·충돌
SAMPLE-04274,합성 예시 데이터,2023,2023-09-12,9,화요일,4,고학년,방과후,17:04,강당·체육관,구기·라켓스포츠,넘어짐
SAMPLE-04275,합성 예시 데이터,2022,2022-09-06,9,화요일,2,저학년,1교시,09:13,교실·학습공간,놀이·휴식,미끄러짐
SAMPLE-04276,합성 예시 데이터,2021,2021-04-27,4,화요일,6,고학년,3교시,10:56,강당·체육관,이동·보행,추락
SAMPLE-04277,합성 예시 데이터,2022,2022-09-01,9,목요일,2,저학년,쉬는시간,11:58,계단·복도,이동·보행,미끄러짐
SAMPLE-04278,합성 예시 데이터,2021,2021-03-19,3,금요일,4,고학년,방과후,15:32,계단·복도,이동·보행,부딪힘·충돌
SAMPLE-04279,합성 예시 데이터,2025,2025-05-02,5,금요일,2,저학년,5교시,13:27,강당·체육관,구기·라켓스포츠,넘어짐
SAMPLE-04280,합성 예시 데이터,2023,2023-03-17,3,금요일,3,고학년,1교시,09:19,강당·체육관,구기·라켓스포츠,넘어짐
SAMPLE-04281,합성 예시 데이터,2023,2023-03-30,3,목요일,1,저학년,등교 전,08:20,교실·학습공간,수업·실습,넘어짐
SAMPLE-04282,합성 예시 데이터,2025,2025-12-11,12,목요일,5,고학년,6교시,14:13,강당·체육관,이동·보행,넘어짐
SAMPLE-04283,합성 예시 데이터,2025,2025-07-07,7,월요일,3,고학년,점심시간,12:23,계단·복도,이동·보행,추락
SAMPLE-04284,합성 예시 데이터,2022,2022-06-29,6,수요일,2,저학년,1교시,09:08,교실·학습공간,수업·실습,물체에 맞음
SAMPLE-04285,합성 예시 데이터,2022,2022-07-28,7,목요일,2,저학년,등교 전,08:57,운동장,구기·라켓스포츠,넘어짐
SAMPLE-04286,합성 예시 데이터,2025,2025-07-04,7,금요일,5,고학년,2교시,10:06,교실·학습공간,수업·실습,부딪힘·충돌
SAMPLE-04287,합성 예시 데이터,2021,2021-10-13,10,수요일,3,고학년,1교시,09:07,교실·학습공간,이동·보행,부딪힘·충돌
SAMPLE-04288,합성 예시 데이터,2023,2023-03-10,3,금요일,4,고학년,4교시,11:48,교실·학습공간,놀이·휴식,미끄러짐
SAMPLE-04289,합성 예시 데이터,2023,2023-03-10,3,금요일,4,고학년,쉬는시간,12:00,계단·복도,이동·보행,추락
SAMPLE-04290,합성 예시 데이터,2023,2023-10-24,10,화요일,5,고학년,점심시간,12:13,급식·위생공간,이동·보행,미끄러짐
SAMPLE-04291,합성 예시 데이터,2023,2023-09-05,9,화요일,3,고학년,하교,17:14,계단·복도,이동·보행,부딪힘·충돌
SAMPLE-04292,합성 예시 데이터,2025,2025-07-25,7,금요일,3,고학년,5교시,13:11,교실·학습공간,수업·실습,부딪힘·충돌
SAMPLE-04293,합성 예시 데이터,2022,2022-04-11,4,월요일,1,저학년,방과후,17:11,강당·체육관,구기·라켓스포츠,넘어짐
SAMPLE-04294,합성 예시 데이터,2024,2024-12-03,12,화요일,5,고학년,4교시,11:36,계단·복도,놀이·휴식,넘어짐
SAMPLE-04295,합성 예시 데이터,2022,2022-08-08,8,월요일,3,고학년,하교,14:17,운동장,구기·라켓스포츠,부딪힘·충돌
SAMPLE-04296,합성 예시 데이터,2025,2025-09-30,9,화요일,5,고학년,방과후,16:50,운동장,구기·라켓스포츠,기타
SAMPLE-04297,합성 예시 데이터,2025,2025-05-09,5,금요일,3,고학년,5교시,13:28,운동장,놀이·휴식,넘어짐
SAMPLE-04298,합성 예시 데이터,2022,2022-06-07,6,화요일,4,고학년,5교시,13:48,교실·학습공간,수업·실습,물체에 맞음
SAMPLE-04299,합성 예시 데이터,2022,2022-07-01,7,금요일,4,고학년,점심시간,12:25,계단·복도,이동·보행,넘어짐
SAMPLE-04300,합성 예시 데이터,2021,2021-05-13,5,목요일,1,저학년,쉬는시간,11:46,계단·복도,기타,넘어짐
SAMPLE-04301,합성 예시 데이터,2025,2025-03-21,3,금요일,3,고학년,3교시,11:10,교실·학습공간,수업·실습,부딪힘·충돌
SAMPLE-04302,합성 예시 데이터,2021,2021-08-24,8,화요일,5,고학년,방과후,16:39,운동장,구기·라켓스포츠,물체에 맞음
SAMPLE-04303,합성 예시 데이터,2024,2024-07-25,7,목요일,4,고학년,쉬는시간,14:05,교실·학습공간,이동·보행,미끄러짐
SAMPLE-04304,합성 예시 데이터,2025,2025-07-08,7,화요일,6,고학년,점심시간,12:45,계단·복도,이동·보행,추락
SAMPLE-04305,합성 예시 데이터,2023,2023-03-10,3,금요일,4,고학년,쉬는시간,11:37,교실·학습공간,수업·실습,부딪힘·충돌
SAMPLE-04306,합성 예시 데이터,2024,2024-07-12,7,금요일,4,고학년,쉬는시간,12:58,계단·복도,이동·보행,부딪힘·충돌
SAMPLE-04307,합성 예시 데이터,2022,2022-06-20,6,월요일,3,고학년,3교시,11:29,운동장,놀이·휴식,부딪힘·충돌
SAMPLE-04308,합성 예시 데이터,2025,2025-06-25,6,수요일,1,저학년,방과후,15:24,운동장,구기·라켓스포츠,부딪힘·충돌
SAMPLE-04309,합성 예시 데이터,2025,2025-03-25,3,화요일,3,고학년,쉬는시간,10:06,계단·복도,이동·보행,미끄러짐
SAMPLE-04310,합성 예시 데이터,2023,2023-12-12,12,화요일,6,고학년,등교 전,07:42,운동장,구기·라켓스포츠,부딪힘·충돌
SAMPLE-04311,합성 예시 데이터,2025,2025-11-24,11,월요일,3,고학년,4교시,11:46,교실·학습공간,수업·실습,부딪힘·충돌
SAMPLE-04312,합성 예시 데이터,2024,2024-05-20,5,월요일,5,고학년,점심시간,12:19,교실·학습공간,놀이·휴식,부딪힘·충돌
SAMPLE-04313,합성 예시 데이터,2024,2024-06-19,6,수요일,2,저학년,점심시간,12:55,교실·학습공간,이동·보행,넘어짐
SAMPLE-04314,합성 예시 데이터,2021,2021-04-15,4,목요일,2,저학년,3교시,11:24,강당·체육관,구기·라켓스포츠,부딪힘·충돌
SAMPLE-04315,합성 예시 데이터,2023,2023-08-14,8,월요일,6,고학년,쉬는시간,13:46,계단·복도,놀이·휴식,부딪힘·충돌
SAMPLE-04316,합성 예시 데이터,2022,2022-05-25,5,수요일,2,저학년,쉬는시간,09:51,교실·학습공간,이동·보행,미끄러짐
SAMPLE-04317,합성 예시 데이터,2021,2021-08-24,8,화요일,3,고학년,점심시간,12:19,계단·복도,이동·보행,미끄러짐
SAMPLE-04318,합성 예시 데이터,2022,2022-05-11,5,수요일,2,저학년,방과후,16:41,강당·체육관,구기·라켓스포츠,부딪힘·충돌
SAMPLE-04319,합성 예시 데이터,2024,2024-06-17,6,월요일,1,저학년,쉬는시간,11:09,교실·학습공간,놀이·휴식,부딪힘·충돌
SAMPLE-04320,합성 예시 데이터,2021,2021-09-15,9,수요일,2,저학년,1교시,09:24,교실·학습공간,이동·보행,부딪힘·충돌
SAMPLE-04321,합성 예시 데이터,2023,2023-07-28,7,금요일,2,저학년,1교시,09:27,교실·학습공간,이동·보행,부딪힘·충돌
SAMPLE-04322,합성 예시 데이터,2024,2024-09-20,9,금요일,6,고학년,5교시,13:02,운동장,구기·라켓스포츠,넘어짐
SAMPLE-04323,합성 예시 데이터,2023,2023-08-14,8,월요일,1,저학년,1교시,09:29,교실·학습공간,수업·실습,부딪힘·충돌
SAMPLE-04324,합성 예시 데이터,2021,2021-06-23,6,수요일,4,고학년,하교,14:44,계단·복도,이동·보행,넘어짐
SAMPLE-04325,합성 예시 데이터,2024,2024-04-29,4,월요일,6,고학년,3교시,10:50,운동장,이동·보행,부딪힘·충돌
SAMPLE-04326,합성 예시 데이터,2022,2022-09-21,9,수요일,1,저학년,5교시,13:49,강당·체육관,기타 체육,부딪힘·충돌
SAMPLE-04327,합성 예시 데이터,2021,2021-07-28,7,수요일,2,저학년,4교시,11:52,강당·체육관,기타 체육,추락
SAMPLE-04328,합성 예시 데이터,2023,2023-12-04,12,월요일,6,고학년,하교,15:54,교문·외부동선,놀이·휴식,넘어짐
SAMPLE-04329,합성 예시 데이터,2023,2023-10-17,10,화요일,5,고학년,2교시,10:10,강당·체육관,구기·라켓스포츠,넘어짐
SAMPLE-04330,합성 예시 데이터,2025,2025-04-02,4,수요일,3,고학년,쉬는시간,12:51,계단·복도,이동·보행,미끄러짐
SAMPLE-04331,합성 예시 데이터,2024,2024-05-30,5,목요일,3,고학년,1교시,09:15,교실·학습공간,수업·실습,물체에 맞음
SAMPLE-04332,합성 예시 데이터,2022,2022-03-21,3,월요일,6,고학년,쉬는시간,10:04,교실·학습공간,수업·실습,넘어짐
SAMPLE-04333,합성 예시 데이터,2022,2022-09-21,9,수요일,5,고학년,6교시,14:25,계단·복도,이동·보행,미끄러짐
SAMPLE-04334,합성 예시 데이터,2023,2023-03-21,3,화요일,6,고학년,점심시간,12:33,급식·위생공간,이동·보행,부딪힘·충돌
SAMPLE-04335,합성 예시 데이터,2023,2023-06-12,6,월요일,3,고학년,쉬는시간,13:55,화장실·위생공간,이동·보행,넘어짐
SAMPLE-04336,합성 예시 데이터,2021,2021-03-18,3,목요일,5,고학년,4교시,11:48,교실·학습공간,이동·보행,미끄러짐
SAMPLE-04337,합성 예시 데이터,2024,2024-07-03,7,수요일,2,저학년,쉬는시간,14:01,화장실·위생공간,이동·보행,부딪힘·충돌
SAMPLE-04338,합성 예시 데이터,2025,2025-04-09,4,수요일,3,고학년,방과후,17:19,강당·체육관,구기·라켓스포츠,물체에 맞음
SAMPLE-04339,합성 예시 데이터,2023,2023-04-21,4,금요일,4,고학년,4교시,11:43,교실·학습공간,놀이·휴식,부딪힘·충돌
SAMPLE-04340,합성 예시 데이터,2025,2025-10-23,10,목요일,4,고학년,3교시,11:27,강당·체육관,구기·라켓스포츠,넘어짐
SAMPLE-04341,합성 예시 데이터,2024,2024-11-15,11,금요일,3,고학년,5교시,13:02,강당·체육관,구기·라켓스포츠,부딪힘·충돌
SAMPLE-04342,합성 예시 데이터,2023,2023-11-24,11,금요일,1,저학년,쉬는시간,11:05,계단·복도,이동·보행,미끄러짐
SAMPLE-04343,합성 예시 데이터,2022,2022-11-29,11,화요일,6,고학년,6교시,14:07,계단·복도,이동·보행,넘어짐
SAMPLE-04344,합성 예시 데이터,2023,2023-04-26,4,수요일,2,저학년,5교시,13:40,운동장,구기·라켓스포츠,부딪힘·충돌
SAMPLE-04345,합성 예시 데이터,2022,2022-06-23,6,목요일,1,저학년,4교시,11:40,운동장,놀이·휴식,넘어짐
SAMPLE-04346,합성 예시 데이터,2023,2023-04-26,4,수요일,5,고학년,쉬는시간,14:14,교실·학습공간,이동·보행,넘어짐
SAMPLE-04347,합성 예시 데이터,2021,2021-03-18,3,목요일,5,고학년,4교시,11:40,강당·체육관,기타 체육,부딪힘·충돌
SAMPLE-04348,합성 예시 데이터,2024,2024-05-09,5,목요일,2,저학년,6교시,13:55,강당·체육관,구기·라켓스포츠,부딪힘·충돌
SAMPLE-04349,합성 예시 데이터,2025,2025-04-15,4,화요일,3,고학년,하교,15:50,운동장,구기·라켓스포츠,부딪힘·충돌
SAMPLE-04350,합성 예시 데이터,2023,2023-09-08,9,금요일,6,고학년,방과후,16:28,운동장,기타 체육,부딪힘·충돌
SAMPLE-04351,합성 예시 데이터,2023,2023-05-08,5,월요일,3,고학년,점심시간,12:45,급식·위생공간,이동·보행,넘어짐
SAMPLE-04352,합성 예시 데이터,2022,2022-06-02,6,목요일,6,고학년,쉬는시간,10:12,교실·학습공간,이동·보행,부딪힘·충돌
SAMPLE-04353,합성 예시 데이터,2021,2021-06-17,6,목요일,2,저학년,1교시,09:12,교실·학습공간,놀이·휴식,미끄러짐
SAMPLE-04354,합성 예시 데이터,2022,2022-10-25,10,화요일,5,고학년,2교시,10:08,강당·체육관,구기·라켓스포츠,부딪힘·충돌
SAMPLE-04355,합성 예시 데이터,2024,2024-07-18,7,목요일,3,고학년,1교시,09:32,교실·학습공간,놀이·휴식,부딪힘·충돌
SAMPLE-04356,합성 예시 데이터,2023,2023-10-03,10,화요일,6,고학년,4교시,12:00,교실·학습공간,수업·실습,물체에 맞음
SAMPLE-04357,합성 예시 데이터,2022,2022-10-04,10,화요일,2,저학년,4교시,11:32,강당·체육관,구기·라켓스포츠,물체에 맞음
SAMPLE-04358,합성 예시 데이터,2022,2022-09-01,9,목요일,3,고학년,방과후,17:05,계단·복도,놀이·휴식,미끄러짐
SAMPLE-04359,합성 예시 데이터,2024,2024-08-16,8,금요일,3,고학년,방과후,14:50,운동장,구기·라켓스포츠,물체에 맞음
SAMPLE-04360,합성 예시 데이터,2023,2023-11-21,11,화요일,5,고학년,4교시,11:39,교실·학습공간,놀이·휴식,부딪힘·충돌
SAMPLE-04361,합성 예시 데이터,2021,2021-04-09,4,금요일,2,저학년,하교,14:29,교실·학습공간,수업·실습,부딪힘·충돌
SAMPLE-04362,합성 예시 데이터,2023,2023-04-19,4,수요일,6,고학년,등교 전,07:51,운동장,이동·보행,미끄러짐
SAMPLE-04363,합성 예시 데이터,2022,2022-05-18,5,수요일,3,고학년,2교시,10:36,강당·체육관,이동·보행,미끄러짐
SAMPLE-04364,합성 예시 데이터,2024,2024-04-29,4,월요일,4,고학년,하교,17:02,계단·복도,이동·보행,넘어짐
SAMPLE-04365,합성 예시 데이터,2023,2023-10-31,10,화요일,1,저학년,점심시간,12:24,급식·위생공간,식사·위생,넘어짐
SAMPLE-04366,합성 예시 데이터,2021,2021-05-06,5,목요일,1,저학년,4교시,11:42,운동장,이동·보행,미끄러짐
SAMPLE-04367,합성 예시 데이터,2022,2022-05-24,5,화요일,3,고학년,방과후,16:10,계단·복도,이동·보행,넘어짐
SAMPLE-04368,합성 예시 데이터,2025,2025-08-22,8,금요일,5,고학년,쉬는시간,13:39,교실·학습공간,놀이·휴식,넘어짐
SAMPLE-04369,합성 예시 데이터,2023,2023-04-12,4,수요일,6,고학년,4교시,11:59,교실·학습공간,수업·실습,넘어짐
SAMPLE-04370,합성 예시 데이터,2025,2025-10-07,10,화요일,5,고학년,점심시간,12:48,급식·위생공간,이동·보행,추락
SAMPLE-04371,합성 예시 데이터,2021,2021-06-09,6,수요일,5,고학년,2교시,10:04,운동장,구기·라켓스포츠,넘어짐
SAMPLE-04372,합성 예시 데이터,2025,2025-09-03,9,수요일,1,저학년,쉬는시간,12:18,계단·복도,기타,부딪힘·충돌
SAMPLE-04373,합성 예시 데이터,2021,2021-06-08,6,화요일,5,고학년,3교시,10:42,계단·복도,기타,부딪힘·충돌
SAMPLE-04374,합성 예시 데이터,2023,2023-03-09,3,목요일,4,고학년,하교,15:20,교문·외부동선,이동·보행,부딪힘·충돌
SAMPLE-04375,합성 예시 데이터,2021,2021-09-28,9,화요일,5,고학년,점심시간,12:10,교실·학습공간,이동·보행,넘어짐
SAMPLE-04376,합성 예시 데이터,2022,2022-09-20,9,화요일,2,저학년,방과후,17:00,운동장,구기·라켓스포츠,부딪힘·충돌
SAMPLE-04377,합성 예시 데이터,2022,2022-05-19,5,목요일,6,고학년,방과후,15:55,강당·체육관,구기·라켓스포츠,부딪힘·충돌
SAMPLE-04378,합성 예시 데이터,2023,2023-09-11,9,월요일,3,고학년,1교시,09:38,계단·복도,이동·보행,넘어짐
SAMPLE-04379,합성 예시 데이터,2023,2023-07-24,7,월요일,1,저학년,4교시,11:44,교실·학습공간,이동·보행,미끄러짐
SAMPLE-04380,합성 예시 데이터,2022,2022-11-07,11,월요일,2,저학년,쉬는시간,13:00,계단·복도,이동·보행,넘어짐
SAMPLE-04381,합성 예시 데이터,2023,2023-09-07,9,목요일,2,저학년,방과후,16:38,강당·체육관,기타 체육,넘어짐
SAMPLE-04382,합성 예시 데이터,2021,2021-09-14,9,화요일,3,고학년,4교시,12:08,강당·체육관,구기·라켓스포츠,부딪힘·충돌
SAMPLE-04383,합성 예시 데이터,2022,2022-09-20,9,화요일,3,고학년,쉬는시간,11:14,교실·학습공간,수업·실습,넘어짐
SAMPLE-04384,합성 예시 데이터,2025,2025-10-31,10,금요일,6,고학년,방과후,15:43,운동장,구기·라켓스포츠,부딪힘·충돌
SAMPLE-04385,합성 예시 데이터,2025,2025-03-03,3,월요일,6,고학년,점심시간,12:11,계단·복도,이동·보행,부딪힘·충돌
SAMPLE-04386,합성 예시 데이터,2024,2024-03-13,3,수요일,5,고학년,4교시,11:52,교실·학습공간,수업·실습,넘어짐
SAMPLE-04387,합성 예시 데이터,2025,2025-08-11,8,월요일,3,고학년,방과후,17:07,계단·복도,이동·보행,넘어짐
SAMPLE-04388,합성 예시 데이터,2022,2022-05-04,5,수요일,5,고학년,방과후,14:53,운동장,구기·라켓스포츠,부딪힘·충돌
SAMPLE-04389,합성 예시 데이터,2022,2022-09-28,9,수요일,3,고학년,점심시간,12:51,계단·복도,이동·보행,부딪힘·충돌
SAMPLE-04390,합성 예시 데이터,2025,2025-11-27,11,목요일,2,저학년,방과후,16:03,강당·체육관,기타 체육,부딪힘·충돌
SAMPLE-04391,합성 예시 데이터,2023,2023-06-22,6,목요일,2,저학년,방과후,17:03,운동장,놀이·휴식,부딪힘·충돌
SAMPLE-04392,합성 예시 데이터,2022,2022-04-19,4,화요일,2,저학년,점심시간,12:53,운동장,기타 체육,부딪힘·충돌
SAMPLE-04393,합성 예시 데이터,2023,2023-07-28,7,금요일,4,고학년,1교시,09:08,운동장,기타 체육,넘어짐
SAMPLE-04394,합성 예시 데이터,2024,2024-04-26,4,금요일,5,고학년,쉬는시간,12:07,계단·복도,기타,기타
SAMPLE-04395,합성 예시 데이터,2025,2025-11-24,11,월요일,1,저학년,4교시,11:58,강당·체육관,이동·보행,부딪힘·충돌
SAMPLE-04396,합성 예시 데이터,2024,2024-06-10,6,월요일,6,고학년,방과후,15:42,강당·체육관,구기·라켓스포츠,넘어짐
SAMPLE-04397,합성 예시 데이터,2024,2024-07-24,7,수요일,2,저학년,쉬는시간,09:41,운동장,기타 체육,추락
SAMPLE-04398,합성 예시 데이터,2022,2022-08-15,8,월요일,5,고학년,방과후,16:03,강당·체육관,이동·보행,부딪힘·충돌
SAMPLE-04399,합성 예시 데이터,2022,2022-04-05,4,화요일,6,고학년,쉬는시간,13:03,교실·학습공간,수업·실습,부딪힘·충돌
SAMPLE-04400,합성 예시 데이터,2024,2024-03-18,3,월요일,2,저학년,3교시,10:41,교실·학습공간,놀이·휴식,넘어짐
SAMPLE-04401,합성 예시 데이터,2022,2022-11-02,11,수요일,4,고학년,5교시,13:22,강당·체육관,기타 체육,넘어짐
SAMPLE-04402,합성 예시 데이터,2023,2023-09-19,9,화요일,2,저학년,쉬는시간,12:20,계단·복도,이동·보행,미끄러짐
SAMPLE-04403,합성 예시 데이터,2022,2022-05-26,5,목요일,3,고학년,1교시,09:36,교실·학습공간,수업·실습,물체에 맞음
SAMPLE-04404,합성 예시 데이터,2024,2024-11-21,11,목요일,1,저학년,쉬는시간,13:00,운동장,놀이·휴식,미끄러짐
SAMPLE-04405,합성 예시 데이터,2024,2024-04-25,4,목요일,1,저학년,쉬는시간,10:42,교실·학습공간,이동·보행,부딪힘·충돌
SAMPLE-04406,합성 예시 데이터,2025,2025-03-18,3,화요일,5,고학년,5교시,13:17,교실·학습공간,수업·실습,물체에 맞음
SAMPLE-04407,합성 예시 데이터,2023,2023-08-14,8,월요일,1,저학년,3교시,10:49,교실·학습공간,놀이·휴식,미끄러짐
SAMPLE-04408,합성 예시 데이터,2025,2025-04-24,4,목요일,1,저학년,방과후,16:50,강당·체육관,구기·라켓스포츠,물체에 맞음
SAMPLE-04409,합성 예시 데이터,2021,2021-04-19,4,월요일,6,고학년,4교시,11:46,강당·체육관,기타 체육,넘어짐
SAMPLE-04410,합성 예시 데이터,2021,2021-06-24,6,목요일,6,고학년,점심시간,12:20,급식·위생공간,식사·위생,넘어짐
SAMPLE-04411,합성 예시 데이터,2024,2024-05-29,5,수요일,1,저학년,점심시간,12:45,급식·위생공간,이동·보행,미끄러짐
SAMPLE-04412,합성 예시 데이터,2025,2025-04-11,4,금요일,5,고학년,하교,14:21,교실·학습공간,수업·실습,부딪힘·충돌
SAMPLE-04413,합성 예시 데이터,2023,2023-12-08,12,금요일,6,고학년,3교시,11:02,교실·학습공간,이동·보행,넘어짐
SAMPLE-04414,합성 예시 데이터,2021,2021-04-05,4,월요일,3,고학년,방과후,16:26,교실·학습공간,놀이·휴식,미끄러짐
SAMPLE-04415,합성 예시 데이터,2023,2023-06-07,6,수요일,4,고학년,등교 전,08:29,교실·학습공간,놀이·휴식,기타
SAMPLE-04416,합성 예시 데이터,2025,2025-11-24,11,월요일,4,고학년,하교,16:39,교실·학습공간,이동·보행,미끄러짐
SAMPLE-04417,합성 예시 데이터,2024,2024-03-19,3,화요일,6,고학년,등교 전,08:31,계단·복도,놀이·휴식,부딪힘·충돌
SAMPLE-04418,합성 예시 데이터,2022,2022-10-06,10,목요일,4,고학년,6교시,14:19,교실·학습공간,수업·실습,부딪힘·충돌
SAMPLE-04419,합성 예시 데이터,2022,2022-12-15,12,목요일,4,고학년,점심시간,12:11,계단·복도,이동·보행,미끄러짐
SAMPLE-04420,합성 예시 데이터,2024,2024-10-22,10,화요일,6,고학년,5교시,13:30,계단·복도,놀이·휴식,미끄러짐
SAMPLE-04421,합성 예시 데이터,2021,2021-07-06,7,화요일,5,고학년,5교시,13:09,교실·학습공간,수업·실습,넘어짐
SAMPLE-04422,합성 예시 데이터,2023,2023-05-04,5,목요일,6,고학년,4교시,11:54,교실·학습공간,수업·실습,부딪힘·충돌
SAMPLE-04423,합성 예시 데이터,2023,2023-10-09,10,월요일,4,고학년,4교시,11:57,운동장,구기·라켓스포츠,부딪힘·충돌
SAMPLE-04424,합성 예시 데이터,2025,2025-04-21,4,월요일,3,고학년,6교시,14:22,강당·체육관,구기·라켓스포츠,넘어짐
SAMPLE-04425,합성 예시 데이터,2024,2024-09-20,9,금요일,4,고학년,점심시간,12:38,급식·위생공간,식사·위생,기타
SAMPLE-04426,합성 예시 데이터,2023,2023-03-13,3,월요일,2,저학년,점심시간,12:35,급식·위생공간,식사·위생,미끄러짐
SAMPLE-04427,합성 예시 데이터,2025,2025-11-10,11,월요일,4,고학년,점심시간,12:16,교실·학습공간,수업·실습,넘어짐
SAMPLE-04428,합성 예시 데이터,2021,2021-05-06,5,목요일,6,고학년,쉬는시간,12:24,교실·학습공간,이동·보행,넘어짐
SAMPLE-04429,합성 예시 데이터,2021,2021-06-24,6,목요일,2,저학년,방과후,15:53,교실·학습공간,수업·실습,기타
SAMPLE-04430,합성 예시 데이터,2024,2024-05-16,5,목요일,4,고학년,5교시,13:33,교실·학습공간,놀이·휴식,넘어짐
SAMPLE-04431,합성 예시 데이터,2022,2022-06-30,6,목요일,3,고학년,쉬는시간,12:41,계단·복도,이동·보행,넘어짐
SAMPLE-04432,합성 예시 데이터,2022,2022-09-01,9,목요일,6,고학년,쉬는시간,10:37,교실·학습공간,놀이·휴식,미끄러짐
SAMPLE-04433,합성 예시 데이터,2025,2025-12-12,12,금요일,3,고학년,3교시,11:19,교실·학습공간,수업·실습,물체에 맞음
SAMPLE-04434,합성 예시 데이터,2023,2023-05-09,5,화요일,5,고학년,2교시,10:16,운동장,기타 체육,넘어짐
SAMPLE-04435,합성 예시 데이터,2024,2024-03-27,3,수요일,5,고학년,6교시,14:26,강당·체육관,구기·라켓스포츠,넘어짐
SAMPLE-04436,합성 예시 데이터,2025,2025-09-29,9,월요일,3,고학년,4교시,11:55,강당·체육관,구기·라켓스포츠,부딪힘·충돌
SAMPLE-04437,합성 예시 데이터,2024,2024-11-19,11,화요일,4,고학년,1교시,09:32,교실·학습공간,수업·실습,기타
SAMPLE-04438,합성 예시 데이터,2024,2024-10-18,10,금요일,3,고학년,6교시,14:16,강당·체육관,이동·보행,넘어짐
SAMPLE-04439,합성 예시 데이터,2024,2024-07-08,7,월요일,6,고학년,점심시간,12:35,교실·학습공간,수업·실습,부딪힘·충돌
SAMPLE-04440,합성 예시 데이터,2025,2025-10-21,10,화요일,3,고학년,점심시간,12:40,교실·학습공간,이동·보행,부딪힘·충돌
SAMPLE-04441,합성 예시 데이터,2022,2022-07-08,7,금요일,2,저학년,쉬는시간,12:51,운동장,놀이·휴식,넘어짐
SAMPLE-04442,합성 예시 데이터,2025,2025-11-06,11,목요일,3,고학년,4교시,11:37,강당·체육관,이동·보행,넘어짐
SAMPLE-04443,합성 예시 데이터,2021,2021-03-25,3,목요일,5,고학년,2교시,09:54,교실·학습공간,수업·실습,부딪힘·충돌
SAMPLE-04444,합성 예시 데이터,2021,2021-03-12,3,금요일,3,고학년,5교시,13:15,교실·학습공간,수업·실습,넘어짐
SAMPLE-04445,합성 예시 데이터,2024,2024-10-01,10,화요일,3,고학년,2교시,10:21,운동장,이동·보행,미끄러짐
SAMPLE-04446,합성 예시 데이터,2025,2025-05-14,5,수요일,1,저학년,쉬는시간,14:17,운동장,기타 체육,기타
SAMPLE-04447,합성 예시 데이터,2021,2021-09-08,9,수요일,4,고학년,쉬는시간,12:35,교실·학습공간,놀이·휴식,부딪힘·충돌
SAMPLE-04448,합성 예시 데이터,2021,2021-08-16,8,월요일,1,저학년,쉬는시간,14:11,교실·학습공간,수업·실습,부딪힘·충돌
SAMPLE-04449,합성 예시 데이터,2022,2022-09-02,9,금요일,6,고학년,3교시,10:45,강당·체육관,구기·라켓스포츠,넘어짐
SAMPLE-04450,합성 예시 데이터,2022,2022-03-04,3,금요일,6,고학년,4교시,11:45,강당·체육관,구기·라켓스포츠,넘어짐
SAMPLE-04451,합성 예시 데이터,2023,2023-03-17,3,금요일,6,고학년,방과후,16:45,운동장,이동·보행,부딪힘·충돌
SAMPLE-04452,합성 예시 데이터,2023,2023-10-03,10,화요일,4,고학년,4교시,11:33,강당·체육관,기타 체육,기타
SAMPLE-04453,합성 예시 데이터,2022,2022-04-07,4,목요일,5,고학년,5교시,13:39,강당·체육관,구기·라켓스포츠,넘어짐
SAMPLE-04454,합성 예시 데이터,2025,2025-06-13,6,금요일,5,고학년,하교,17:25,운동장,놀이·휴식,넘어짐
SAMPLE-04455,합성 예시 데이터,2023,2023-09-25,9,월요일,5,고학년,쉬는시간,12:57,운동장,구기·라켓스포츠,넘어짐
SAMPLE-04456,합성 예시 데이터,2025,2025-11-12,11,수요일,3,고학년,2교시,10:27,운동장,이동·보행,추락
SAMPLE-04457,합성 예시 데이터,2021,2021-10-21,10,목요일,3,고학년,점심시간,12:36,계단·복도,이동·보행,넘어짐
SAMPLE-04458,합성 예시 데이터,2023,2023-09-15,9,금요일,5,고학년,점심시간,12:23,급식·위생공간,식사·위생,화상
SAMPLE-04459,합성 예시 데이터,2025,2025-05-14,5,수요일,1,저학년,하교,15:40,계단·복도,이동·보행,넘어짐
SAMPLE-04460,합성 예시 데이터,2021,2021-11-05,11,금요일,6,고학년,점심시간,12:39,급식·위생공간,식사·위생,미끄러짐
SAMPLE-04461,합성 예시 데이터,2023,2023-07-05,7,수요일,2,저학년,5교시,13:49,교실·학습공간,놀이·휴식,부딪힘·충돌
SAMPLE-04462,합성 예시 데이터,2025,2025-04-09,4,수요일,6,고학년,3교시,10:57,교실·학습공간,이동·보행,미끄러짐
SAMPLE-04463,합성 예시 데이터,2025,2025-03-20,3,목요일,4,고학년,5교시,13:22,강당·체육관,구기·라켓스포츠,넘어짐
SAMPLE-04464,합성 예시 데이터,2025,2025-08-25,8,월요일,2,저학년,4교시,11:57,운동장,놀이·휴식,넘어짐
SAMPLE-04465,합성 예시 데이터,2024,2024-08-19,8,월요일,4,고학년,하교,17:02,운동장,구기·라켓스포츠,넘어짐
SAMPLE-04466,합성 예시 데이터,2024,2024-06-10,6,월요일,6,고학년,쉬는시간,13:51,운동장,구기·라켓스포츠,물체에 맞음
SAMPLE-04467,합성 예시 데이터,2025,2025-09-02,9,화요일,2,저학년,쉬는시간,09:45,계단·복도,놀이·휴식,부딪힘·충돌
SAMPLE-04468,합성 예시 데이터,2022,2022-10-03,10,월요일,3,고학년,6교시,14:18,강당·체육관,구기·라켓스포츠,넘어짐
SAMPLE-04469,합성 예시 데이터,2023,2023-08-09,8,수요일,4,고학년,방과후,16:18,운동장,구기·라켓스포츠,물체에 맞음
SAMPLE-04470,합성 예시 데이터,2025,2025-06-17,6,화요일,4,고학년,하교,16:53,계단·복도,이동·보행,넘어짐
SAMPLE-04471,합성 예시 데이터,2022,2022-07-25,7,월요일,1,저학년,하교,15:20,계단·복도,놀이·휴식,넘어짐
SAMPLE-04472,합성 예시 데이터,2022,2022-09-21,9,수요일,1,저학년,점심시간,12:43,급식·위생공간,식사·위생,미끄러짐
SAMPLE-04473,합성 예시 데이터,2021,2021-12-09,12,목요일,3,고학년,6교시,14:12,운동장,놀이·휴식,미끄러짐
SAMPLE-04474,합성 예시 데이터,2024,2024-04-19,4,금요일,3,고학년,1교시,09:46,운동장,놀이·휴식,부딪힘·충돌
SAMPLE-04475,합성 예시 데이터,2022,2022-03-25,3,금요일,2,저학년,점심시간,12:10,급식·위생공간,이동·보행,넘어짐
SAMPLE-04476,합성 예시 데이터,2023,2023-11-09,11,목요일,3,고학년,점심시간,12:34,계단·복도,이동·보행,넘어짐
SAMPLE-04477,합성 예시 데이터,2025,2025-08-19,8,화요일,3,고학년,2교시,10:37,교실·학습공간,놀이·휴식,기타
SAMPLE-04478,합성 예시 데이터,2024,2024-04-17,4,수요일,5,고학년,2교시,10:29,교실·학습공간,놀이·휴식,부딪힘·충돌
SAMPLE-04479,합성 예시 데이터,2022,2022-09-23,9,금요일,2,저학년,방과후,15:36,강당·체육관,기타 체육,넘어짐
SAMPLE-04480,합성 예시 데이터,2023,2023-07-10,7,월요일,6,고학년,2교시,10:03,교실·학습공간,이동·보행,넘어짐
SAMPLE-04481,합성 예시 데이터,2022,2022-05-12,5,목요일,6,고학년,1교시,09:27,교실·학습공간,수업·실습,기타
SAMPLE-04482,합성 예시 데이터,2022,2022-11-07,11,월요일,5,고학년,6교시,14:02,교실·학습공간,놀이·휴식,미끄러짐
SAMPLE-04483,합성 예시 데이터,2024,2024-07-08,7,월요일,4,고학년,하교,16:47,운동장,구기·라켓스포츠,물체에 맞음
SAMPLE-04484,합성 예시 데이터,2025,2025-06-17,6,화요일,2,저학년,쉬는시간,12:57,교실·학습공간,수업·실습,넘어짐
SAMPLE-04485,합성 예시 데이터,2021,2021-05-12,5,수요일,1,저학년,4교시,12:04,강당·체육관,구기·라켓스포츠,넘어짐
SAMPLE-04486,합성 예시 데이터,2022,2022-11-10,11,목요일,4,고학년,2교시,10:06,교실·학습공간,이동·보행,추락
SAMPLE-04487,합성 예시 데이터,2023,2023-10-20,10,금요일,5,고학년,3교시,11:13,교실·학습공간,놀이·휴식,부딪힘·충돌
SAMPLE-04488,합성 예시 데이터,2024,2024-11-08,11,금요일,6,고학년,6교시,14:19,교실·학습공간,이동·보행,넘어짐
SAMPLE-04489,합성 예시 데이터,2021,2021-04-20,4,화요일,4,고학년,5교시,13:23,교실·학습공간,이동·보행,넘어짐
SAMPLE-04490,합성 예시 데이터,2021,2021-06-07,6,월요일,6,고학년,쉬는시간,11:41,교실·학습공간,놀이·휴식,넘어짐
SAMPLE-04491,합성 예시 데이터,2023,2023-05-08,5,월요일,1,저학년,2교시,10:17,강당·체육관,기타 체육,부딪힘·충돌
SAMPLE-04492,합성 예시 데이터,2024,2024-09-10,9,화요일,4,고학년,6교시,14:16,교실·학습공간,수업·실습,넘어짐
SAMPLE-04493,합성 예시 데이터,2022,2022-07-15,7,금요일,4,고학년,6교시,14:23,계단·복도,이동·보행,부딪힘·충돌
SAMPLE-04494,합성 예시 데이터,2025,2025-10-02,10,목요일,5,고학년,쉬는시간,10:38,계단·복도,놀이·휴식,부딪힘·충돌
SAMPLE-04495,합성 예시 데이터,2021,2021-04-06,4,화요일,2,저학년,쉬는시간,13:06,교실·학습공간,수업·실습,부딪힘·충돌
SAMPLE-04496,합성 예시 데이터,2022,2022-06-14,6,화요일,3,고학년,방과후,15:07,계단·복도,이동·보행,부딪힘·충돌
SAMPLE-04497,합성 예시 데이터,2022,2022-09-19,9,월요일,6,고학년,5교시,13:33,계단·복도,이동·보행,부딪힘·충돌
SAMPLE-04498,합성 예시 데이터,2025,2025-11-07,11,금요일,6,고학년,점심시간,12:49,계단·복도,이동·보행,미끄러짐
SAMPLE-04499,합성 예시 데이터,2021,2021-07-14,7,수요일,4,고학년,점심시간,12:36,급식·위생공간,식사·위생,미끄러짐
SAMPLE-04500,합성 예시 데이터,2022,2022-05-23,5,월요일,5,고학년,4교시,11:49,강당·체육관,기타 체육,부딪힘·충돌
SAMPLE-04501,합성 예시 데이터,2024,2024-07-17,7,수요일,6,고학년,2교시,10:32,운동장,놀이·휴식,부딪힘·충돌
SAMPLE-04502,합성 예시 데이터,2024,2024-09-19,9,목요일,2,저학년,방과후,17:16,운동장,구기·라켓스포츠,넘어짐
SAMPLE-04503,합성 예시 데이터,2024,2024-03-15,3,금요일,3,고학년,쉬는시간,11:28,교실·학습공간,이동·보행,미끄러짐
SAMPLE-04504,합성 예시 데이터,2024,2024-05-01,5,수요일,5,고학년,3교시,11:09,교실·학습공간,놀이·휴식,넘어짐
SAMPLE-04505,합성 예시 데이터,2023,2023-04-13,4,목요일,5,고학년,등교 전,08:44,교실·학습공간,이동·보행,미끄러짐
SAMPLE-04506,합성 예시 데이터,2021,2021-07-06,7,화요일,4,고학년,쉬는시간,11:44,화장실·위생공간,식사·위생,넘어짐
SAMPLE-04507,합성 예시 데이터,2023,2023-04-27,4,목요일,1,저학년,쉬는시간,14:07,교실·학습공간,놀이·휴식,넘어짐
SAMPLE-04508,합성 예시 데이터,2025,2025-07-31,7,목요일,5,고학년,1교시,09:31,강당·체육관,구기·라켓스포츠,물체에 맞음
SAMPLE-04509,합성 예시 데이터,2025,2025-11-07,11,금요일,2,저학년,4교시,11:37,강당·체육관,기타 체육,넘어짐
SAMPLE-04510,합성 예시 데이터,2024,2024-04-29,4,월요일,4,고학년,1교시,09:15,교실·학습공간,놀이·휴식,부딪힘·충돌
SAMPLE-04511,합성 예시 데이터,2022,2022-10-24,10,월요일,6,고학년,2교시,10:24,계단·복도,놀이·휴식,넘어짐
SAMPLE-04512,합성 예시 데이터,2023,2023-05-11,5,목요일,6,고학년,3교시,11:00,교실·학습공간,수업·실습,물체에 맞음
SAMPLE-04513,합성 예시 데이터,2021,2021-05-18,5,화요일,2,저학년,3교시,10:45,교실·학습공간,수업·실습,넘어짐
SAMPLE-04514,합성 예시 데이터,2022,2022-03-25,3,금요일,3,고학년,등교 전,08:12,교문·외부동선,이동·보행,미끄러짐
SAMPLE-04515,합성 예시 데이터,2025,2025-10-07,10,화요일,5,고학년,쉬는시간,13:27,교실·학습공간,놀이·휴식,미끄러짐
SAMPLE-04516,합성 예시 데이터,2023,2023-08-23,8,수요일,4,고학년,방과후,14:43,강당·체육관,구기·라켓스포츠,물체에 맞음
SAMPLE-04517,합성 예시 데이터,2024,2024-11-21,11,목요일,4,고학년,3교시,11:13,운동장,구기·라켓스포츠,부딪힘·충돌
SAMPLE-04518,합성 예시 데이터,2021,2021-06-01,6,화요일,5,고학년,쉬는시간,11:42,계단·복도,이동·보행,미끄러짐
SAMPLE-04519,합성 예시 데이터,2025,2025-06-13,6,금요일,2,저학년,방과후,16:09,운동장,놀이·휴식,미끄러짐
SAMPLE-04520,합성 예시 데이터,2023,2023-07-31,7,월요일,3,고학년,쉬는시간,14:02,운동장,구기·라켓스포츠,넘어짐
SAMPLE-04521,합성 예시 데이터,2022,2022-04-19,4,화요일,4,고학년,2교시,10:12,강당·체육관,구기·라켓스포츠,넘어짐
SAMPLE-04522,합성 예시 데이터,2021,2021-06-11,6,금요일,3,고학년,점심시간,12:52,급식·위생공간,이동·보행,넘어짐
SAMPLE-04523,합성 예시 데이터,2023,2023-06-02,6,금요일,5,고학년,4교시,12:06,강당·체육관,기타 체육,넘어짐
SAMPLE-04524,합성 예시 데이터,2025,2025-04-01,4,화요일,1,저학년,1교시,09:04,강당·체육관,기타 체육,부딪힘·충돌
SAMPLE-04525,합성 예시 데이터,2023,2023-07-21,7,금요일,1,저학년,쉬는시간,13:46,화장실·위생공간,놀이·휴식,넘어짐
SAMPLE-04526,합성 예시 데이터,2022,2022-06-03,6,금요일,4,고학년,1교시,09:17,계단·복도,이동·보행,넘어짐
SAMPLE-04527,합성 예시 데이터,2023,2023-03-08,3,수요일,1,저학년,점심시간,12:50,교실·학습공간,놀이·휴식,미끄러짐
SAMPLE-04528,합성 예시 데이터,2021,2021-08-19,8,목요일,5,고학년,하교,15:51,교문·외부동선,놀이·휴식,미끄러짐
SAMPLE-04529,합성 예시 데이터,2021,2021-03-23,3,화요일,6,고학년,쉬는시간,09:44,교실·학습공간,놀이·휴식,부딪힘·충돌
SAMPLE-04530,합성 예시 데이터,2024,2024-12-10,12,화요일,3,고학년,하교,14:12,계단·복도,이동·보행,부딪힘·충돌
SAMPLE-04531,합성 예시 데이터,2024,2024-11-08,11,금요일,5,고학년,2교시,09:55,교실·학습공간,수업·실습,물체에 맞음
SAMPLE-04532,합성 예시 데이터,2025,2025-07-31,7,목요일,4,고학년,방과후,17:18,운동장,구기·라켓스포츠,부딪힘·충돌
SAMPLE-04533,합성 예시 데이터,2024,2024-04-10,4,수요일,2,저학년,3교시,11:07,강당·체육관,구기·라켓스포츠,기타
SAMPLE-04534,합성 예시 데이터,2025,2025-09-01,9,월요일,4,고학년,6교시,13:57,교실·학습공간,수업·실습,물체에 맞음
SAMPLE-04535,합성 예시 데이터,2022,2022-08-09,8,화요일,1,저학년,하교,14:23,교문·외부동선,놀이·휴식,기타
SAMPLE-04536,합성 예시 데이터,2025,2025-06-26,6,목요일,6,고학년,방과후,14:38,강당·체육관,구기·라켓스포츠,부딪힘·충돌
SAMPLE-04537,합성 예시 데이터,2024,2024-08-09,8,금요일,3,고학년,쉬는시간,10:46,계단·복도,놀이·휴식,기타
SAMPLE-04538,합성 예시 데이터,2021,2021-11-02,11,화요일,1,저학년,점심시간,12:14,계단·복도,이동·보행,넘어짐
SAMPLE-04539,합성 예시 데이터,2022,2022-07-07,7,목요일,6,고학년,쉬는시간,10:47,운동장,구기·라켓스포츠,넘어짐
SAMPLE-04540,합성 예시 데이터,2024,2024-07-04,7,목요일,1,저학년,4교시,11:43,계단·복도,이동·보행,미끄러짐
SAMPLE-04541,합성 예시 데이터,2025,2025-10-20,10,월요일,4,고학년,쉬는시간,09:43,운동장,구기·라켓스포츠,부딪힘·충돌
SAMPLE-04542,합성 예시 데이터,2024,2024-10-04,10,금요일,5,고학년,쉬는시간,10:57,운동장,구기·라켓스포츠,부딪힘·충돌
SAMPLE-04543,합성 예시 데이터,2021,2021-06-15,6,화요일,5,고학년,쉬는시간,10:54,계단·복도,이동·보행,미끄러짐
SAMPLE-04544,합성 예시 데이터,2023,2023-06-20,6,화요일,4,고학년,점심시간,12:54,운동장,기타 체육,넘어짐
SAMPLE-04545,합성 예시 데이터,2022,2022-08-23,8,화요일,1,저학년,방과후,15:37,교실·학습공간,놀이·휴식,부딪힘·충돌
SAMPLE-04546,합성 예시 데이터,2024,2024-08-26,8,월요일,2,저학년,점심시간,12:14,급식·위생공간,식사·위생,미끄러짐
SAMPLE-04547,합성 예시 데이터,2024,2024-08-05,8,월요일,4,고학년,점심시간,12:42,운동장,놀이·휴식,기타
SAMPLE-04548,합성 예시 데이터,2024,2024-11-26,11,화요일,4,고학년,4교시,12:07,운동장,이동·보행,추락
SAMPLE-04549,합성 예시 데이터,2023,2023-03-08,3,수요일,4,고학년,6교시,14:09,강당·체육관,구기·라켓스포츠,물체에 맞음
SAMPLE-04550,합성 예시 데이터,2021,2021-05-04,5,화요일,6,고학년,쉬는시간,11:28,운동장,구기·라켓스포츠,물체에 맞음
SAMPLE-04551,합성 예시 데이터,2024,2024-04-16,4,화요일,6,고학년,2교시,09:57,운동장,놀이·휴식,넘어짐
SAMPLE-04552,합성 예시 데이터,2024,2024-04-09,4,화요일,1,저학년,1교시,09:03,운동장,이동·보행,추락
SAMPLE-04553,합성 예시 데이터,2022,2022-07-18,7,월요일,6,고학년,5교시,13:32,교실·학습공간,수업·실습,부딪힘·충돌
SAMPLE-04554,합성 예시 데이터,2021,2021-03-31,3,수요일,4,고학년,3교시,11:29,운동장,구기·라켓스포츠,물체에 맞음
SAMPLE-04555,합성 예시 데이터,2025,2025-05-16,5,금요일,1,저학년,방과후,14:46,강당·체육관,구기·라켓스포츠,넘어짐
SAMPLE-04556,합성 예시 데이터,2024,2024-08-02,8,금요일,3,고학년,쉬는시간,14:11,계단·복도,기타,부딪힘·충돌
SAMPLE-04557,합성 예시 데이터,2024,2024-07-10,7,수요일,1,저학년,방과후,14:58,운동장,구기·라켓스포츠,부딪힘·충돌
SAMPLE-04558,합성 예시 데이터,2025,2025-11-13,11,목요일,1,저학년,쉬는시간,13:45,운동장,구기·라켓스포츠,부딪힘·충돌
SAMPLE-04559,합성 예시 데이터,2025,2025-05-28,5,수요일,4,고학년,5교시,13:31,계단·복도,이동·보행,부딪힘·충돌
SAMPLE-04560,합성 예시 데이터,2024,2024-08-15,8,목요일,5,고학년,2교시,10:05,교실·학습공간,수업·실습,부딪힘·충돌
SAMPLE-04561,합성 예시 데이터,2024,2024-09-30,9,월요일,1,저학년,하교,14:42,교문·외부동선,이동·보행,부딪힘·충돌
SAMPLE-04562,합성 예시 데이터,2023,2023-07-25,7,화요일,5,고학년,5교시,13:08,운동장,구기·라켓스포츠,넘어짐
SAMPLE-04563,합성 예시 데이터,2025,2025-12-19,12,금요일,1,저학년,5교시,13:25,교실·학습공간,이동·보행,넘어짐
SAMPLE-04564,합성 예시 데이터,2025,2025-08-12,8,화요일,5,고학년,5교시,13:47,운동장,구기·라켓스포츠,물체에 맞음
SAMPLE-04565,합성 예시 데이터,2021,2021-04-28,4,수요일,5,고학년,4교시,11:56,교실·학습공간,놀이·휴식,넘어짐
SAMPLE-04566,합성 예시 데이터,2022,2022-07-18,7,월요일,6,고학년,점심시간,12:11,운동장,기타 체육,넘어짐
SAMPLE-04567,합성 예시 데이터,2021,2021-03-23,3,화요일,2,저학년,점심시간,12:50,급식·위생공간,식사·위생,미끄러짐
SAMPLE-04568,합성 예시 데이터,2024,2024-03-27,3,수요일,1,저학년,쉬는시간,13:37,계단·복도,놀이·휴식,넘어짐
SAMPLE-04569,합성 예시 데이터,2025,2025-08-26,8,화요일,6,고학년,방과후,15:03,강당·체육관,구기·라켓스포츠,기타
SAMPLE-04570,합성 예시 데이터,2025,2025-05-19,5,월요일,3,고학년,쉬는시간,10:19,교실·학습공간,이동·보행,넘어짐
SAMPLE-04571,합성 예시 데이터,2023,2023-05-24,5,수요일,4,고학년,5교시,13:26,운동장,놀이·휴식,부딪힘·충돌
SAMPLE-04572,합성 예시 데이터,2023,2023-03-03,3,금요일,5,고학년,점심시간,12:56,계단·복도,기타,기타
SAMPLE-04573,합성 예시 데이터,2024,2024-10-08,10,화요일,6,고학년,쉬는시간,11:39,화장실·위생공간,식사·위생,넘어짐
SAMPLE-04574,합성 예시 데이터,2022,2022-10-17,10,월요일,5,고학년,하교,15:40,운동장,기타 체육,부딪힘·충돌
SAMPLE-04575,합성 예시 데이터,2025,2025-04-03,4,목요일,3,고학년,4교시,11:55,운동장,구기·라켓스포츠,넘어짐
SAMPLE-04576,합성 예시 데이터,2025,2025-10-08,10,수요일,2,저학년,쉬는시간,12:03,교실·학습공간,수업·실습,물체에 맞음
SAMPLE-04577,합성 예시 데이터,2021,2021-08-03,8,화요일,6,고학년,방과후,15:32,강당·체육관,구기·라켓스포츠,물체에 맞음
SAMPLE-04578,합성 예시 데이터,2024,2024-11-08,11,금요일,3,고학년,방과후,15:58,계단·복도,이동·보행,넘어짐
SAMPLE-04579,합성 예시 데이터,2024,2024-07-16,7,화요일,2,저학년,2교시,10:25,강당·체육관,구기·라켓스포츠,부딪힘·충돌
SAMPLE-04580,합성 예시 데이터,2024,2024-08-29,8,목요일,5,고학년,점심시간,12:40,계단·복도,이동·보행,넘어짐
SAMPLE-04581,합성 예시 데이터,2021,2021-05-17,5,월요일,3,고학년,점심시간,12:55,계단·복도,놀이·휴식,부딪힘·충돌
SAMPLE-04582,합성 예시 데이터,2024,2024-09-20,9,금요일,5,고학년,점심시간,12:11,교실·학습공간,수업·실습,넘어짐
SAMPLE-04583,합성 예시 데이터,2025,2025-07-24,7,목요일,6,고학년,4교시,11:46,교실·학습공간,수업·실습,넘어짐
SAMPLE-04584,합성 예시 데이터,2025,2025-05-22,5,목요일,4,고학년,6교시,13:58,계단·복도,이동·보행,부딪힘·충돌
SAMPLE-04585,합성 예시 데이터,2024,2024-06-17,6,월요일,6,고학년,5교시,13:01,교실·학습공간,수업·실습,넘어짐
SAMPLE-04586,합성 예시 데이터,2023,2023-04-18,4,화요일,5,고학년,방과후,14:32,계단·복도,이동·보행,넘어짐
SAMPLE-04587,합성 예시 데이터,2025,2025-07-29,7,화요일,5,고학년,점심시간,12:47,운동장,기타 체육,부딪힘·충돌
SAMPLE-04588,합성 예시 데이터,2021,2021-07-14,7,수요일,3,고학년,4교시,11:33,교실·학습공간,수업·실습,물체에 맞음
SAMPLE-04589,합성 예시 데이터,2022,2022-05-24,5,화요일,2,저학년,점심시간,12:44,계단·복도,이동·보행,넘어짐
SAMPLE-04590,합성 예시 데이터,2023,2023-08-31,8,목요일,2,저학년,하교,14:10,계단·복도,기타,부딪힘·충돌
SAMPLE-04591,합성 예시 데이터,2025,2025-03-25,3,화요일,1,저학년,점심시간,12:34,계단·복도,이동·보행,미끄러짐
SAMPLE-04592,합성 예시 데이터,2021,2021-09-14,9,화요일,1,저학년,하교,14:46,운동장,기타 체육,부딪힘·충돌
SAMPLE-04593,합성 예시 데이터,2024,2024-11-13,11,수요일,1,저학년,쉬는시간,10:13,계단·복도,이동·보행,미끄러짐
SAMPLE-04594,합성 예시 데이터,2022,2022-03-22,3,화요일,3,고학년,방과후,15:48,교실·학습공간,놀이·휴식,넘어짐
SAMPLE-04595,합성 예시 데이터,2023,2023-08-03,8,목요일,5,고학년,방과후,15:42,운동장,구기·라켓스포츠,부딪힘·충돌
SAMPLE-04596,합성 예시 데이터,2024,2024-03-25,3,월요일,3,고학년,2교시,10:23,운동장,기타 체육,넘어짐
SAMPLE-04597,합성 예시 데이터,2021,2021-09-27,9,월요일,4,고학년,쉬는시간,11:23,운동장,놀이·휴식,부딪힘·충돌
SAMPLE-04598,합성 예시 데이터,2022,2022-05-31,5,화요일,5,고학년,4교시,11:41,계단·복도,이동·보행,추락
SAMPLE-04599,합성 예시 데이터,2021,2021-12-07,12,화요일,1,저학년,점심시간,12:27,급식·위생공간,식사·위생,미끄러짐
SAMPLE-04600,합성 예시 데이터,2025,2025-05-09,5,금요일,6,고학년,5교시,13:18,계단·복도,놀이·휴식,부딪힘·충돌
SAMPLE-04601,합성 예시 데이터,2024,2024-06-21,6,금요일,5,고학년,점심시간,12:27,운동장,구기·라켓스포츠,부딪힘·충돌
SAMPLE-04602,합성 예시 데이터,2025,2025-07-08,7,화요일,6,고학년,3교시,10:42,강당·체육관,구기·라켓스포츠,부딪힘·충돌
SAMPLE-04603,합성 예시 데이터,2021,2021-03-01,3,월요일,1,저학년,2교시,10:38,강당·체육관,기타 체육,추락
SAMPLE-04604,합성 예시 데이터,2023,2023-05-04,5,목요일,1,저학년,하교,16:41,교문·외부동선,이동·보행,미끄러짐
SAMPLE-04605,합성 예시 데이터,2025,2025-08-07,8,목요일,3,고학년,방과후,15:40,강당·체육관,구기·라켓스포츠,부딪힘·충돌
SAMPLE-04606,합성 예시 데이터,2021,2021-05-21,5,금요일,1,저학년,쉬는시간,14:00,계단·복도,이동·보행,추락
SAMPLE-04607,합성 예시 데이터,2024,2024-04-17,4,수요일,6,고학년,방과후,14:40,운동장,기타 체육,기타
SAMPLE-04608,합성 예시 데이터,2025,2025-08-08,8,금요일,2,저학년,쉬는시간,11:17,계단·복도,이동·보행,부딪힘·충돌
SAMPLE-04609,합성 예시 데이터,2021,2021-08-12,8,목요일,6,고학년,점심시간,12:12,급식·위생공간,식사·위생,기타
SAMPLE-04610,합성 예시 데이터,2022,2022-10-03,10,월요일,2,저학년,4교시,11:40,교실·학습공간,수업·실습,부딪힘·충돌
SAMPLE-04611,합성 예시 데이터,2022,2022-08-16,8,화요일,4,고학년,쉬는시간,12:39,계단·복도,이동·보행,미끄러짐
SAMPLE-04612,합성 예시 데이터,2023,2023-05-16,5,화요일,3,고학년,5교시,13:25,교실·학습공간,수업·실습,부딪힘·충돌
SAMPLE-04613,합성 예시 데이터,2021,2021-08-19,8,목요일,5,고학년,점심시간,12:43,급식·위생공간,식사·위생,넘어짐
SAMPLE-04614,합성 예시 데이터,2025,2025-04-18,4,금요일,6,고학년,방과후,14:57,운동장,구기·라켓스포츠,넘어짐
SAMPLE-04615,합성 예시 데이터,2023,2023-08-16,8,수요일,3,고학년,6교시,14:07,강당·체육관,기타 체육,넘어짐
SAMPLE-04616,합성 예시 데이터,2022,2022-07-21,7,목요일,4,고학년,방과후,17:17,운동장,구기·라켓스포츠,물체에 맞음
SAMPLE-04617,합성 예시 데이터,2024,2024-09-10,9,화요일,3,고학년,5교시,13:48,운동장,구기·라켓스포츠,물체에 맞음
SAMPLE-04618,합성 예시 데이터,2025,2025-09-08,9,월요일,6,고학년,하교,14:18,교문·외부동선,이동·보행,부딪힘·충돌
SAMPLE-04619,합성 예시 데이터,2025,2025-10-29,10,수요일,4,고학년,1교시,09:28,교실·학습공간,수업·실습,부딪힘·충돌
SAMPLE-04620,합성 예시 데이터,2024,2024-11-11,11,월요일,1,저학년,3교시,11:18,운동장,놀이·휴식,넘어짐
SAMPLE-04621,합성 예시 데이터,2023,2023-08-25,8,금요일,6,고학년,쉬는시간,13:10,교실·학습공간,놀이·휴식,미끄러짐
SAMPLE-04622,합성 예시 데이터,2021,2021-05-21,5,금요일,5,고학년,하교,16:25,교실·학습공간,이동·보행,부딪힘·충돌
SAMPLE-04623,합성 예시 데이터,2024,2024-03-26,3,화요일,4,고학년,5교시,13:17,교실·학습공간,수업·실습,물체에 맞음
SAMPLE-04624,합성 예시 데이터,2024,2024-07-29,7,월요일,5,고학년,6교시,13:56,강당·체육관,구기·라켓스포츠,부딪힘·충돌
SAMPLE-04625,합성 예시 데이터,2023,2023-09-04,9,월요일,3,고학년,쉬는시간,10:06,교실·학습공간,놀이·휴식,부딪힘·충돌
SAMPLE-04626,합성 예시 데이터,2023,2023-06-19,6,월요일,3,고학년,점심시간,12:26,급식·위생공간,식사·위생,넘어짐
SAMPLE-04627,합성 예시 데이터,2023,2023-10-27,10,금요일,6,고학년,5교시,13:37,계단·복도,이동·보행,추락
SAMPLE-04628,합성 예시 데이터,2024,2024-09-25,9,수요일,4,고학년,쉬는시간,14:12,운동장,구기·라켓스포츠,물체에 맞음
SAMPLE-04629,합성 예시 데이터,2025,2025-09-17,9,수요일,5,고학년,하교,17:18,계단·복도,이동·보행,부딪힘·충돌
SAMPLE-04630,합성 예시 데이터,2023,2023-03-28,3,화요일,5,고학년,2교시,09:53,운동장,기타 체육,추락
SAMPLE-04631,합성 예시 데이터,2021,2021-07-27,7,화요일,6,고학년,하교,14:44,운동장,이동·보행,추락
SAMPLE-04632,합성 예시 데이터,2025,2025-04-21,4,월요일,4,고학년,쉬는시간,12:42,계단·복도,놀이·휴식,넘어짐
SAMPLE-04633,합성 예시 데이터,2024,2024-09-16,9,월요일,5,고학년,점심시간,12:36,운동장,놀이·휴식,부딪힘·충돌
SAMPLE-04634,합성 예시 데이터,2022,2022-10-28,10,금요일,5,고학년,6교시,14:27,교실·학습공간,이동·보행,부딪힘·충돌
SAMPLE-04635,합성 예시 데이터,2023,2023-12-13,12,수요일,6,고학년,하교,16:44,교실·학습공간,수업·실습,물체에 맞음
SAMPLE-04636,합성 예시 데이터,2021,2021-12-03,12,금요일,4,고학년,하교,16:37,운동장,구기·라켓스포츠,물체에 맞음
SAMPLE-04637,합성 예시 데이터,2024,2024-11-01,11,금요일,1,저학년,4교시,11:59,강당·체육관,구기·라켓스포츠,넘어짐
SAMPLE-04638,합성 예시 데이터,2024,2024-03-21,3,목요일,1,저학년,쉬는시간,13:53,계단·복도,이동·보행,넘어짐
SAMPLE-04639,합성 예시 데이터,2024,2024-12-10,12,화요일,3,고학년,방과후,17:02,계단·복도,놀이·휴식,넘어짐
SAMPLE-04640,합성 예시 데이터,2024,2024-08-14,8,수요일,6,고학년,하교,16:13,계단·복도,놀이·휴식,넘어짐
SAMPLE-04641,합성 예시 데이터,2022,2022-07-28,7,목요일,3,고학년,6교시,14:04,교실·학습공간,놀이·휴식,넘어짐
SAMPLE-04642,합성 예시 데이터,2024,2024-09-13,9,금요일,2,저학년,3교시,11:22,계단·복도,이동·보행,넘어짐
SAMPLE-04643,합성 예시 데이터,2023,2023-08-17,8,목요일,3,고학년,하교,16:50,계단·복도,놀이·휴식,넘어짐
SAMPLE-04644,합성 예시 데이터,2021,2021-03-11,3,목요일,4,고학년,4교시,11:33,강당·체육관,구기·라켓스포츠,물체에 맞음
SAMPLE-04645,합성 예시 데이터,2025,2025-03-06,3,목요일,6,고학년,4교시,12:07,강당·체육관,구기·라켓스포츠,넘어짐
SAMPLE-04646,합성 예시 데이터,2024,2024-05-08,5,수요일,2,저학년,1교시,09:06,강당·체육관,구기·라켓스포츠,넘어짐
SAMPLE-04647,합성 예시 데이터,2023,2023-07-13,7,목요일,2,저학년,3교시,11:21,계단·복도,놀이·휴식,부딪힘·충돌
SAMPLE-04648,합성 예시 데이터,2024,2024-10-09,10,수요일,5,고학년,6교시,13:58,강당·체육관,구기·라켓스포츠,물체에 맞음
SAMPLE-04649,합성 예시 데이터,2025,2025-11-12,11,수요일,5,고학년,하교,16:03,교문·외부동선,이동·보행,부딪힘·충돌
SAMPLE-04650,합성 예시 데이터,2022,2022-05-11,5,수요일,5,고학년,6교시,14:25,계단·복도,이동·보행,미끄러짐
SAMPLE-04651,합성 예시 데이터,2023,2023-11-29,11,수요일,2,저학년,하교,15:55,계단·복도,이동·보행,미끄러짐
SAMPLE-04652,합성 예시 데이터,2023,2023-07-03,7,월요일,3,고학년,5교시,13:04,운동장,놀이·휴식,부딪힘·충돌
SAMPLE-04653,합성 예시 데이터,2022,2022-07-21,7,목요일,3,고학년,1교시,09:18,운동장,구기·라켓스포츠,물체에 맞음
SAMPLE-04654,합성 예시 데이터,2022,2022-12-12,12,월요일,1,저학년,점심시간,12:13,급식·위생공간,이동·보행,넘어짐
SAMPLE-04655,합성 예시 데이터,2021,2021-06-17,6,목요일,1,저학년,점심시간,12:53,계단·복도,놀이·휴식,넘어짐
SAMPLE-04656,합성 예시 데이터,2022,2022-03-07,3,월요일,3,고학년,점심시간,12:47,운동장,기타 체육,추락
SAMPLE-04657,합성 예시 데이터,2022,2022-05-20,5,금요일,6,고학년,6교시,14:17,강당·체육관,이동·보행,넘어짐
SAMPLE-04658,합성 예시 데이터,2025,2025-11-26,11,수요일,4,고학년,방과후,17:14,강당·체육관,구기·라켓스포츠,기타
SAMPLE-04659,합성 예시 데이터,2023,2023-04-26,4,수요일,5,고학년,쉬는시간,10:25,계단·복도,이동·보행,넘어짐
SAMPLE-04660,합성 예시 데이터,2024,2024-07-30,7,화요일,6,고학년,쉬는시간,11:13,교실·학습공간,이동·보행,넘어짐
SAMPLE-04661,합성 예시 데이터,2023,2023-11-13,11,월요일,4,고학년,방과후,15:07,교실·학습공간,수업·실습,넘어짐
SAMPLE-04662,합성 예시 데이터,2021,2021-11-23,11,화요일,1,저학년,등교 전,08:40,계단·복도,기타,부딪힘·충돌
SAMPLE-04663,합성 예시 데이터,2024,2024-09-23,9,월요일,3,고학년,4교시,11:43,계단·복도,이동·보행,미끄러짐
SAMPLE-04664,합성 예시 데이터,2024,2024-07-22,7,월요일,3,고학년,6교시,14:08,운동장,놀이·휴식,미끄러짐
SAMPLE-04665,합성 예시 데이터,2022,2022-08-19,8,금요일,4,고학년,3교시,10:52,계단·복도,이동·보행,미끄러짐
SAMPLE-04666,합성 예시 데이터,2022,2022-10-26,10,수요일,5,고학년,2교시,09:54,교실·학습공간,수업·실습,넘어짐
SAMPLE-04667,합성 예시 데이터,2022,2022-08-25,8,목요일,2,저학년,쉬는시간,11:54,계단·복도,이동·보행,넘어짐
SAMPLE-04668,합성 예시 데이터,2024,2024-12-17,12,화요일,1,저학년,쉬는시간,12:47,화장실·위생공간,식사·위생,넘어짐
SAMPLE-04669,합성 예시 데이터,2022,2022-04-07,4,목요일,6,고학년,점심시간,12:37,교실·학습공간,이동·보행,넘어짐
SAMPLE-04670,합성 예시 데이터,2022,2022-06-21,6,화요일,3,고학년,4교시,11:44,강당·체육관,구기·라켓스포츠,부딪힘·충돌
SAMPLE-04671,합성 예시 데이터,2022,2022-05-09,5,월요일,4,고학년,1교시,09:49,계단·복도,이동·보행,미끄러짐
SAMPLE-04672,합성 예시 데이터,2022,2022-07-27,7,수요일,2,저학년,4교시,11:54,운동장,구기·라켓스포츠,부딪힘·충돌
SAMPLE-04673,합성 예시 데이터,2022,2022-04-14,4,목요일,1,저학년,3교시,11:00,강당·체육관,구기·라켓스포츠,물체에 맞음
SAMPLE-04674,합성 예시 데이터,2025,2025-07-25,7,금요일,2,저학년,쉬는시간,14:06,계단·복도,이동·보행,넘어짐
SAMPLE-04675,합성 예시 데이터,2022,2022-12-09,12,금요일,5,고학년,6교시,14:09,운동장,구기·라켓스포츠,기타
SAMPLE-04676,합성 예시 데이터,2022,2022-04-25,4,월요일,1,저학년,방과후,15:14,강당·체육관,구기·라켓스포츠,물체에 맞음
SAMPLE-04677,합성 예시 데이터,2024,2024-11-20,11,수요일,5,고학년,2교시,10:21,강당·체육관,구기·라켓스포츠,기타
SAMPLE-04678,합성 예시 데이터,2025,2025-07-14,7,월요일,6,고학년,방과후,14:56,계단·복도,놀이·휴식,넘어짐
SAMPLE-04679,합성 예시 데이터,2025,2025-06-11,6,수요일,3,고학년,4교시,12:04,운동장,놀이·휴식,부딪힘·충돌
SAMPLE-04680,합성 예시 데이터,2021,2021-08-09,8,월요일,1,저학년,쉬는시간,13:47,교실·학습공간,이동·보행,미끄러짐
SAMPLE-04681,합성 예시 데이터,2025,2025-04-14,4,월요일,3,고학년,5교시,13:44,강당·체육관,구기·라켓스포츠,물체에 맞음
SAMPLE-04682,합성 예시 데이터,2024,2024-10-29,10,화요일,5,고학년,방과후,15:17,강당·체육관,기타 체육,기타
SAMPLE-04683,합성 예시 데이터,2021,2021-03-15,3,월요일,1,저학년,방과후,16:04,강당·체육관,구기·라켓스포츠,부딪힘·충돌
SAMPLE-04684,합성 예시 데이터,2025,2025-09-03,9,수요일,6,고학년,등교 전,08:04,교문·외부동선,교통·탑승,넘어짐
SAMPLE-04685,합성 예시 데이터,2023,2023-09-12,9,화요일,2,저학년,하교,14:14,교문·외부동선,이동·보행,부딪힘·충돌
SAMPLE-04686,합성 예시 데이터,2024,2024-11-01,11,금요일,6,고학년,쉬는시간,13:54,계단·복도,이동·보행,넘어짐
SAMPLE-04687,합성 예시 데이터,2024,2024-10-01,10,화요일,2,저학년,3교시,11:23,교실·학습공간,놀이·휴식,넘어짐
SAMPLE-04688,합성 예시 데이터,2024,2024-11-06,11,수요일,4,고학년,방과후,17:05,교실·학습공간,이동·보행,넘어짐
SAMPLE-04689,합성 예시 데이터,2022,2022-10-31,10,월요일,5,고학년,하교,16:38,계단·복도,놀이·휴식,부딪힘·충돌
SAMPLE-04690,합성 예시 데이터,2024,2024-06-14,6,금요일,1,저학년,등교 전,07:51,계단·복도,이동·보행,부딪힘·충돌
SAMPLE-04691,합성 예시 데이터,2021,2021-07-21,7,수요일,5,고학년,하교,16:09,계단·복도,놀이·휴식,부딪힘·충돌
SAMPLE-04692,합성 예시 데이터,2022,2022-03-24,3,목요일,6,고학년,5교시,13:45,운동장,구기·라켓스포츠,물체에 맞음
SAMPLE-04693,합성 예시 데이터,2022,2022-10-24,10,월요일,1,저학년,점심시간,12:24,급식·위생공간,식사·위생,넘어짐
SAMPLE-04694,합성 예시 데이터,2025,2025-06-16,6,월요일,5,고학년,4교시,11:42,운동장,구기·라켓스포츠,넘어짐
SAMPLE-04695,합성 예시 데이터,2023,2023-06-29,6,목요일,5,고학년,5교시,13:14,교실·학습공간,이동·보행,넘어짐
SAMPLE-04696,합성 예시 데이터,2022,2022-07-07,7,목요일,2,저학년,2교시,10:04,계단·복도,이동·보행,미끄러짐
SAMPLE-04697,합성 예시 데이터,2025,2025-03-26,3,수요일,5,고학년,방과후,17:06,교실·학습공간,놀이·휴식,부딪힘·충돌
SAMPLE-04698,합성 예시 데이터,2021,2021-05-06,5,목요일,1,저학년,하교,16:24,교문·외부동선,교통·탑승,기타
SAMPLE-04699,합성 예시 데이터,2022,2022-06-23,6,목요일,2,저학년,쉬는시간,13:24,계단·복도,이동·보행,넘어짐
SAMPLE-04700,합성 예시 데이터,2023,2023-07-03,7,월요일,2,저학년,2교시,09:52,교실·학습공간,놀이·휴식,미끄러짐
SAMPLE-04701,합성 예시 데이터,2024,2024-03-04,3,월요일,5,고학년,점심시간,12:34,운동장,구기·라켓스포츠,물체에 맞음
SAMPLE-04702,합성 예시 데이터,2025,2025-04-11,4,금요일,6,고학년,6교시,14:08,강당·체육관,구기·라켓스포츠,부딪힘·충돌
SAMPLE-04703,합성 예시 데이터,2024,2024-03-14,3,목요일,3,고학년,점심시간,12:11,교실·학습공간,수업·실습,넘어짐
SAMPLE-04704,합성 예시 데이터,2023,2023-12-19,12,화요일,1,저학년,쉬는시간,12:27,화장실·위생공간,식사·위생,화상
SAMPLE-04705,합성 예시 데이터,2023,2023-11-22,11,수요일,5,고학년,방과후,14:59,강당·체육관,구기·라켓스포츠,부딪힘·충돌
SAMPLE-04706,합성 예시 데이터,2025,2025-09-02,9,화요일,2,저학년,점심시간,12:59,계단·복도,이동·보행,넘어짐
SAMPLE-04707,합성 예시 데이터,2023,2023-05-25,5,목요일,6,고학년,점심시간,12:59,급식·위생공간,이동·보행,넘어짐
SAMPLE-04708,합성 예시 데이터,2023,2023-04-21,4,금요일,6,고학년,6교시,14:24,계단·복도,이동·보행,미끄러짐
SAMPLE-04709,합성 예시 데이터,2021,2021-06-21,6,월요일,2,저학년,5교시,13:10,교실·학습공간,이동·보행,부딪힘·충돌
SAMPLE-04710,합성 예시 데이터,2025,2025-05-21,5,수요일,6,고학년,1교시,09:20,강당·체육관,구기·라켓스포츠,넘어짐
SAMPLE-04711,합성 예시 데이터,2025,2025-04-30,4,수요일,3,고학년,2교시,09:51,강당·체육관,이동·보행,미끄러짐
SAMPLE-04712,합성 예시 데이터,2025,2025-04-17,4,목요일,1,저학년,3교시,10:49,운동장,구기·라켓스포츠,기타
SAMPLE-04713,합성 예시 데이터,2025,2025-08-27,8,수요일,5,고학년,점심시간,12:51,운동장,구기·라켓스포츠,넘어짐
SAMPLE-04714,합성 예시 데이터,2024,2024-11-04,11,월요일,2,저학년,5교시,13:06,강당·체육관,기타 체육,부딪힘·충돌
SAMPLE-04715,합성 예시 데이터,2025,2025-07-04,7,금요일,5,고학년,쉬는시간,12:51,계단·복도,놀이·휴식,부딪힘·충돌
SAMPLE-04716,합성 예시 데이터,2021,2021-08-12,8,목요일,2,저학년,점심시간,12:13,계단·복도,이동·보행,넘어짐
SAMPLE-04717,합성 예시 데이터,2024,2024-10-24,10,목요일,3,고학년,쉬는시간,11:34,계단·복도,놀이·휴식,넘어짐
SAMPLE-04718,합성 예시 데이터,2024,2024-05-16,5,목요일,5,고학년,4교시,11:47,교실·학습공간,수업·실습,넘어짐
SAMPLE-04719,합성 예시 데이터,2023,2023-03-16,3,목요일,2,저학년,방과후,16:25,강당·체육관,기타 체육,넘어짐
SAMPLE-04720,합성 예시 데이터,2022,2022-06-16,6,목요일,4,고학년,1교시,09:16,교실·학습공간,수업·실습,부딪힘·충돌
SAMPLE-04721,합성 예시 데이터,2021,2021-11-02,11,화요일,1,저학년,쉬는시간,14:14,화장실·위생공간,이동·보행,미끄러짐
SAMPLE-04722,합성 예시 데이터,2023,2023-11-20,11,월요일,2,저학년,5교시,13:29,운동장,구기·라켓스포츠,물체에 맞음
SAMPLE-04723,합성 예시 데이터,2025,2025-12-17,12,수요일,5,고학년,1교시,09:26,교실·학습공간,이동·보행,넘어짐
SAMPLE-04724,합성 예시 데이터,2025,2025-11-24,11,월요일,6,고학년,5교시,13:36,교실·학습공간,수업·실습,기타
SAMPLE-04725,합성 예시 데이터,2022,2022-06-01,6,수요일,4,고학년,2교시,10:03,교실·학습공간,수업·실습,넘어짐
SAMPLE-04726,합성 예시 데이터,2022,2022-07-25,7,월요일,4,고학년,점심시간,12:30,급식·위생공간,이동·보행,넘어짐
SAMPLE-04727,합성 예시 데이터,2023,2023-09-21,9,목요일,4,고학년,하교,16:50,운동장,구기·라켓스포츠,물체에 맞음
SAMPLE-04728,합성 예시 데이터,2023,2023-05-17,5,수요일,6,고학년,5교시,13:16,강당·체육관,기타 체육,넘어짐
SAMPLE-04729,합성 예시 데이터,2022,2022-03-09,3,수요일,3,고학년,3교시,11:03,교실·학습공간,수업·실습,부딪힘·충돌
SAMPLE-04730,합성 예시 데이터,2025,2025-05-13,5,화요일,1,저학년,하교,14:49,교문·외부동선,이동·보행,넘어짐
SAMPLE-04731,합성 예시 데이터,2024,2024-11-05,11,화요일,5,고학년,쉬는시간,10:34,운동장,이동·보행,넘어짐
SAMPLE-04732,합성 예시 데이터,2021,2021-05-07,5,금요일,4,고학년,3교시,11:28,교실·학습공간,수업·실습,넘어짐
SAMPLE-04733,합성 예시 데이터,2022,2022-06-06,6,월요일,3,고학년,3교시,10:48,계단·복도,이동·보행,부딪힘·충돌
SAMPLE-04734,합성 예시 데이터,2022,2022-06-09,6,목요일,5,고학년,쉬는시간,11:51,계단·복도,놀이·휴식,부딪힘·충돌
SAMPLE-04735,합성 예시 데이터,2023,2023-03-23,3,목요일,1,저학년,6교시,14:17,운동장,구기·라켓스포츠,넘어짐
SAMPLE-04736,합성 예시 데이터,2025,2025-07-15,7,화요일,6,고학년,4교시,11:55,교실·학습공간,이동·보행,미끄러짐
SAMPLE-04737,합성 예시 데이터,2022,2022-05-24,5,화요일,6,고학년,6교시,14:18,운동장,구기·라켓스포츠,부딪힘·충돌
SAMPLE-04738,합성 예시 데이터,2023,2023-06-09,6,금요일,4,고학년,쉬는시간,12:54,계단·복도,이동·보행,넘어짐
SAMPLE-04739,합성 예시 데이터,2021,2021-05-18,5,화요일,3,고학년,6교시,14:15,계단·복도,기타,넘어짐
SAMPLE-04740,합성 예시 데이터,2025,2025-06-10,6,화요일,6,고학년,쉬는시간,13:33,운동장,기타 체육,부딪힘·충돌
SAMPLE-04741,합성 예시 데이터,2025,2025-05-01,5,목요일,3,고학년,하교,15:20,교문·외부동선,교통·탑승,기타
SAMPLE-04742,합성 예시 데이터,2024,2024-09-30,9,월요일,2,저학년,하교,16:42,계단·복도,이동·보행,부딪힘·충돌
SAMPLE-04743,합성 예시 데이터,2023,2023-09-04,9,월요일,6,고학년,2교시,10:20,교실·학습공간,수업·실습,부딪힘·충돌
SAMPLE-04744,합성 예시 데이터,2023,2023-04-28,4,금요일,5,고학년,점심시간,12:24,급식·위생공간,이동·보행,넘어짐
SAMPLE-04745,합성 예시 데이터,2024,2024-07-30,7,화요일,5,고학년,쉬는시간,12:43,교실·학습공간,놀이·휴식,미끄러짐
SAMPLE-04746,합성 예시 데이터,2025,2025-06-16,6,월요일,2,저학년,방과후,15:43,강당·체육관,기타 체육,추락
SAMPLE-04747,합성 예시 데이터,2022,2022-10-14,10,금요일,4,고학년,하교,15:17,교문·외부동선,교통·탑승,넘어짐
SAMPLE-04748,합성 예시 데이터,2022,2022-08-16,8,화요일,5,고학년,3교시,11:01,교실·학습공간,수업·실습,물체에 맞음
SAMPLE-04749,합성 예시 데이터,2024,2024-10-14,10,월요일,2,저학년,쉬는시간,11:45,운동장,기타 체육,넘어짐
SAMPLE-04750,합성 예시 데이터,2024,2024-09-05,9,목요일,1,저학년,4교시,12:06,교실·학습공간,수업·실습,물체에 맞음
SAMPLE-04751,합성 예시 데이터,2023,2023-10-06,10,금요일,4,고학년,6교시,14:06,교실·학습공간,놀이·휴식,넘어짐
SAMPLE-04752,합성 예시 데이터,2023,2023-08-16,8,수요일,1,저학년,방과후,17:09,강당·체육관,기타 체육,넘어짐
SAMPLE-04753,합성 예시 데이터,2023,2023-08-04,8,금요일,4,고학년,4교시,11:38,운동장,구기·라켓스포츠,물체에 맞음
SAMPLE-04754,합성 예시 데이터,2023,2023-03-03,3,금요일,4,고학년,쉬는시간,11:07,계단·복도,놀이·휴식,넘어짐
SAMPLE-04755,합성 예시 데이터,2025,2025-10-23,10,목요일,2,저학년,점심시간,12:31,급식·위생공간,식사·위생,미끄러짐
SAMPLE-04756,합성 예시 데이터,2022,2022-09-21,9,수요일,5,고학년,4교시,12:03,강당·체육관,구기·라켓스포츠,부딪힘·충돌
SAMPLE-04757,합성 예시 데이터,2021,2021-03-19,3,금요일,6,고학년,쉬는시간,12:56,계단·복도,이동·보행,넘어짐
SAMPLE-04758,합성 예시 데이터,2021,2021-12-16,12,목요일,5,고학년,2교시,09:55,운동장,구기·라켓스포츠,넘어짐
SAMPLE-04759,합성 예시 데이터,2024,2024-07-12,7,금요일,5,고학년,점심시간,12:30,급식·위생공간,이동·보행,미끄러짐
SAMPLE-04760,합성 예시 데이터,2021,2021-06-25,6,금요일,3,고학년,쉬는시간,11:55,화장실·위생공간,식사·위생,넘어짐
SAMPLE-04761,합성 예시 데이터,2022,2022-08-12,8,금요일,4,고학년,1교시,09:35,교실·학습공간,놀이·휴식,미끄러짐
SAMPLE-04762,합성 예시 데이터,2024,2024-09-17,9,화요일,5,고학년,점심시간,12:43,급식·위생공간,이동·보행,부딪힘·충돌
SAMPLE-04763,합성 예시 데이터,2022,2022-10-26,10,수요일,4,고학년,점심시간,12:36,운동장,이동·보행,부딪힘·충돌
SAMPLE-04764,합성 예시 데이터,2023,2023-05-24,5,수요일,2,저학년,쉬는시간,10:32,계단·복도,놀이·휴식,넘어짐
SAMPLE-04765,합성 예시 데이터,2022,2022-04-21,4,목요일,2,저학년,6교시,14:04,교실·학습공간,놀이·휴식,부딪힘·충돌
SAMPLE-04766,합성 예시 데이터,2024,2024-09-05,9,목요일,5,고학년,방과후,16:04,운동장,놀이·휴식,기타
SAMPLE-04767,합성 예시 데이터,2022,2022-03-29,3,화요일,3,고학년,방과후,14:33,강당·체육관,기타 체육,넘어짐
SAMPLE-04768,합성 예시 데이터,2025,2025-07-14,7,월요일,2,저학년,3교시,10:51,강당·체육관,구기·라켓스포츠,기타
SAMPLE-04769,합성 예시 데이터,2023,2023-10-05,10,목요일,4,고학년,3교시,11:26,교실·학습공간,놀이·휴식,부딪힘·충돌
SAMPLE-04770,합성 예시 데이터,2022,2022-07-12,7,화요일,1,저학년,5교시,13:41,강당·체육관,이동·보행,부딪힘·충돌
SAMPLE-04771,합성 예시 데이터,2024,2024-08-27,8,화요일,1,저학년,4교시,11:57,강당·체육관,이동·보행,부딪힘·충돌
SAMPLE-04772,합성 예시 데이터,2025,2025-10-01,10,수요일,2,저학년,방과후,14:32,교실·학습공간,수업·실습,물체에 맞음
SAMPLE-04773,합성 예시 데이터,2024,2024-03-05,3,화요일,5,고학년,점심시간,12:32,급식·위생공간,식사·위생,미끄러짐
SAMPLE-04774,합성 예시 데이터,2021,2021-11-17,11,수요일,5,고학년,2교시,10:24,교실·학습공간,놀이·휴식,넘어짐
SAMPLE-04775,합성 예시 데이터,2025,2025-10-28,10,화요일,5,고학년,방과후,15:53,운동장,구기·라켓스포츠,물체에 맞음
SAMPLE-04776,합성 예시 데이터,2022,2022-11-09,11,수요일,3,고학년,쉬는시간,09:51,계단·복도,놀이·휴식,넘어짐
SAMPLE-04777,합성 예시 데이터,2022,2022-04-19,4,화요일,5,고학년,1교시,09:11,교실·학습공간,이동·보행,추락
SAMPLE-04778,합성 예시 데이터,2024,2024-04-16,4,화요일,5,고학년,5교시,13:37,강당·체육관,이동·보행,미끄러짐
SAMPLE-04779,합성 예시 데이터,2022,2022-06-22,6,수요일,5,고학년,5교시,13:12,강당·체육관,기타 체육,넘어짐
SAMPLE-04780,합성 예시 데이터,2022,2022-11-29,11,화요일,5,고학년,3교시,10:55,운동장,기타 체육,추락
SAMPLE-04781,합성 예시 데이터,2022,2022-09-15,9,목요일,6,고학년,방과후,15:07,교실·학습공간,수업·실습,물체에 맞음
SAMPLE-04782,합성 예시 데이터,2025,2025-03-14,3,금요일,6,고학년,점심시간,12:56,운동장,기타 체육,넘어짐
SAMPLE-04783,합성 예시 데이터,2022,2022-09-23,9,금요일,1,저학년,2교시,10:39,교실·학습공간,놀이·휴식,넘어짐
SAMPLE-04784,합성 예시 데이터,2024,2024-10-24,10,목요일,2,저학년,1교시,09:39,교실·학습공간,수업·실습,부딪힘·충돌
SAMPLE-04785,합성 예시 데이터,2024,2024-08-29,8,목요일,6,고학년,방과후,14:36,교실·학습공간,수업·실습,기타
SAMPLE-04786,합성 예시 데이터,2024,2024-07-17,7,수요일,3,고학년,2교시,10:18,교실·학습공간,이동·보행,넘어짐
SAMPLE-04787,합성 예시 데이터,2023,2023-05-22,5,월요일,5,고학년,점심시간,12:49,계단·복도,기타,넘어짐
SAMPLE-04788,합성 예시 데이터,2024,2024-12-16,12,월요일,6,고학년,등교 전,08:27,운동장,놀이·휴식,넘어짐
SAMPLE-04789,합성 예시 데이터,2024,2024-03-07,3,목요일,3,고학년,쉬는시간,14:07,교실·학습공간,수업·실습,부딪힘·충돌
SAMPLE-04790,합성 예시 데이터,2021,2021-12-17,12,금요일,4,고학년,5교시,13:10,운동장,놀이·휴식,넘어짐
SAMPLE-04791,합성 예시 데이터,2024,2024-08-13,8,화요일,6,고학년,쉬는시간,10:47,계단·복도,이동·보행,부딪힘·충돌
SAMPLE-04792,합성 예시 데이터,2025,2025-07-01,7,화요일,2,저학년,점심시간,12:23,교실·학습공간,이동·보행,미끄러짐
SAMPLE-04793,합성 예시 데이터,2021,2021-12-15,12,수요일,6,고학년,등교 전,08:43,운동장,구기·라켓스포츠,물체에 맞음
SAMPLE-04794,합성 예시 데이터,2025,2025-09-23,9,화요일,6,고학년,4교시,11:40,운동장,놀이·휴식,넘어짐
SAMPLE-04795,합성 예시 데이터,2025,2025-03-13,3,목요일,1,저학년,등교 전,08:20,운동장,구기·라켓스포츠,부딪힘·충돌
SAMPLE-04796,합성 예시 데이터,2022,2022-04-20,4,수요일,5,고학년,5교시,13:37,강당·체육관,기타 체육,추락
SAMPLE-04797,합성 예시 데이터,2021,2021-11-01,11,월요일,1,저학년,방과후,15:38,교실·학습공간,수업·실습,물체에 맞음
SAMPLE-04798,합성 예시 데이터,2024,2024-05-24,5,금요일,6,고학년,점심시간,12:14,교실·학습공간,놀이·휴식,넘어짐
SAMPLE-04799,합성 예시 데이터,2022,2022-04-14,4,목요일,4,고학년,5교시,13:36,강당·체육관,구기·라켓스포츠,부딪힘·충돌
SAMPLE-04800,합성 예시 데이터,2021,2021-09-27,9,월요일,3,고학년,쉬는시간,12:04,운동장,놀이·휴식,넘어짐
SAMPLE-04801,합성 예시 데이터,2025,2025-03-17,3,월요일,5,고학년,3교시,10:59,계단·복도,이동·보행,넘어짐
SAMPLE-04802,합성 예시 데이터,2023,2023-09-21,9,목요일,3,고학년,방과후,16:57,계단·복도,놀이·휴식,기타
SAMPLE-04803,합성 예시 데이터,2024,2024-07-08,7,월요일,5,고학년,하교,15:17,운동장,이동·보행,부딪힘·충돌
SAMPLE-04804,합성 예시 데이터,2024,2024-03-26,3,화요일,2,저학년,방과후,15:21,교실·학습공간,이동·보행,부딪힘·충돌
SAMPLE-04805,합성 예시 데이터,2025,2025-10-29,10,수요일,4,고학년,쉬는시간,11:40,화장실·위생공간,이동·보행,넘어짐
SAMPLE-04806,합성 예시 데이터,2024,2024-10-23,10,수요일,4,고학년,3교시,10:55,교실·학습공간,수업·실습,물체에 맞음
SAMPLE-04807,합성 예시 데이터,2022,2022-09-20,9,화요일,5,고학년,쉬는시간,12:27,교실·학습공간,놀이·휴식,넘어짐
SAMPLE-04808,합성 예시 데이터,2025,2025-05-23,5,금요일,3,고학년,3교시,11:05,교실·학습공간,수업·실습,부딪힘·충돌
SAMPLE-04809,합성 예시 데이터,2023,2023-04-18,4,화요일,4,고학년,쉬는시간,11:39,교실·학습공간,수업·실습,넘어짐
SAMPLE-04810,합성 예시 데이터,2022,2022-11-14,11,월요일,3,고학년,쉬는시간,10:55,교실·학습공간,놀이·휴식,미끄러짐
SAMPLE-04811,합성 예시 데이터,2023,2023-07-24,7,월요일,4,고학년,방과후,15:54,운동장,기타 체육,넘어짐
SAMPLE-04812,합성 예시 데이터,2023,2023-05-23,5,화요일,3,고학년,점심시간,12:12,급식·위생공간,식사·위생,미끄러짐
SAMPLE-04813,합성 예시 데이터,2022,2022-04-07,4,목요일,2,저학년,쉬는시간,12:09,계단·복도,기타,부딪힘·충돌
SAMPLE-04814,합성 예시 데이터,2025,2025-04-03,4,목요일,5,고학년,쉬는시간,11:16,계단·복도,이동·보행,넘어짐
SAMPLE-04815,합성 예시 데이터,2021,2021-10-07,10,목요일,3,고학년,점심시간,12:31,계단·복도,이동·보행,부딪힘·충돌
SAMPLE-04816,합성 예시 데이터,2024,2024-11-29,11,금요일,1,저학년,쉬는시간,12:59,화장실·위생공간,이동·보행,넘어짐
SAMPLE-04817,합성 예시 데이터,2022,2022-08-10,8,수요일,2,저학년,방과후,16:05,운동장,이동·보행,미끄러짐
SAMPLE-04818,합성 예시 데이터,2022,2022-10-27,10,목요일,2,저학년,쉬는시간,12:21,교실·학습공간,놀이·휴식,미끄러짐
SAMPLE-04819,합성 예시 데이터,2022,2022-12-13,12,화요일,4,고학년,쉬는시간,10:18,운동장,놀이·휴식,부딪힘·충돌
SAMPLE-04820,합성 예시 데이터,2023,2023-07-28,7,금요일,6,고학년,쉬는시간,12:51,운동장,기타 체육,기타
SAMPLE-04821,합성 예시 데이터,2021,2021-09-23,9,목요일,2,저학년,1교시,09:07,강당·체육관,기타 체육,부딪힘·충돌
SAMPLE-04822,합성 예시 데이터,2025,2025-04-25,4,금요일,6,고학년,6교시,13:54,강당·체육관,구기·라켓스포츠,넘어짐
SAMPLE-04823,합성 예시 데이터,2021,2021-07-12,7,월요일,6,고학년,점심시간,12:30,급식·위생공간,식사·위생,넘어짐
SAMPLE-04824,합성 예시 데이터,2024,2024-09-02,9,월요일,3,고학년,1교시,09:38,운동장,기타 체육,추락
SAMPLE-04825,합성 예시 데이터,2024,2024-11-08,11,금요일,3,고학년,3교시,11:20,교실·학습공간,수업·실습,넘어짐
SAMPLE-04826,합성 예시 데이터,2023,2023-04-20,4,목요일,5,고학년,점심시간,12:21,운동장,구기·라켓스포츠,넘어짐
SAMPLE-04827,합성 예시 데이터,2023,2023-08-16,8,수요일,2,저학년,쉬는시간,10:01,운동장,놀이·휴식,미끄러짐
SAMPLE-04828,합성 예시 데이터,2025,2025-06-05,6,목요일,5,고학년,4교시,11:30,강당·체육관,구기·라켓스포츠,물체에 맞음
SAMPLE-04829,합성 예시 데이터,2025,2025-09-22,9,월요일,2,저학년,쉬는시간,14:12,계단·복도,이동·보행,넘어짐
SAMPLE-04830,합성 예시 데이터,2024,2024-04-23,4,화요일,1,저학년,점심시간,12:57,교실·학습공간,놀이·휴식,미끄러짐
SAMPLE-04831,합성 예시 데이터,2024,2024-03-11,3,월요일,4,고학년,방과후,15:59,강당·체육관,구기·라켓스포츠,부딪힘·충돌
SAMPLE-04832,합성 예시 데이터,2025,2025-06-02,6,월요일,3,고학년,5교시,13:26,계단·복도,이동·보행,넘어짐
SAMPLE-04833,합성 예시 데이터,2025,2025-06-03,6,화요일,1,저학년,쉬는시간,13:38,교실·학습공간,수업·실습,넘어짐
SAMPLE-04834,합성 예시 데이터,2023,2023-07-05,7,수요일,6,고학년,6교시,14:26,운동장,구기·라켓스포츠,넘어짐
SAMPLE-04835,합성 예시 데이터,2023,2023-12-04,12,월요일,2,저학년,3교시,10:57,운동장,구기·라켓스포츠,물체에 맞음
SAMPLE-04836,합성 예시 데이터,2024,2024-10-14,10,월요일,4,고학년,쉬는시간,09:40,운동장,놀이·휴식,기타
SAMPLE-04837,합성 예시 데이터,2023,2023-04-26,4,수요일,2,저학년,방과후,16:39,강당·체육관,기타 체육,부딪힘·충돌
SAMPLE-04838,합성 예시 데이터,2023,2023-06-06,6,화요일,3,고학년,쉬는시간,10:52,교실·학습공간,놀이·휴식,부딪힘·충돌
SAMPLE-04839,합성 예시 데이터,2023,2023-07-04,7,화요일,3,고학년,점심시간,12:34,교실·학습공간,수업·실습,물체에 맞음
SAMPLE-04840,합성 예시 데이터,2024,2024-03-05,3,화요일,4,고학년,방과후,15:16,계단·복도,이동·보행,미끄러짐
SAMPLE-04841,합성 예시 데이터,2021,2021-04-21,4,수요일,4,고학년,3교시,11:00,운동장,기타 체육,부딪힘·충돌
SAMPLE-04842,합성 예시 데이터,2022,2022-11-08,11,화요일,5,고학년,쉬는시간,12:45,계단·복도,놀이·휴식,부딪힘·충돌
SAMPLE-04843,합성 예시 데이터,2024,2024-06-10,6,월요일,6,고학년,점심시간,12:47,계단·복도,놀이·휴식,부딪힘·충돌
SAMPLE-04844,합성 예시 데이터,2024,2024-07-05,7,금요일,3,고학년,쉬는시간,11:11,계단·복도,이동·보행,넘어짐
SAMPLE-04845,합성 예시 데이터,2025,2025-08-11,8,월요일,1,저학년,쉬는시간,11:41,운동장,놀이·휴식,미끄러짐
SAMPLE-04846,합성 예시 데이터,2025,2025-12-10,12,수요일,1,저학년,쉬는시간,12:55,계단·복도,이동·보행,넘어짐
SAMPLE-04847,합성 예시 데이터,2022,2022-07-07,7,목요일,2,저학년,하교,17:06,운동장,기타 체육,넘어짐
SAMPLE-04848,합성 예시 데이터,2025,2025-03-11,3,화요일,2,저학년,3교시,11:12,강당·체육관,구기·라켓스포츠,물체에 맞음
SAMPLE-04849,합성 예시 데이터,2022,2022-05-05,5,목요일,1,저학년,등교 전,08:47,교문·외부동선,교통·탑승,기타
SAMPLE-04850,합성 예시 데이터,2024,2024-12-09,12,월요일,1,저학년,쉬는시간,12:10,운동장,기타 체육,부딪힘·충돌
SAMPLE-04851,합성 예시 데이터,2022,2022-11-18,11,금요일,5,고학년,쉬는시간,10:25,교실·학습공간,놀이·휴식,부딪힘·충돌
SAMPLE-04852,합성 예시 데이터,2022,2022-03-10,3,목요일,6,고학년,쉬는시간,13:34,운동장,구기·라켓스포츠,부딪힘·충돌
SAMPLE-04853,합성 예시 데이터,2022,2022-04-04,4,월요일,2,저학년,하교,16:46,교문·외부동선,이동·보행,부딪힘·충돌
SAMPLE-04854,합성 예시 데이터,2021,2021-05-07,5,금요일,1,저학년,3교시,11:26,교실·학습공간,이동·보행,부딪힘·충돌
SAMPLE-04855,합성 예시 데이터,2024,2024-05-30,5,목요일,4,고학년,점심시간,12:47,급식·위생공간,식사·위생,넘어짐
SAMPLE-04856,합성 예시 데이터,2022,2022-10-31,10,월요일,5,고학년,3교시,11:25,교실·학습공간,수업·실습,물체에 맞음
SAMPLE-04857,합성 예시 데이터,2023,2023-08-02,8,수요일,1,저학년,쉬는시간,14:06,화장실·위생공간,이동·보행,미끄러짐
SAMPLE-04858,합성 예시 데이터,2023,2023-09-21,9,목요일,1,저학년,5교시,13:03,교실·학습공간,수업·실습,기타
SAMPLE-04859,합성 예시 데이터,2025,2025-05-29,5,목요일,3,고학년,등교 전,08:44,교실·학습공간,수업·실습,물체에 맞음
SAMPLE-04860,합성 예시 데이터,2024,2024-05-30,5,목요일,1,저학년,점심시간,12:16,급식·위생공간,식사·위생,넘어짐
SAMPLE-04861,합성 예시 데이터,2025,2025-06-04,6,수요일,5,고학년,쉬는시간,10:37,운동장,구기·라켓스포츠,물체에 맞음
SAMPLE-04862,합성 예시 데이터,2025,2025-07-28,7,월요일,1,저학년,쉬는시간,13:32,운동장,구기·라켓스포츠,물체에 맞음
SAMPLE-04863,합성 예시 데이터,2021,2021-07-14,7,수요일,2,저학년,방과후,15:09,계단·복도,이동·보행,부딪힘·충돌
SAMPLE-04864,합성 예시 데이터,2024,2024-09-06,9,금요일,3,고학년,5교시,13:23,교실·학습공간,놀이·휴식,넘어짐
SAMPLE-04865,합성 예시 데이터,2022,2022-08-17,8,수요일,2,저학년,하교,16:48,교문·외부동선,이동·보행,넘어짐
SAMPLE-04866,합성 예시 데이터,2021,2021-03-01,3,월요일,2,저학년,4교시,11:44,계단·복도,이동·보행,넘어짐
SAMPLE-04867,합성 예시 데이터,2021,2021-03-05,3,금요일,3,고학년,5교시,13:43,강당·체육관,기타 체육,추락
SAMPLE-04868,합성 예시 데이터,2023,2023-05-18,5,목요일,1,저학년,쉬는시간,14:18,교실·학습공간,이동·보행,추락
SAMPLE-04869,합성 예시 데이터,2024,2024-10-10,10,목요일,4,고학년,점심시간,12:16,교실·학습공간,수업·실습,넘어짐
SAMPLE-04870,합성 예시 데이터,2024,2024-12-06,12,금요일,5,고학년,점심시간,12:29,급식·위생공간,식사·위생,화상
SAMPLE-04871,합성 예시 데이터,2021,2021-09-06,9,월요일,2,저학년,3교시,10:50,교실·학습공간,이동·보행,미끄러짐
SAMPLE-04872,합성 예시 데이터,2021,2021-05-07,5,금요일,6,고학년,6교시,14:07,계단·복도,놀이·휴식,넘어짐
SAMPLE-04873,합성 예시 데이터,2024,2024-03-12,3,화요일,6,고학년,쉬는시간,10:14,교실·학습공간,수업·실습,물체에 맞음
SAMPLE-04874,합성 예시 데이터,2023,2023-08-03,8,목요일,5,고학년,쉬는시간,12:15,운동장,놀이·휴식,부딪힘·충돌
SAMPLE-04875,합성 예시 데이터,2021,2021-03-18,3,목요일,3,고학년,3교시,11:11,강당·체육관,구기·라켓스포츠,부딪힘·충돌
SAMPLE-04876,합성 예시 데이터,2023,2023-10-12,10,목요일,1,저학년,점심시간,12:51,급식·위생공간,놀이·휴식,미끄러짐
SAMPLE-04877,합성 예시 데이터,2025,2025-04-01,4,화요일,4,고학년,점심시간,12:32,교실·학습공간,놀이·휴식,미끄러짐
SAMPLE-04878,합성 예시 데이터,2024,2024-05-27,5,월요일,4,고학년,점심시간,12:49,교실·학습공간,수업·실습,넘어짐
SAMPLE-04879,합성 예시 데이터,2021,2021-04-21,4,수요일,4,고학년,쉬는시간,13:24,운동장,이동·보행,미끄러짐
SAMPLE-04880,합성 예시 데이터,2022,2022-07-14,7,목요일,4,고학년,방과후,14:54,강당·체육관,구기·라켓스포츠,부딪힘·충돌
SAMPLE-04881,합성 예시 데이터,2023,2023-04-17,4,월요일,2,저학년,5교시,13:48,교실·학습공간,놀이·휴식,미끄러짐
SAMPLE-04882,합성 예시 데이터,2024,2024-08-05,8,월요일,1,저학년,방과후,16:10,운동장,이동·보행,넘어짐
SAMPLE-04883,합성 예시 데이터,2021,2021-10-27,10,수요일,3,고학년,3교시,10:53,운동장,구기·라켓스포츠,부딪힘·충돌
SAMPLE-04884,합성 예시 데이터,2023,2023-05-10,5,수요일,1,저학년,1교시,09:46,교실·학습공간,놀이·휴식,넘어짐
SAMPLE-04885,합성 예시 데이터,2025,2025-07-24,7,목요일,6,고학년,하교,14:52,교문·외부동선,교통·탑승,넘어짐
SAMPLE-04886,합성 예시 데이터,2022,2022-04-25,4,월요일,3,고학년,쉬는시간,12:51,교실·학습공간,놀이·휴식,기타
SAMPLE-04887,합성 예시 데이터,2022,2022-06-14,6,화요일,6,고학년,점심시간,12:43,교실·학습공간,수업·실습,넘어짐
SAMPLE-04888,합성 예시 데이터,2022,2022-10-20,10,목요일,1,저학년,쉬는시간,13:37,교실·학습공간,놀이·휴식,넘어짐
SAMPLE-04889,합성 예시 데이터,2022,2022-10-03,10,월요일,3,고학년,쉬는시간,10:08,계단·복도,이동·보행,넘어짐
SAMPLE-04890,합성 예시 데이터,2024,2024-04-23,4,화요일,1,저학년,쉬는시간,13:53,교실·학습공간,놀이·휴식,미끄러짐
SAMPLE-04891,합성 예시 데이터,2021,2021-09-02,9,목요일,3,고학년,점심시간,12:43,급식·위생공간,식사·위생,화상
SAMPLE-04892,합성 예시 데이터,2021,2021-11-22,11,월요일,5,고학년,1교시,09:22,교실·학습공간,놀이·휴식,부딪힘·충돌
SAMPLE-04893,합성 예시 데이터,2021,2021-09-01,9,수요일,1,저학년,점심시간,12:10,교실·학습공간,수업·실습,넘어짐
SAMPLE-04894,합성 예시 데이터,2021,2021-11-11,11,목요일,6,고학년,쉬는시간,12:17,계단·복도,이동·보행,넘어짐
SAMPLE-04895,합성 예시 데이터,2025,2025-04-18,4,금요일,6,고학년,5교시,13:36,교실·학습공간,놀이·휴식,넘어짐
SAMPLE-04896,합성 예시 데이터,2023,2023-03-06,3,월요일,6,고학년,쉬는시간,14:04,교실·학습공간,이동·보행,부딪힘·충돌
SAMPLE-04897,합성 예시 데이터,2023,2023-11-22,11,수요일,4,고학년,6교시,13:59,교실·학습공간,수업·실습,물체에 맞음
SAMPLE-04898,합성 예시 데이터,2021,2021-08-05,8,목요일,4,고학년,5교시,13:28,강당·체육관,구기·라켓스포츠,부딪힘·충돌
SAMPLE-04899,합성 예시 데이터,2025,2025-11-11,11,화요일,5,고학년,방과후,16:47,강당·체육관,구기·라켓스포츠,물체에 맞음
SAMPLE-04900,합성 예시 데이터,2022,2022-09-19,9,월요일,3,고학년,6교시,14:20,운동장,기타 체육,넘어짐
SAMPLE-04901,합성 예시 데이터,2024,2024-08-13,8,화요일,2,저학년,점심시간,12:35,교실·학습공간,수업·실습,넘어짐
SAMPLE-04902,합성 예시 데이터,2024,2024-06-18,6,화요일,6,고학년,방과후,16:19,운동장,구기·라켓스포츠,기타
SAMPLE-04903,합성 예시 데이터,2021,2021-09-13,9,월요일,5,고학년,1교시,09:40,강당·체육관,구기·라켓스포츠,부딪힘·충돌
SAMPLE-04904,합성 예시 데이터,2025,2025-05-01,5,목요일,6,고학년,3교시,10:49,교실·학습공간,이동·보행,넘어짐
SAMPLE-04905,합성 예시 데이터,2021,2021-11-25,11,목요일,2,저학년,점심시간,12:14,급식·위생공간,식사·위생,넘어짐
SAMPLE-04906,합성 예시 데이터,2023,2023-07-17,7,월요일,5,고학년,3교시,10:41,교실·학습공간,수업·실습,부딪힘·충돌
SAMPLE-04907,합성 예시 데이터,2025,2025-05-08,5,목요일,4,고학년,1교시,09:47,운동장,기타 체육,넘어짐
SAMPLE-04908,합성 예시 데이터,2024,2024-10-04,10,금요일,4,고학년,점심시간,12:40,급식·위생공간,식사·위생,화상
SAMPLE-04909,합성 예시 데이터,2025,2025-05-30,5,금요일,6,고학년,점심시간,12:22,계단·복도,이동·보행,넘어짐
SAMPLE-04910,합성 예시 데이터,2022,2022-12-15,12,목요일,2,저학년,방과후,17:09,강당·체육관,기타 체육,넘어짐
SAMPLE-04911,합성 예시 데이터,2024,2024-03-27,3,수요일,5,고학년,방과후,14:41,운동장,구기·라켓스포츠,부딪힘·충돌
SAMPLE-04912,합성 예시 데이터,2025,2025-11-26,11,수요일,3,고학년,쉬는시간,10:03,계단·복도,이동·보행,부딪힘·충돌
SAMPLE-04913,합성 예시 데이터,2022,2022-05-23,5,월요일,1,저학년,등교 전,08:56,계단·복도,놀이·휴식,부딪힘·충돌
SAMPLE-04914,합성 예시 데이터,2021,2021-09-13,9,월요일,1,저학년,쉬는시간,11:54,교실·학습공간,수업·실습,부딪힘·충돌
SAMPLE-04915,합성 예시 데이터,2021,2021-06-28,6,월요일,3,고학년,6교시,14:04,강당·체육관,기타 체육,부딪힘·충돌
SAMPLE-04916,합성 예시 데이터,2025,2025-07-02,7,수요일,2,저학년,쉬는시간,13:35,계단·복도,이동·보행,넘어짐
SAMPLE-04917,합성 예시 데이터,2025,2025-03-27,3,목요일,3,고학년,쉬는시간,10:54,교실·학습공간,수업·실습,물체에 맞음
SAMPLE-04918,합성 예시 데이터,2025,2025-03-04,3,화요일,2,저학년,점심시간,12:26,운동장,구기·라켓스포츠,부딪힘·충돌
SAMPLE-04919,합성 예시 데이터,2022,2022-10-04,10,화요일,3,고학년,3교시,10:42,강당·체육관,구기·라켓스포츠,넘어짐
SAMPLE-04920,합성 예시 데이터,2024,2024-09-20,9,금요일,4,고학년,6교시,14:04,교실·학습공간,수업·실습,부딪힘·충돌
SAMPLE-04921,합성 예시 데이터,2023,2023-08-28,8,월요일,2,저학년,2교시,10:14,계단·복도,이동·보행,부딪힘·충돌
SAMPLE-04922,합성 예시 데이터,2022,2022-08-08,8,월요일,5,고학년,쉬는시간,12:48,교실·학습공간,이동·보행,넘어짐
SAMPLE-04923,합성 예시 데이터,2025,2025-03-13,3,목요일,1,저학년,하교,14:19,계단·복도,이동·보행,미끄러짐
SAMPLE-04924,합성 예시 데이터,2025,2025-08-20,8,수요일,6,고학년,하교,15:33,교문·외부동선,교통·탑승,넘어짐
SAMPLE-04925,합성 예시 데이터,2022,2022-12-14,12,수요일,4,고학년,2교시,10:13,운동장,구기·라켓스포츠,부딪힘·충돌
SAMPLE-04926,합성 예시 데이터,2021,2021-04-26,4,월요일,5,고학년,점심시간,12:25,급식·위생공간,식사·위생,미끄러짐
SAMPLE-04927,합성 예시 데이터,2022,2022-11-14,11,월요일,3,고학년,등교 전,08:25,교실·학습공간,놀이·휴식,넘어짐
SAMPLE-04928,합성 예시 데이터,2022,2022-11-14,11,월요일,4,고학년,방과후,15:30,강당·체육관,기타 체육,추락
SAMPLE-04929,합성 예시 데이터,2022,2022-09-20,9,화요일,5,고학년,쉬는시간,13:53,운동장,놀이·휴식,미끄러짐
SAMPLE-04930,합성 예시 데이터,2023,2023-10-16,10,월요일,5,고학년,쉬는시간,09:41,운동장,기타 체육,기타
SAMPLE-04931,합성 예시 데이터,2024,2024-12-16,12,월요일,5,고학년,6교시,14:29,강당·체육관,이동·보행,넘어짐
SAMPLE-04932,합성 예시 데이터,2023,2023-04-03,4,월요일,4,고학년,쉬는시간,12:14,계단·복도,이동·보행,넘어짐
SAMPLE-04933,합성 예시 데이터,2023,2023-11-29,11,수요일,3,고학년,5교시,13:43,계단·복도,놀이·휴식,넘어짐
SAMPLE-04934,합성 예시 데이터,2021,2021-03-01,3,월요일,4,고학년,1교시,09:49,교실·학습공간,수업·실습,넘어짐
SAMPLE-04935,합성 예시 데이터,2021,2021-11-03,11,수요일,1,저학년,쉬는시간,12:00,계단·복도,이동·보행,미끄러짐
SAMPLE-04936,합성 예시 데이터,2021,2021-11-05,11,금요일,3,고학년,2교시,10:16,계단·복도,기타,기타
SAMPLE-04937,합성 예시 데이터,2025,2025-07-28,7,월요일,1,저학년,하교,17:00,계단·복도,놀이·휴식,부딪힘·충돌
SAMPLE-04938,합성 예시 데이터,2021,2021-10-11,10,월요일,1,저학년,2교시,09:56,강당·체육관,구기·라켓스포츠,물체에 맞음
SAMPLE-04939,합성 예시 데이터,2025,2025-03-31,3,월요일,5,고학년,등교 전,07:33,교문·외부동선,이동·보행,부딪힘·충돌
SAMPLE-04940,합성 예시 데이터,2025,2025-12-15,12,월요일,5,고학년,1교시,09:00,교실·학습공간,수업·실습,넘어짐
SAMPLE-04941,합성 예시 데이터,2023,2023-03-14,3,화요일,5,고학년,점심시간,12:47,급식·위생공간,식사·위생,기타
SAMPLE-04942,합성 예시 데이터,2021,2021-10-12,10,화요일,4,고학년,6교시,14:07,교실·학습공간,놀이·휴식,부딪힘·충돌
SAMPLE-04943,합성 예시 데이터,2022,2022-10-11,10,화요일,6,고학년,쉬는시간,11:19,계단·복도,이동·보행,넘어짐
SAMPLE-04944,합성 예시 데이터,2025,2025-04-15,4,화요일,3,고학년,쉬는시간,10:03,계단·복도,이동·보행,부딪힘·충돌
SAMPLE-04945,합성 예시 데이터,2022,2022-04-19,4,화요일,5,고학년,쉬는시간,11:27,화장실·위생공간,이동·보행,넘어짐
SAMPLE-04946,합성 예시 데이터,2021,2021-06-23,6,수요일,2,저학년,쉬는시간,10:41,교실·학습공간,이동·보행,넘어짐
SAMPLE-04947,합성 예시 데이터,2025,2025-03-06,3,목요일,1,저학년,점심시간,12:40,교실·학습공간,놀이·휴식,미끄러짐
SAMPLE-04948,합성 예시 데이터,2022,2022-03-11,3,금요일,5,고학년,6교시,13:58,강당·체육관,구기·라켓스포츠,물체에 맞음
SAMPLE-04949,합성 예시 데이터,2023,2023-07-27,7,목요일,4,고학년,4교시,11:50,강당·체육관,구기·라켓스포츠,부딪힘·충돌
SAMPLE-04950,합성 예시 데이터,2023,2023-08-10,8,목요일,2,저학년,쉬는시간,12:54,교실·학습공간,놀이·휴식,부딪힘·충돌
SAMPLE-04951,합성 예시 데이터,2022,2022-11-02,11,수요일,5,고학년,5교시,13:45,강당·체육관,기타 체육,넘어짐
SAMPLE-04952,합성 예시 데이터,2023,2023-11-20,11,월요일,1,저학년,쉬는시간,11:45,운동장,구기·라켓스포츠,부딪힘·충돌
SAMPLE-04953,합성 예시 데이터,2022,2022-07-05,7,화요일,6,고학년,방과후,14:37,운동장,구기·라켓스포츠,부딪힘·충돌
SAMPLE-04954,합성 예시 데이터,2025,2025-05-21,5,수요일,5,고학년,6교시,14:13,운동장,구기·라켓스포츠,부딪힘·충돌
SAMPLE-04955,합성 예시 데이터,2022,2022-09-02,9,금요일,1,저학년,방과후,17:00,강당·체육관,기타 체육,부딪힘·충돌
SAMPLE-04956,합성 예시 데이터,2021,2021-03-10,3,수요일,5,고학년,하교,14:06,계단·복도,이동·보행,미끄러짐
SAMPLE-04957,합성 예시 데이터,2023,2023-06-07,6,수요일,3,고학년,쉬는시간,12:36,운동장,구기·라켓스포츠,기타
SAMPLE-04958,합성 예시 데이터,2025,2025-08-12,8,화요일,4,고학년,점심시간,12:23,교실·학습공간,이동·보행,넘어짐
SAMPLE-04959,합성 예시 데이터,2023,2023-10-23,10,월요일,2,저학년,점심시간,12:45,급식·위생공간,식사·위생,미끄러짐
SAMPLE-04960,합성 예시 데이터,2022,2022-07-27,7,수요일,5,고학년,하교,15:02,교실·학습공간,수업·실습,기타
SAMPLE-04961,합성 예시 데이터,2022,2022-10-19,10,수요일,4,고학년,점심시간,12:24,계단·복도,놀이·휴식,넘어짐
SAMPLE-04962,합성 예시 데이터,2024,2024-11-07,11,목요일,3,고학년,점심시간,12:40,급식·위생공간,식사·위생,미끄러짐
SAMPLE-04963,합성 예시 데이터,2023,2023-06-05,6,월요일,3,고학년,쉬는시간,13:50,교실·학습공간,수업·실습,넘어짐
SAMPLE-04964,합성 예시 데이터,2022,2022-10-10,10,월요일,6,고학년,4교시,11:53,교실·학습공간,이동·보행,넘어짐
SAMPLE-04965,합성 예시 데이터,2024,2024-06-14,6,금요일,5,고학년,쉬는시간,10:47,교실·학습공간,수업·실습,부딪힘·충돌
SAMPLE-04966,합성 예시 데이터,2025,2025-06-03,6,화요일,6,고학년,등교 전,08:16,운동장,기타 체육,추락
SAMPLE-04967,합성 예시 데이터,2025,2025-04-03,4,목요일,6,고학년,6교시,14:07,교실·학습공간,수업·실습,넘어짐
SAMPLE-04968,합성 예시 데이터,2024,2024-10-07,10,월요일,6,고학년,쉬는시간,09:50,운동장,이동·보행,추락
SAMPLE-04969,합성 예시 데이터,2023,2023-10-16,10,월요일,6,고학년,쉬는시간,12:59,교실·학습공간,놀이·휴식,넘어짐
SAMPLE-04970,합성 예시 데이터,2022,2022-07-27,7,수요일,3,고학년,하교,16:17,교문·외부동선,교통·탑승,넘어짐
SAMPLE-04971,합성 예시 데이터,2025,2025-08-28,8,목요일,4,고학년,하교,16:03,계단·복도,놀이·휴식,미끄러짐
SAMPLE-04972,합성 예시 데이터,2024,2024-08-01,8,목요일,6,고학년,점심시간,12:29,운동장,구기·라켓스포츠,넘어짐
SAMPLE-04973,합성 예시 데이터,2025,2025-10-29,10,수요일,3,고학년,쉬는시간,10:17,교실·학습공간,수업·실습,부딪힘·충돌
SAMPLE-04974,합성 예시 데이터,2023,2023-09-18,9,월요일,6,고학년,방과후,15:00,강당·체육관,구기·라켓스포츠,부딪힘·충돌
SAMPLE-04975,합성 예시 데이터,2023,2023-08-18,8,금요일,3,고학년,방과후,16:09,강당·체육관,구기·라켓스포츠,물체에 맞음
SAMPLE-04976,합성 예시 데이터,2022,2022-06-21,6,화요일,6,고학년,하교,16:20,운동장,구기·라켓스포츠,물체에 맞음
SAMPLE-04977,합성 예시 데이터,2023,2023-03-03,3,금요일,5,고학년,쉬는시간,10:43,계단·복도,기타,넘어짐
SAMPLE-04978,합성 예시 데이터,2021,2021-06-11,6,금요일,5,고학년,1교시,09:49,계단·복도,이동·보행,부딪힘·충돌
SAMPLE-04979,합성 예시 데이터,2024,2024-12-20,12,금요일,2,저학년,5교시,13:43,운동장,기타 체육,넘어짐
SAMPLE-04980,합성 예시 데이터,2023,2023-08-23,8,수요일,1,저학년,4교시,11:59,운동장,기타 체육,추락
SAMPLE-04981,합성 예시 데이터,2024,2024-06-05,6,수요일,3,고학년,5교시,13:36,계단·복도,기타,기타
SAMPLE-04982,합성 예시 데이터,2021,2021-08-23,8,월요일,4,고학년,쉬는시간,11:34,화장실·위생공간,식사·위생,기타
SAMPLE-04983,합성 예시 데이터,2023,2023-07-25,7,화요일,5,고학년,4교시,11:49,교실·학습공간,수업·실습,넘어짐
SAMPLE-04984,합성 예시 데이터,2025,2025-09-09,9,화요일,4,고학년,하교,15:52,계단·복도,이동·보행,미끄러짐
SAMPLE-04985,합성 예시 데이터,2021,2021-11-11,11,목요일,6,고학년,1교시,09:20,교실·학습공간,수업·실습,물체에 맞음
SAMPLE-04986,합성 예시 데이터,2023,2023-09-14,9,목요일,6,고학년,점심시간,12:51,급식·위생공간,이동·보행,넘어짐
SAMPLE-04987,합성 예시 데이터,2024,2024-04-12,4,금요일,2,저학년,등교 전,07:45,교실·학습공간,놀이·휴식,넘어짐
SAMPLE-04988,합성 예시 데이터,2021,2021-12-20,12,월요일,6,고학년,방과후,15:32,운동장,이동·보행,넘어짐
SAMPLE-04989,합성 예시 데이터,2023,2023-12-20,12,수요일,4,고학년,3교시,11:29,운동장,구기·라켓스포츠,물체에 맞음
SAMPLE-04990,합성 예시 데이터,2021,2021-11-08,11,월요일,1,저학년,5교시,13:02,강당·체육관,이동·보행,넘어짐
SAMPLE-04991,합성 예시 데이터,2023,2023-03-10,3,금요일,6,고학년,하교,14:25,계단·복도,놀이·휴식,기타
SAMPLE-04992,합성 예시 데이터,2024,2024-11-18,11,월요일,6,고학년,점심시간,12:33,급식·위생공간,식사·위생,기타
SAMPLE-04993,합성 예시 데이터,2025,2025-07-11,7,금요일,2,저학년,2교시,10:08,교실·학습공간,수업·실습,부딪힘·충돌
SAMPLE-04994,합성 예시 데이터,2025,2025-04-29,4,화요일,3,고학년,쉬는시간,13:18,교실·학습공간,놀이·휴식,부딪힘·충돌
SAMPLE-04995,합성 예시 데이터,2025,2025-08-19,8,화요일,2,저학년,점심시간,12:56,계단·복도,이동·보행,미끄러짐
SAMPLE-04996,합성 예시 데이터,2021,2021-09-22,9,수요일,4,고학년,4교시,11:57,강당·체육관,구기·라켓스포츠,넘어짐
SAMPLE-04997,합성 예시 데이터,2023,2023-10-31,10,화요일,1,저학년,4교시,12:08,교실·학습공간,이동·보행,미끄러짐
SAMPLE-04998,합성 예시 데이터,2024,2024-12-02,12,월요일,6,고학년,5교시,13:40,계단·복도,이동·보행,미끄러짐
SAMPLE-04999,합성 예시 데이터,2023,2023-04-25,4,화요일,2,저학년,3교시,11:12,강당·체육관,구기·라켓스포츠,물체에 맞음
SAMPLE-05000,합성 예시 데이터,2025,2025-11-27,11,목요일,1,저학년,쉬는시간,10:58,화장실·위생공간,식사·위생,넘어짐
